date;station_id;prox_kumulativ_car;prox_kumulativ_truck;IDW_car;IDW_truck;lat;lon;icon_temp_2m;icon_wind_speed;icon_wind_direction;icon_precip_12h;icon_relative_humidity
2024-05-01;5456;15,3027;0,3072;1,6935;0,0323;49,802;9,944;24,2;3,3055555555555554;95,0;0,0;42,0
2024-05-01;9094;7,781;0,1386;0,4702;0,0137;49,796;9,902;24,6;3,222222222222222;97,0;0,0;39,0
2024-05-01;10645;11,4868;0,2273;0,986;0,0396;49,782;9,932;24,5;3,138888888888889;99,0;0,0;41,0
2024-05-01;13975;15,8899;0,3386;1,8056;0,0928;49,792;9,946;24,2;3,3055555555555554;95,0;0,0;42,0
2024-05-01;15449;14,0802;0,2821;1,3866;0,0513;49,784;9,934;24,5;3,138888888888889;99,0;0,0;41,0
2024-05-01;19623;14,1929;0,2905;0,9903;0,0339;49,798;9,928;24,3;3,5277777777777777;98,0;0,0;42,0
2024-05-01;25049;7,0257;0,1374;0,5328;0,0126;49,814;9,918;23,3;3,7222222222222223;98,0;0,0;44,0
2024-05-01;46505;10,1688;0,2169;0,9417;0,0506;49,808;9,968;24,1;3,222222222222222;95,0;0,0;41,0
2024-05-01;1;14,2535;0,2876;1,5973;0,0607;49,8047;9,95642;24,2;3,3055555555555554;95,0;0,0;42,0
2024-05-02;5456;23,4375;1,6168;2,5721;0,3034;49,802;9,944;24,2;3,0555555555555554;101,0;0,0;44,0
2024-05-02;9094;11,5695;0,642;0,6339;0,0435;49,796;9,902;24,5;2,8055555555555554;107,0;0,0;42,0
2024-05-02;10645;16,7927;0,9354;1,1782;0,0912;49,782;9,932;24,5;2,833333333333333;108,0;0,0;44,0
2024-05-02;13975;23,7664;1,4096;1,7383;0,2136;49,792;9,946;24,2;3,0555555555555554;101,0;0,0;44,0
2024-05-02;15449;20,4293;1,1009;1,623;0,118;49,784;9,934;24,5;2,833333333333333;108,0;0,0;44,0
2024-05-02;19623;20,7154;1,267;1,4037;0,1033;49,798;9,928;24,2;3,222222222222222;106,0;0,0;45,0
2024-05-02;25049;10,5255;0,6279;0,822;0,055;49,814;9,918;23,4;3,3055555555555554;104,0;0,0;47,0
2024-05-02;46505;15,7065;0,9876;1,2594;0,1337;49,808;9,968;24,1;2,972222222222222;104,0;0,0;43,0
2024-05-02;1;21,3995;1,4195;2,1963;0,1854;49,8047;9,95642;24,2;3,0555555555555554;101,0;0,0;44,0
2024-05-03;5456;27,7235;1,3239;3,2223;0,2312;49,802;9,944;13,3;4,027777777777778;256,0;0,5;71,0
2024-05-03;9094;13,837;0,5826;0,8573;0,0513;49,796;9,902;13,4;3,8055555555555554;252,0;0,1;68,0
2024-05-03;10645;18,8577;0,7444;1,3204;0,0654;49,782;9,932;13,3;4,083333333333333;248,0;0,1;70,0
2024-05-03;13975;26,8324;1,157;2,1104;0,1532;49,792;9,946;13,3;4,027777777777778;256,0;0,5;71,0
2024-05-03;15449;22,6864;0,8596;1,6767;0,0846;49,784;9,934;13,3;4,083333333333333;248,0;0,1;70,0
2024-05-03;19623;24,6497;1,1097;1,703;0,1132;49,798;9,928;13,1;4,111111111111112;257,0;0,3;72,0
2024-05-03;25049;12,635;0,5587;1,0858;0,0541;49,814;9,918;12,2;4,416666666666667;257,0;0,3;75,0
2024-05-03;46505;18,6227;0,8724;1,5094;0,1248;49,808;9,968;13,1;3,8055555555555554;256,0;0,4;69,0
2024-05-03;1;25,366;1,1969;2,5593;0,1518;49,8047;9,95642;13,3;4,027777777777778;256,0;0,5;71,0
2024-05-04;5456;24,3153;0,7156;2,7059;0,1011;49,802;9,944;16,5;2,5277777777777777;124,0;0,0;55,0
2024-05-04;9094;11,6154;0,3193;0,5793;0,0165;49,796;9,902;16,5;2,4444444444444446;125,0;0,0;51,0
2024-05-04;10645;16,5802;0,4727;1,1742;0,0502;49,782;9,932;16,2;2,2777777777777777;119,0;0,0;58,0
2024-05-04;13975;23,8626;0,6666;1,8422;0,0949;49,792;9,946;16,5;2,5277777777777777;124,0;0,0;55,0
2024-05-04;15449;20,0859;0,5571;1,6513;0,0706;49,784;9,934;16,2;2,2777777777777777;119,0;0,0;58,0
2024-05-04;19623;21,1333;0,6142;1,5102;0,0556;49,798;9,928;16,2;2,5833333333333335;126,0;0,0;54,0
2024-05-04;25049;10,6465;0,3024;0,8084;0,0211;49,814;9,918;15,3;2,2777777777777777;128,0;0,0;57,0
2024-05-04;46505;16,0294;0,5171;1,3072;0,0774;49,808;9,968;16,3;2,138888888888889;118,0;0,0;54,0
2024-05-04;1;21,3898;0,6981;1,7788;0,0929;49,8047;9,95642;16,5;2,5277777777777777;124,0;0,0;55,0
2024-05-05;5456;16,263;0,3146;1,7369;0,0444;49,802;9,944;16,5;3,333333333333333;231,0;4,1;75,0
2024-05-05;9094;8,0552;0,1278;0,4416;0,0127;49,796;9,902;16,6;3,4722222222222223;221,0;4,699999999999999;75,0
2024-05-05;10645;12,0363;0,2131;1,193;0,0364;49,782;9,932;16,2;3,8333333333333335;221,0;4,3;78,0
2024-05-05;13975;17,0044;0,3131;2,0213;0,0669;49,792;9,946;16,5;3,333333333333333;231,0;4,1;75,0
2024-05-05;15449;14,7448;0,2641;1,6777;0,0512;49,784;9,934;16,2;3,8333333333333335;221,0;4,3;78,0
2024-05-05;19623;14,9182;0,2775;1,1501;0,0312;49,798;9,928;16,2;3,416666666666667;232,0;4,7;79,0
2024-05-05;25049;7,2835;0,1284;0,515;0,0164;49,814;9,918;15,3;3,3055555555555554;241,0;5,5;81,0
2024-05-05;46505;10,5844;0,2388;1,2419;0,0901;49,808;9,968;16,3;3,75;226,0;3,4999999999999996;75,0
2024-05-05;1;14,5682;0,3156;1,4906;0,1081;49,8047;9,95642;16,5;3,333333333333333;231,0;4,1;75,0
2024-05-06;5456;23,2665;1,2672;2,5194;0,2283;49,802;9,944;16,9;2,25;225,0;3,7;79,0
2024-05-06;9094;11,3303;0,5705;0,624;0,0432;49,796;9,902;17,2;1,8333333333333333;229,0;3,5999999999999996;75,0
2024-05-06;10645;16,3521;0,7829;1,1152;0,0783;49,782;9,932;17,0;1,9166666666666667;231,0;3,3;79,0
2024-05-06;13975;23,5416;1,1415;1,8513;0,1834;49,792;9,946;16,9;2,25;225,0;3,7;79,0
2024-05-06;15449;19,8417;0,9036;1,5683;0,1013;49,784;9,934;17,0;1,9166666666666667;231,0;3,3;79,0
2024-05-06;19623;20,44;1,0838;1,3908;0,0981;49,798;9,928;16,9;2,055555555555556;227,0;3,8;81,0
2024-05-06;25049;10,3603;0,5485;0,8414;0,0626;49,814;9,918;16,1;2,1944444444444446;223,0;4,6;84,0
2024-05-06;46505;15,3716;0,8099;1,2594;0,1099;49,808;9,968;16,7;2,055555555555556;227,0;3,3;77,0
2024-05-06;1;20,9719;1,1094;2,0843;0,1342;49,8047;9,95642;16,9;2,25;225,0;3,7;79,0
2024-05-07;5456;23,3366;1,5372;2,575;0,3121;49,802;9,944;14,8;3,944444444444444;54,0;0,0;69,0
2024-05-07;9094;11,4143;0,644;0,6458;0,0559;49,796;9,902;15,3;3,333333333333333;51,0;0,0;65,0
2024-05-07;10645;16,146;0,8545;1,0457;0,0755;49,782;9,932;15,0;3,3888888888888884;47,0;0,0;70,0
2024-05-07;13975;23,0405;1,2995;1,8185;0,1769;49,792;9,946;14,8;3,944444444444444;54,0;0,0;69,0
2024-05-07;15449;19,602;0,9962;1,3608;0,0978;49,784;9,934;15,0;3,3888888888888884;47,0;0,0;70,0
2024-05-07;19623;20,5596;1,2016;1,3725;0,1048;49,798;9,928;15,0;3,75;56,0;0,0;69,0
2024-05-07;25049;10,4076;0,6242;0,8414;0,0668;49,814;9,918;14,0;3,861111111111111;53,0;0,0;75,0
2024-05-07;46505;15,3302;0,9541;1,1941;0,1264;49,808;9,968;14,8;3,7222222222222223;54,0;0,0;67,0
2024-05-07;1;21,1769;1,3513;2,2417;0,1806;49,8047;9,95642;14,8;3,944444444444444;54,0;0,0;69,0
2024-05-08;5456;24,2661;1,3805;2,7715;0,2543;49,802;9,944;14,4;2,75;33,0;0,0;66,0
2024-05-08;9094;11,8139;0,5998;0,6471;0,0456;49,796;9,902;14,7;2,5833333333333335;28,0;0,0;63,0
2024-05-08;10645;16,2787;0,7835;1,0602;0,0838;49,782;9,932;14,6;2,861111111111111;36,0;0,0;63,0
2024-05-08;13975;23,7376;1,2241;1,9267;0,1963;49,792;9,946;14,4;2,75;33,0;0,0;66,0
2024-05-08;15449;19,605;0,9046;1,4186;0,1085;49,784;9,934;14,6;2,861111111111111;36,0;0,0;63,0
2024-05-08;19623;21,2347;1,1205;1,5029;0,1093;49,798;9,928;14,2;2,5;29,0;0,0;70,0
2024-05-08;25049;10,7714;0,5791;0,8135;0,0558;49,814;9,918;13,1;2,5555555555555554;31,0;0,0;75,0
2024-05-08;46505;16,1628;0,8824;1,39;0,1248;49,808;9,968;14,3;2,972222222222222;45,0;0,0;64,0
2024-05-08;1;22,122;1,2404;2,2417;0,1518;49,8047;9,95642;14,4;2,75;33,0;0,0;66,0
2024-05-09;5456;16,0839;0,409;1,7167;0,0472;49,802;9,944;18,3;2,4444444444444446;71,0;0,0;39,0
2024-05-09;9094;8,0114;0,1822;0,4429;0,0134;49,796;9,902;18,7;2,25;58,0;0,0;35,0
2024-05-09;10645;12,0574;0,2934;1,2519;0,0387;49,782;9,932;18,6;2,4722222222222223;50,0;0,0;38,0
2024-05-09;13975;16,9233;0,4401;2,0644;0,0906;49,792;9,946;18,3;2,4444444444444446;71,0;0,0;39,0
2024-05-09;15449;14,7057;0,3606;1,7606;0,0501;49,784;9,934;18,6;2,4722222222222223;50,0;0,0;38,0
2024-05-09;19623;14,6131;0,3761;0,9885;0,0437;49,798;9,928;18,3;2,4166666666666665;73,0;0,0;40,0
2024-05-09;25049;7,2239;0,1708;0,5531;0,0123;49,814;9,918;17,5;2,4444444444444446;81,0;0,0;44,0
2024-05-09;46505;10,6887;0,2653;1,3698;0,0616;49,808;9,968;18,2;2,5;61,0;0,0;36,0
2024-05-09;1;14,9623;0,3561;1,6442;0,074;49,8047;9,95642;18,3;2,4444444444444446;71,0;0,0;39,0
2024-05-10;5456;28,0403;1,4609;3,0229;0,2456;49,802;9,944;20,6;2,111111111111111;45,0;0,0;39,0
2024-05-10;9094;14,0427;0,6418;0,7806;0,0391;49,796;9,902;21,2;2,0277777777777777;57,0;0,0;33,0
2024-05-10;10645;19,847;0,9303;1,2871;0,0765;49,782;9,932;21,3;1,777777777777778;47,0;0,0;35,0
2024-05-10;13975;28,0582;1,3402;2,1811;0,1639;49,792;9,946;20,6;2,111111111111111;45,0;0,0;39,0
2024-05-10;15449;24,0847;1,1289;1,81;0,1076;49,784;9,934;21,3;1,777777777777778;47,0;0,0;35,0
2024-05-10;19623;25,3699;1,2471;1,7381;0,0889;49,798;9,928;20,6;2,055555555555556;67,0;0,0;40,0
2024-05-10;25049;12,7781;0,6157;1,074;0,0567;49,814;9,918;19,8;2,138888888888889;79,0;0,0;43,0
2024-05-10;46505;18,5815;0,9509;1,5078;0,129;49,808;9,968;20,9;1,8611111111111112;36,0;0,0;33,0
2024-05-10;1;25,2254;1,3165;2,408;0,1559;49,8047;9,95642;20,6;2,111111111111111;45,0;0,0;39,0
2024-05-11;5456;24,6444;0,7366;2,9478;0,0983;49,802;9,944;21,6;2,1944444444444446;66,0;0,0;42,0
2024-05-11;9094;12,0987;0,3414;0,6365;0,0192;49,796;9,902;22,1;2,0;63,0;0,0;39,0
2024-05-11;10645;16,7585;0,4708;1,1792;0,0451;49,782;9,932;22,0;2,055555555555556;67,0;0,0;41,0
2024-05-11;13975;24,0196;0,6868;1,866;0,1057;49,792;9,946;21,6;2,1944444444444446;66,0;0,0;42,0
2024-05-11;15449;20,195;0,5486;1,6583;0,0584;49,784;9,934;22,0;2,055555555555556;67,0;0,0;41,0
2024-05-11;19623;21,8638;0,6681;1,4933;0,0675;49,798;9,928;21,6;2,111111111111111;65,0;0,0;44,0
2024-05-11;25049;11,0323;0,3183;0,8778;0,0245;49,814;9,918;20,5;2,111111111111111;65,0;0,0;48,0
2024-05-11;46505;16,091;0,4889;1,3279;0,0585;49,808;9,968;21,6;2,1944444444444446;66,0;0,0;40,0
2024-05-11;1;21,6986;0,6687;1,8847;0,0702;49,8047;9,95642;21,6;2,1944444444444446;66,0;0,0;42,0
2024-05-12;5456;19,8424;0,5137;2,2542;0,0751;49,802;9,944;23,7;1,6666666666666665;123,0;0,0;38,0
2024-05-12;9094;10,0341;0,2206;0,6623;0,016;49,796;9,902;23,7;1,9166666666666667;129,0;0,0;37,0
2024-05-12;10645;14,4666;0,3447;1,1441;0,0461;49,782;9,932;23,8;1,7222222222222223;126,0;0,0;37,0
2024-05-12;13975;20,3875;0,5084;2,2909;0,1079;49,792;9,946;23,7;1,6666666666666665;123,0;0,0;38,0
2024-05-12;15449;17,5751;0,4264;1,6089;0,06;49,784;9,934;23,8;1,7222222222222223;126,0;0,0;37,0
2024-05-12;19623;18,2441;0,4469;1,2762;0,0377;49,798;9,928;23,4;1,8055555555555556;124,0;0,0;40,0
2024-05-12;25049;9,0393;0,2078;0,7044;0,0161;49,814;9,918;22,2;2,055555555555556;104,0;0,0;46,0
2024-05-12;46505;13,1151;0,3085;1,5484;0,0695;49,808;9,968;23,5;1,9166666666666667;129,0;0,0;37,0
2024-05-12;1;18,3085;0,4341;1,8585;0,0834;49,8047;9,95642;23,7;1,6666666666666665;123,0;0,0;38,0
2024-05-13;5456;22,9849;1,5844;2,442;0,2861;49,802;9,944;24,3;3,0555555555555554;131,0;0,0;38,0
2024-05-13;9094;11,196;0,6756;0,5936;0,0502;49,796;9,902;24,5;2,972222222222222;140,0;0,0;37,0
2024-05-13;10645;16,0747;0,9569;1,1867;0,0847;49,782;9,932;24,4;3,194444444444444;141,0;0,0;40,0
2024-05-13;13975;22,9957;1,4345;1,6955;0,1985;49,792;9,946;24,3;3,0555555555555554;131,0;0,0;38,0
2024-05-13;15449;19,5644;1,1486;1,6689;0,1097;49,784;9,934;24,4;3,194444444444444;141,0;0,0;40,0
2024-05-13;19623;20,1368;1,3038;1,3835;0,1141;49,798;9,928;24,2;3,1111111111111107;138,0;0,0;39,0
2024-05-13;25049;10,219;0,6575;0,8051;0,0727;49,814;9,918;23,1;3,0277777777777777;136,0;0,0;43,0
2024-05-13;46505;15,2524;0,9401;1,226;0,1074;49,808;9,968;24,1;3,0555555555555554;131,0;0,0;38,0
2024-05-13;1;20,9872;1,3572;2,2084;0,1854;49,8047;9,95642;24,3;3,0555555555555554;131,0;0,0;38,0
2024-05-14;5456;22,3051;1,5606;2,4189;0,2254;49,802;9,944;24,7;3,7777777777777777;112,0;0,0;37,0
2024-05-14;9094;11,0954;0,6865;0,6728;0,0502;49,796;9,902;25,1;3,8055555555555554;113,0;0,0;33,0
2024-05-14;10645;15,9923;1,012;1,1102;0,1054;49,782;9,932;25,1;3,888888888888889;116,0;0,0;35,0
2024-05-14;13975;22,7183;1,4892;1,7063;0,1769;49,792;9,946;24,7;3,7777777777777777;112,0;0,0;37,0
2024-05-14;15449;19,5433;1,2176;1,5613;0,1482;49,784;9,934;25,1;3,888888888888889;116,0;0,0;35,0
2024-05-14;19623;19,8594;1,3375;1,4527;0,1141;49,798;9,928;24,8;4,111111111111112;113,0;0,0;36,0
2024-05-14;25049;10,0714;0,6617;0,8736;0,0727;49,814;9,918;23,6;4,222222222222222;112,0;0,0;40,0
2024-05-14;46505;14,6725;0,969;1,1234;0,1185;49,808;9,968;24,6;3,6666666666666665;112,0;0,0;35,0
2024-05-14;1;20,2221;1,351;2,0571;0,1639;49,8047;9,95642;24,7;3,7777777777777777;112,0;0,0;37,0
2024-05-15;5456;23,4858;1,5101;2,5345;0,2797;49,802;9,944;22,0;1,6666666666666665;163,0;0,0;46,0
2024-05-15;9094;11,6539;0,6604;0,6874;0,0561;49,796;9,902;22,2;1,5555555555555554;165,0;0,0;45,0
2024-05-15;10645;16,5718;0,9355;1,2005;0,0991;49,782;9,932;22,2;1,5;172,0;0,0;46,0
2024-05-15;13975;23,8346;1,3373;1,8401;0,1855;49,792;9,946;22,0;1,6666666666666665;163,0;0,0;46,0
2024-05-15;15449;20,0836;1,123;1,6883;0,1394;49,784;9,934;22,2;1,5;172,0;0,0;46,0
2024-05-15;19623;20,7554;1,262;1,3807;0,1273;49,798;9,928;22,0;1,777777777777778;164,0;0,0;46,0
2024-05-15;25049;10,6141;0,6372;0,8803;0,0812;49,814;9,918;21,1;1,8888888888888888;162,0;0,0;49,0
2024-05-15;46505;15,6061;0,9214;1,2578;0,1122;49,808;9,968;21,9;1,5833333333333333;162,0;0,0;45,0
2024-05-15;1;21,547;1,3063;2,2507;0,2109;49,8047;9,95642;22,0;1,6666666666666665;163,0;0,0;46,0
2024-05-16;5456;24,4802;1,4387;2,7513;0,2977;49,802;9,944;17,2;2,1944444444444446;129,0;1,6;70,0
2024-05-16;9094;11,777;0,5924;0,6392;0,0455;49,796;9,902;17,4;2,1944444444444446;129,0;2,7;69,0
2024-05-16;10645;17,0604;0,8495;1,1754;0,0857;49,782;9,932;17,4;2,1944444444444446;137,0;2,4;71,0
2024-05-16;13975;24,3668;1,2702;1,9079;0,2006;49,792;9,946;17,2;2,1944444444444446;129,0;1,6;70,0
2024-05-16;15449;20,8289;1,0275;1,653;0,1147;49,784;9,934;17,4;2,1944444444444446;137,0;2,4;71,0
2024-05-16;19623;21,0061;1,105;1,4809;0,1033;49,798;9,928;17,2;2,1944444444444446;129,0;2,4000000000000004;71,0
2024-05-16;25049;10,7875;0,5766;0,9116;0,0634;49,814;9,918;16,4;2,1944444444444446;129,0;2,5999999999999996;75,0
2024-05-16;46505;15,9981;0,911;1,3868;0,1375;49,808;9,968;16,9;2,138888888888889;131,0;1,4;69,0
2024-05-16;1;22,0213;1,295;2,1691;0,165;49,8047;9,95642;17,2;2,1944444444444446;129,0;1,6;70,0
2024-05-17;5456;29,5322;1,2839;3,2192;0,1865;49,802;9,944;15,2;2,638888888888889;169,0;2,7;84,0
2024-05-17;9094;14,871;0,5954;0,9128;0,041;49,796;9,902;14,8;3,2777777777777777;203,0;2,8;82,0
2024-05-17;10645;21,1405;0,8317;1,2939;0,0746;49,782;9,932;14,6;3,333333333333333;213,0;2,9;83,0
2024-05-17;13975;30,1278;1,2355;2,4873;0,1747;49,792;9,946;15,2;2,638888888888889;169,0;2,7;84,0
2024-05-17;15449;25,6642;0,999;1,7501;0,0966;49,784;9,934;14,6;3,333333333333333;213,0;2,9;83,0
2024-05-17;19623;26,3518;1,135;1,7528;0,0993;49,798;9,928;15,1;2,888888888888889;178,0;2,7;85,0
2024-05-17;25049;13,5031;0,5577;1,1053;0,0567;49,814;9,918;14,6;2,1666666666666665;158,0;3,1;85,0
2024-05-17;46505;19,6989;0,8129;1,5954;0,1106;49,808;9,968;14,6;3,138888888888889;187,0;2,8;84,0
2024-05-17;1;26,8707;1,1473;2,638;0,1406;49,8047;9,95642;15,2;2,638888888888889;169,0;2,7;84,0
2024-05-18;5456;25,2476;0,7121;2,7947;0,1069;49,802;9,944;15,8;3,083333333333333;241,0;0,0;72,0
2024-05-18;9094;12,0037;0,3142;0,6114;0,0195;49,796;9,902;16,1;3,0;240,0;0,0;70,0
2024-05-18;10645;16,6745;0,4467;0,9445;0,0386;49,782;9,932;16,1;3,0555555555555554;238,0;0,0;73,0
2024-05-18;13975;24,6574;0,6488;1,8422;0,0884;49,792;9,946;15,8;3,083333333333333;241,0;0,0;72,0
2024-05-18;15449;20,0398;0,5258;1,2452;0,049;49,784;9,934;16,1;3,0555555555555554;238,0;0,0;73,0
2024-05-18;19623;21,7373;0,5943;1,4717;0,0616;49,798;9,928;15,9;3,1666666666666665;246,0;0,0;73,0
2024-05-18;25049;11,0306;0,2985;0,8609;0,0262;49,814;9,918;14,8;3,4444444444444446;248,0;0,0;78,0
2024-05-18;46505;16,8002;0,5144;1,512;0,0916;49,808;9,968;15,7;2,9166666666666665;239,0;0,0;71,0
2024-05-18;1;22,4315;0,6907;1,8363;0,11;49,8047;9,95642;15,8;3,083333333333333;241,0;0,0;72,0
2024-05-19;5456;14,7365;0,3113;1,7022;0,0377;49,802;9,944;17,5;3,6944444444444446;232,0;0,4;69,0
2024-05-19;9094;7,2943;0,1292;0,466;0,0106;49,796;9,902;17,9;3,75;228,0;0,30000000000000004;68,0
2024-05-19;10645;9,9913;0,1791;0,7849;0,0304;49,782;9,932;17,7;4,027777777777778;228,0;0,30000000000000004;72,0
2024-05-19;13975;14,3422;0,2863;1,8379;0,0712;49,792;9,946;17,5;3,6944444444444446;232,0;0,4;69,0
2024-05-19;15449;11,9177;0,2126;1,0158;0,0393;49,784;9,934;17,7;4,027777777777778;228,0;0,30000000000000004;72,0
2024-05-19;19623;13,4609;0,2759;0,9972;0,0417;49,798;9,928;17,7;3,8333333333333335;231,0;0,2;71,0
2024-05-19;25049;6,5679;0,1294;0,4803;0,0112;49,814;9,918;16,8;4,111111111111112;229,0;0,1;74,0
2024-05-19;46505;9,646;0,2267;1,2024;0,0616;49,808;9,968;17,4;3,4722222222222223;231,0;0,4;65,0
2024-05-19;1;13,4811;0,2994;1,4432;0,074;49,8047;9,95642;17,5;3,6944444444444446;232,0;0,4;69,0
2024-05-20;5456;16,4137;0,3877;1,786;0,0405;49,802;9,944;20,5;1,2222222222222223;9,0;0,0;53,0
2024-05-20;9094;8,1005;0,1685;0,4878;0,0163;49,796;9,902;20,9;0,6111111111111112;9,0;0,0;47,0
2024-05-20;10645;12,0859;0,2818;1,2457;0,0539;49,782;9,932;20,8;0,1388888888888889;315,0;0,0;49,0
2024-05-20;13975;17,044;0,4218;2,0989;0,11;49,792;9,946;20,5;1,2222222222222223;9,0;0,0;53,0
2024-05-20;15449;14,7616;0,3425;1,7518;0,0759;49,784;9,934;20,8;0,1388888888888889;315,0;0,0;49,0
2024-05-20;19623;14,7373;0,3481;1,1134;0,0417;49,798;9,928;20,4;1,0;360,0;0,0;55,0
2024-05-20;25049;7,3379;0,1685;0,5801;0,015;49,814;9,918;19,3;1,1111111111111112;10,0;0,0;62,0
2024-05-20;46505;10,788;0,2978;1,2624;0,0822;49,808;9,968;20,3;1,3055555555555556;23,0;0,0;51,0
2024-05-20;1;15,0874;0,4155;1,5247;0,0986;49,8047;9,95642;20,5;1,2222222222222223;9,0;0,0;53,0
2024-05-21;5456;23,3867;1,5324;2,5605;0,2267;49,802;9,944;20,2;2,25;122,0;0,1;64,0
2024-05-21;9094;11,194;0,6573;0,5982;0,0502;49,796;9,902;20,4;2,1944444444444446;120,0;0,0;63,0
2024-05-21;10645;16,184;0,9672;1,1691;0,1004;49,782;9,932;20,1;2,055555555555556;129,0;0,0;67,0
2024-05-21;13975;23,2066;1,4134;1,8509;0,22;49,792;9,946;20,2;2,25;122,0;0,1;64,0
2024-05-21;15449;19,6967;1,1548;1,6442;0,1411;49,784;9,934;20,1;2,055555555555556;129,0;0,0;67,0
2024-05-21;19623;20,2276;1,2419;1,4;0,1141;49,798;9,928;20,1;2,1944444444444446;120,0;0,2;65,0
2024-05-21;25049;10,2914;0,6443;0,8068;0,0727;49,814;9,918;19,0;2,3333333333333335;115,0;0,1;70,0
2024-05-21;46505;15,4086;1,0169;1,2116;0,1217;49,808;9,968;20,0;2,1666666666666665;124,0;0,1;64,0
2024-05-21;1;21,0188;1,4471;2,0813;0,171;49,8047;9,95642;20,2;2,25;122,0;0,1;64,0
2024-05-22;5456;21,9465;1,4921;2,3582;0,2601;49,802;9,944;17,4;3,3611111111111107;258,0;0,0;67,0
2024-05-22;9094;10,72;0,6291;0,5823;0,052;49,796;9,902;18,3;2,9166666666666665;264,0;0,0;61,0
2024-05-22;10645;14,5745;0,8103;0,8771;0,0709;49,782;9,932;18,1;3,0277777777777777;264,0;0,0;64,0
2024-05-22;13975;21,2234;1,2411;1,7301;0,1661;49,792;9,946;17,4;3,3611111111111107;258,0;0,0;67,0
2024-05-22;15449;17,5773;0,9378;1,1874;0,0918;49,784;9,934;18,1;3,0277777777777777;264,0;0,0;64,0
2024-05-22;19623;19,298;1,2172;1,378;0,118;49,798;9,928;17,5;3,222222222222222;263,0;0,0;67,0
2024-05-22;25049;9,8161;0,6144;0,8093;0,0753;49,814;9,918;16,5;3,4444444444444446;260,0;0,0;71,0
2024-05-22;46505;14,8329;0,9277;1,2674;0,1074;49,808;9,968;17,4;3,4444444444444446;260,0;0,0;65,0
2024-05-22;1;20,3133;1,3167;2,1781;0,1886;49,8047;9,95642;17,4;3,3611111111111107;258,0;0,0;67,0
2024-05-23;5456;19,1104;1,2528;2,5114;0,2485;49,802;9,944;21,1;2,0277777777777777;261,0;0,0;47,0
2024-05-23;9094;10,3002;0,5892;0,6161;0,0426;49,796;9,902;21,5;1,7222222222222223;263,0;0,0;43,0
2024-05-23;10645;14,9706;0,8654;1,1453;0,0847;49,782;9,932;21,1;1,9444444444444444;258,0;0,0;47,0
2024-05-23;13975;20,5939;1,1938;1,7689;0,1985;49,792;9,946;21,1;2,0277777777777777;261,0;0,0;47,0
2024-05-23;15449;18,3398;1,0559;1,6107;0,1182;49,784;9,934;21,1;1,9444444444444444;258,0;0,0;47,0
2024-05-23;19623;17,6597;1,0737;1,3529;0,0968;49,798;9,928;21,3;2,0;264,0;0,0;47,0
2024-05-23;25049;9,264;0,5531;0,8626;0,0617;49,814;9,918;20,3;2,0;264,0;0,0;50,0
2024-05-23;46505;13,8466;0,862;1,2323;0,1311;49,808;9,968;20,7;1,9166666666666667;264,0;0,0;45,0
2024-05-23;1;18,9649;1,2132;2,0753;0,1574;49,8047;9,95642;21,1;2,0277777777777777;261,0;0,0;47,0
2024-05-24;5456;26,1898;1,3798;3,1992;0,2572;49,802;9,944;17,8;1,5555555555555554;230,0;5,8;72,0
2024-05-24;9094;12,6838;0,5903;0,7952;0,0468;49,796;9,902;18,0;1,5;228,0;5,1000000000000005;69,0
2024-05-24;10645;17,4449;0,7936;1,0963;0,0765;49,782;9,932;17,8;1,6388888888888888;227,0;5,6000000000000005;73,0
2024-05-24;13975;25,6478;1,1977;2,0303;0,179;49,792;9,946;17,8;1,5555555555555554;230,0;5,8;72,0
2024-05-24;15449;20,9772;0,9152;1,3922;0,099;49,784;9,934;17,8;1,6388888888888888;227,0;5,6000000000000005;73,0
2024-05-24;19623;22,5416;1,1182;1,5929;0,1013;49,798;9,928;17,6;1,5555555555555554;230,0;5,300000000000001;74,0
2024-05-24;25049;11,6555;0,5628;1,0156;0,0567;49,814;9,918;16,6;1,6944444444444442;230,0;5,2;79,0
2024-05-24;46505;17,4429;0,8833;1,5428;0,1406;49,808;9,968;17,8;1,5555555555555554;225,0;5,7;69,0
2024-05-24;1;23,6947;1,2522;2,2023;0,1688;49,8047;9,95642;17,8;1,5555555555555554;230,0;5,8;72,0
2024-05-25;5456;22,4124;0,8276;2,6615;0,1185;49,802;9,944;19,5;0,9444444444444444;198,0;0,0;60,0
2024-05-25;9094;10,6454;0,3689;0,5826;0,0201;49,796;9,902;19,8;1,3055555555555556;203,0;0,0;59,0
2024-05-25;10645;14,2079;0,4953;0,865;0,0433;49,782;9,932;19,5;1,4444444444444444;205,0;0,0;64,0
2024-05-25;13975;21,2693;0,7356;1,7905;0,1014;49,792;9,946;19,5;0,9444444444444444;198,0;0,0;60,0
2024-05-25;15449;16,9083;0,5836;1,0984;0,056;49,784;9,934;19,5;1,4444444444444444;205,0;0,0;64,0
2024-05-25;19623;19,2647;0,7038;1,4459;0,0695;49,798;9,928;19,4;1,3333333333333333;207,0;0,0;65,0
2024-05-25;25049;9,7996;0,3458;0,8017;0,0262;49,814;9,918;18,2;1,3333333333333333;207,0;0,0;71,0
2024-05-25;46505;14,7802;0,5692;1,2292;0,0932;49,808;9,968;19,4;1,0;186,0;0,0;60,0
2024-05-25;1;19,8171;0,7683;1,7371;0,1119;49,8047;9,95642;19,5;0,9444444444444444;198,0;0,0;60,0
2024-05-26;5456;16,9355;0,3586;1,838;0,0349;49,802;9,944;23,4;2,3333333333333335;160,0;0,0;47,0
2024-05-26;9094;8,2053;0,1761;0,5533;0,0148;49,796;9,902;23,8;2,388888888888889;165,0;0,0;44,0
2024-05-26;10645;12,1002;0,2592;1,2607;0,0378;49,782;9,932;23,5;2,4722222222222223;166,0;0,0;48,0
2024-05-26;13975;18,7264;0,4054;2,3276;0,0884;49,792;9,946;23,4;2,3333333333333335;160,0;0,0;47,0
2024-05-26;15449;14,8131;0,3101;1,773;0,0529;49,784;9,934;23,5;2,4722222222222223;166,0;0,0;48,0
2024-05-26;19623;14,6428;0,3456;1,5179;0,0517;49,798;9,928;23,5;2,4444444444444446;161,0;0,0;47,0
2024-05-26;25049;7,4688;0,1641;0,6655;0,0167;49,814;9,918;22,5;2,4166666666666665;163,0;0,0;52,0
2024-05-26;46505;10,6958;0,2523;1,2245;0,0616;49,808;9,968;23,3;2,25;159,0;0,0;45,0
2024-05-26;1;15,0019;0,3369;1,4697;0,074;49,8047;9,95642;23,4;2,3333333333333335;160,0;0,0;47,0
2024-05-27;5456;21,6076;1,4948;2,3264;0,263;49,802;9,944;20,7;2,055555555555556;209,0;1,8;62,0
2024-05-27;9094;10,4132;0,6515;0,5631;0,0483;49,796;9,902;21,0;1,8333333333333333;209,0;1,9;59,0
2024-05-27;10645;15,1328;0,892;1,1039;0,0878;49,782;9,932;20,9;1,8888888888888888;212,0;2,0;63,0
2024-05-27;13975;21,6975;1,3519;1,7948;0,1747;49,792;9,946;20,7;2,055555555555556;209,0;1,8;62,0
2024-05-27;15449;18,5352;1,0466;1,5525;0,1235;49,784;9,934;20,9;1,8888888888888888;212,0;2,0;63,0
2024-05-27;19623;18,7938;1,2401;1,3412;0,1008;49,798;9,928;20,8;2,0;207,0;2,0;63,0
2024-05-27;25049;9,55;0,6258;0,8152;0,0643;49,814;9,918;19,8;2,1666666666666665;202,0;1,8;68,0
2024-05-27;46505;14,2249;0,958;1,2387;0,1185;49,808;9,968;20,8;1,8888888888888888;212,0;2,1;60,0
2024-05-27;1;19,6684;1,3493;2,0269;0,1742;49,8047;9,95642;20,7;2,055555555555556;209,0;1,8;62,0
2024-05-28;5456;21,7752;1,5672;2,3264;0,2572;49,802;9,944;17,9;4,0;269,0;0,0;45,0
2024-05-28;9094;10,5495;0,6742;0,6035;0,0468;49,796;9,902;18,3;3,8055555555555554;270,0;0,0;42,0
2024-05-28;10645;15,3232;0,9493;1,0023;0,0966;49,782;9,932;18,1;3,888888888888889;270,0;0,0;44,0
2024-05-28;13975;21,69;1,4546;1,8142;0,1898;49,792;9,946;17,9;4,0;269,0;0,0;45,0
2024-05-28;15449;18,7424;1,1246;1,4096;0,1358;49,784;9,934;18,1;3,888888888888889;270,0;0,0;44,0
2024-05-28;19623;18,9776;1,3253;1,2998;0,1192;49,798;9,928;17,8;4,111111111111112;270,0;0,0;46,0
2024-05-28;25049;9,704;0,6577;0,8287;0,066;49,814;9,918;16,6;4,194444444444445;270,0;0,0;51,0
2024-05-28;46505;14,4461;0,9995;1,1639;0,1353;49,808;9,968;17,8;3,8055555555555554;270,0;0,0;43,0
2024-05-28;1;20,017;1,4059;2,1842;0,187;49,8047;9,95642;17,9;4,0;269,0;0,0;45,0
2024-05-29;5456;23,7355;1,5764;2,8698;0,2606;49,802;9,944;17,2;3,1666666666666665;215,0;0,4;69,0
2024-05-29;9094;11,5176;0,6906;0,6079;0,0491;49,796;9,902;17,4;3,0;210,0;0,1;68,0
2024-05-29;10645;16,7018;0,9829;1,203;0,1066;49,782;9,932;17,3;3,194444444444444;212,0;0,2;69,0
2024-05-29;13975;23,5046;1,4625;1,8336;0,2157;49,792;9,946;17,2;3,1666666666666665;215,0;0,4;69,0
2024-05-29;15449;20,4093;1,1684;1,6918;0,15;49,784;9,934;17,3;3,194444444444444;212,0;0,2;69,0
2024-05-29;19623;20,7472;1,3304;1,3633;0,1114;49,798;9,928;17,1;3,0555555555555554;212,0;0,3;70,0
2024-05-29;25049;10,4732;0,6743;0,7856;0,071;49,814;9,918;16,0;3,222222222222222;210,0;0,6;74,0
2024-05-29;46505;15,6515;1,0236;1,339;0,1469;49,808;9,968;17,1;3,083333333333333;216,0;0,30000000000000004;68,0
2024-05-29;1;21,3533;1,4355;2,048;0,1966;49,8047;9,95642;17,2;3,1666666666666665;215,0;0,4;69,0
2024-05-30;5456;14,5124;0,4111;1,6704;0,0444;49,802;9,944;18,3;1,1944444444444444;336,0;14,0;70,0
2024-05-30;9094;6,9704;0,1812;0,4144;0,0143;49,796;9,902;18,5;1,027777777777778;349,0;13,6;67,0
2024-05-30;10645;10,1025;0,2675;0,7047;0,0295;49,782;9,932;18,3;1,1944444444444444;336,0;12,700000000000001;71,0
2024-05-30;13975;14,686;0,3929;1,6502;0,069;49,792;9,946;18,3;1,1944444444444444;336,0;14,0;70,0
2024-05-30;15449;12,2796;0,3117;0,9121;0,0382;49,784;9,934;18,3;1,1944444444444444;336,0;12,700000000000001;71,0
2024-05-30;19623;12,8374;0,375;1,0766;0,0367;49,798;9,928;18,3;1,25;346,0;14,6;72,0
2024-05-30;25049;6,3921;0,175;0,4956;0,0144;49,814;9,918;17,3;1,3055555555555556;351,0;17,2;77,0
2024-05-30;46505;9,6544;0,2886;1,4141;0,079;49,808;9,968;18,2;1,4444444444444444;335,0;12,799999999999999;68,0
2024-05-30;1;13,4391;0,3833;1,6973;0,0948;49,8047;9,95642;18,3;1,1944444444444444;336,0;14,0;70,0
2024-05-31;5456;27,6574;1,3132;3,3538;0,1907;49,802;9,944;16,7;2,5555555555555554;339,0;0,1;76,0
2024-05-31;9094;13,7804;0,5787;0,7456;0,0435;49,796;9,902;16,7;2,5;331,0;0,4;75,0
2024-05-31;10645;19,5838;0,7754;1,3204;0,0677;49,782;9,932;16,7;2,5555555555555554;334,0;0,7999999999999999;77,0
2024-05-31;13975;28,0021;1,1581;2,0709;0,1381;49,792;9,946;16,7;2,5555555555555554;339,0;0,1;76,0
2024-05-31;15449;23,6875;0,9078;1,6767;0,0953;49,784;9,934;16,7;2,5555555555555554;334,0;0,7999999999999999;77,0
2024-05-31;19623;24,7943;1,1108;1,7858;0,0954;49,798;9,928;16,5;2,5;331,0;0,2;79,0
2024-05-31;25049;12,562;0,5621;1,0435;0,0541;49,814;9,918;15,6;2,861111111111111;331,0;0,2;82,0
2024-05-31;46505;18,4647;0,9022;1,6001;0,1264;49,808;9,968;16,5;2,4444444444444446;341,0;0,4;75,0
2024-05-31;1;25,0072;1,267;2,3808;0,1517;49,8047;9,95642;16,7;2,5555555555555554;339,0;0,1;76,0
2024-06-01;5456;23,1024;0,6231;2,8611;0,0742;49,802;9,944;15,6;3,9722222222222223;315,0;19,3;89,0
2024-06-01;9094;11,0089;0,2962;0,5793;0,0198;49,796;9,902;15,9;3,8333333333333335;309,0;21,2;87,0
2024-06-01;10645;15,8264;0,4404;1,2381;0,0571;49,782;9,932;15,9;4,027777777777778;314,0;21,9;89,0
2024-06-01;13975;22,4027;0,6444;1,7473;0,1337;49,792;9,946;15,6;3,9722222222222223;315,0;19,3;89,0
2024-06-01;15449;19,2644;0,5278;1,7412;0,0739;49,784;9,934;15,9;4,027777777777778;314,0;21,9;89,0
2024-06-01;19623;20,0566;0,5532;1,4;0,0616;49,798;9,928;15,6;4,027777777777778;312,0;20,5;90,0
2024-06-01;25049;10,0629;0,2763;0,8093;0,0262;49,814;9,918;14,8;4,166666666666667;314,0;20,8;92,0
2024-06-01;46505;14,987;0,4413;1,3709;0,098;49,808;9,968;15,6;3,888888888888889;314,0;20,1;88,0
2024-06-01;1;20,2017;0,6078;1,7291;0,1176;49,8047;9,95642;15,6;3,9722222222222223;315,0;19,3;89,0
2024-06-02;5456;17,0451;0,4212;2,1231;0,048;49,802;9,944;18,5;3,333333333333333;21,0;2,1;82,0
2024-06-02;9094;7,8521;0,1964;0,4462;0,0195;49,796;9,902;18,3;2,0;360,0;2,2;86,0
2024-06-02;10645;12,0797;0,3143;1,2482;0,0562;49,782;9,932;18,4;2,3333333333333335;10,0;5,0;85,0
2024-06-02;13975;17,7709;0,4602;2,2543;0,1316;49,792;9,946;18,5;3,333333333333333;21,0;2,1;82,0
2024-06-02;15449;14,637;0,3824;1,7553;0,0727;49,784;9,934;18,4;2,3333333333333335;10,0;5,0;85,0
2024-06-02;19623;14,9341;0,3996;1,2034;0,0386;49,798;9,928;18,4;2,4444444444444446;12,0;2,8;84,0
2024-06-02;25049;7,2947;0,1873;0,5793;0,0193;49,814;9,918;17,5;2,5;358,0;17,200000000000003;89,0
2024-06-02;46505;10,6583;0,3006;1,2024;0,1059;49,808;9,968;18,3;3,2499999999999996;18,0;8,2;82,0
2024-06-02;1;14,7755;0,3993;1,4432;0,1271;49,8047;9,95642;18,5;3,333333333333333;21,0;2,1;82,0
2024-06-03;5456;21,946;1,3672;2,471;0,2394;49,802;9,944;15,8;2,1944444444444446;330,0;0,0;68,0
2024-06-03;9094;10,1516;0,5816;0,6075;0,0578;49,796;9,902;16,2;2,1944444444444446;330,0;0,0;64,0
2024-06-03;10645;14,2811;0,7596;0,9373;0,0765;49,782;9,932;16,2;2,305555555555556;326,0;0,0;67,0
2024-06-03;13975;21,181;1,1779;1,8089;0,179;49,792;9,946;15,8;2,1944444444444446;330,0;0,0;68,0
2024-06-03;15449;17,1492;0,8755;1,1902;0,099;49,784;9,934;16,2;2,305555555555556;326,0;0,0;67,0
2024-06-03;19623;18,7056;1,1315;1,3798;0,1313;49,798;9,928;16,0;2,055555555555556;331,0;0,0;69,0
2024-06-03;25049;9,3493;0,5724;0,8406;0,0837;49,814;9,918;15,4;2,0;333,0;0,0;71,0
2024-06-03;46505;14,5426;0,8576;1,1846;0,1074;49,808;9,968;15,7;2,2222222222222223;324,0;0,0;67,0
2024-06-03;1;20,0379;1,2238;2,1327;0,1806;49,8047;9,95642;15,8;2,1944444444444446;330,0;0,0;68,0
2024-06-04;5456;22,2462;1,4919;2,601;0,2312;49,802;9,944;20,3;2,4722222222222223;243,0;0,0;47,0
2024-06-04;9094;10,9813;0,6333;0,6174;0,0415;49,796;9,902;20,5;2,2777777777777777;241,0;0,0;46,0
2024-06-04;10645;15,712;0,9105;1,0249;0,0921;49,782;9,932;20,4;2,5277777777777777;236,0;0,0;48,0
2024-06-04;13975;22,2775;1,3889;1,7387;0,2157;49,792;9,946;20,3;2,4722222222222223;243,0;0,0;47,0
2024-06-04;15449;19,1833;1,0919;1,4413;0,12;49,784;9,934;20,4;2,5277777777777777;236,0;0,0;48,0
2024-06-04;19623;19,6555;1,2448;1,2494;0,1212;49,798;9,928;20,2;2,638888888888889;245,0;0,0;49,0
2024-06-04;25049;9,9814;0,6188;0,7704;0,06;49,814;9,918;19,1;2,5833333333333335;242,0;0,0;53,0
2024-06-04;46505;14,5958;0,9669;1,2435;0,1162;49,808;9,968;20,2;2,25;238,0;0,0;45,0
2024-06-04;1;20,1502;1,3326;2,0541;0,163;49,8047;9,95642;20,3;2,4722222222222223;243,0;0,0;47,0
2024-06-05;5456;22,9569;1,432;2,6212;0,2601;49,802;9,944;19,5;4,166666666666667;246,0;0,0;63,0
2024-06-05;9094;11,2081;0,5989;0,585;0,0496;49,796;9,902;19,7;3,5833333333333335;243,0;0,0;61,0
2024-06-05;10645;16,218;0,8099;1,0663;0,0828;49,782;9,932;19,5;3,638888888888889;238,0;0,0;65,0
2024-06-05;13975;23,1368;1,232;1,8231;0,1769;49,792;9,946;19,5;4,166666666666667;246,0;0,0;63,0
2024-06-05;15449;19,8465;0,9536;1,4995;0,1164;49,784;9,934;19,5;3,638888888888889;238,0;0,0;65,0
2024-06-05;19623;20,0822;1,1262;1,2934;0,1021;49,798;9,928;19,5;4,055555555555555;250,0;0,0;64,0
2024-06-05;25049;10,2048;0,582;0,7848;0,0651;49,814;9,918;18,4;4,361111111111111;250,0;0,0;69,0
2024-06-05;46505;15,0831;0,8718;1,2148;0,1011;49,808;9,968;19,2;4,027777777777778;243,0;0,0;62,0
2024-06-05;1;20,8416;1,232;2,2054;0,1758;49,8047;9,95642;19,5;4,166666666666667;246,0;0,0;63,0
2024-06-06;5456;23,4292;1,5717;2,6443;0,3179;49,802;9,944;20,7;2,055555555555556;241,0;0,0;56,0
2024-06-06;9094;11,4927;0,6738;0,6703;0,0456;49,796;9,902;20,9;1,8888888888888888;245,0;0,0;54,0
2024-06-06;10645;16,7297;0,9562;1,1679;0,0976;49,782;9,932;21,1;2,1666666666666665;236,0;0,0;54,0
2024-06-06;13975;23,7586;1,3952;1,8372;0,2287;49,792;9,946;20,7;2,055555555555556;241,0;0,0;56,0
2024-06-06;15449;20,4601;1,1479;1,6424;0,1358;49,784;9,934;21,1;2,1666666666666665;236,0;0,0;54,0
2024-06-06;19623;20,4187;1,2756;1,3741;0,1035;49,798;9,928;20,5;2,0;243,0;0,0;58,0
2024-06-06;25049;10,4408;0,6487;0,8761;0,066;49,814;9,918;19,4;2,111111111111111;245,0;0,0;61,0
2024-06-06;46505;15,2689;0,9768;1,1703;0,1296;49,808;9,968;21,0;1,8611111111111112;234,0;0,0;53,0
2024-06-06;1;21,0678;1,3772;2,1146;0,1555;49,8047;9,95642;20,7;2,055555555555556;241,0;0,0;56,0
2024-06-07;5456;27,9615;1,5601;3,1703;0,3266;49,802;9,944;22,1;3,611111111111111;264,0;0,0;36,0
2024-06-07;9094;13,9574;0,655;0,8454;0,0448;49,796;9,902;22,3;3,0;270,0;0,0;34,0
2024-06-07;10645;19,9381;0,9406;1,2481;0,0746;49,782;9,932;22,4;3,1111111111111107;264,0;0,0;37,0
2024-06-07;13975;28,0892;1,4192;2,0105;0,1747;49,792;9,946;22,1;3,611111111111111;264,0;0,0;36,0
2024-06-07;15449;24,2119;1,1376;1,7254;0,0966;49,784;9,934;22,4;3,1111111111111107;264,0;0,0;37,0
2024-06-07;19623;24,6386;1,2543;1,703;0,0954;49,798;9,928;22,1;3,5;267,0;0,0;37,0
2024-06-07;25049;12,7062;0,6258;1,0858;0,0592;49,814;9,918;21,0;3,638888888888889;262,0;0,0;39,0
2024-06-07;46505;18,7804;0,9546;1,5168;0,1067;49,808;9,968;22,1;3,333333333333333;263,0;0,0;35,0
2024-06-07;1;25,6838;1,3842;2,5714;0,1646;49,8047;9,95642;22,1;3,611111111111111;264,0;0,0;36,0
2024-06-08;5456;23,4385;0,8006;2,7831;0,0896;49,802;9,944;24,5;3,9166666666666665;238,0;0,0;39,0
2024-06-08;9094;11,3595;0,3643;0,643;0,0166;49,796;9,902;24,9;3,4722222222222223;237,0;0,0;37,0
2024-06-08;10645;16,0489;0,5361;1,1829;0,0477;49,782;9,932;24,6;3,75;236,0;0,0;40,0
2024-06-08;13975;23,1739;0,7628;1,8746;0,0971;49,792;9,946;24,5;3,9166666666666665;238,0;0,0;39,0
2024-06-08;15449;19,352;0,6368;1,6636;0,067;49,784;9,934;24,6;3,75;236,0;0,0;40,0
2024-06-08;19623;20,2109;0,741;1,4092;0,0775;49,798;9,928;24,6;3,7777777777777777;238,0;0,0;40,0
2024-06-08;25049;10,3684;0,3493;0,8161;0,0206;49,814;9,918;23,6;3,9166666666666665;238,0;0,0;43,0
2024-06-08;46505;15,5727;0,5686;1,2719;0,0758;49,808;9,968;24,4;3,6944444444444446;237,0;0,0;38,0
2024-06-08;1;20,793;0,765;1,7274;0,091;49,8047;9,95642;24,5;3,9166666666666665;238,0;0,0;39,0
2024-06-09;5456;17,6504;0,3986;1,8958;0,0416;49,802;9,944;22,0;2,5277777777777777;277,0;0,0;40,0
2024-06-09;9094;8,6866;0,1714;0,5242;0,0131;49,796;9,902;22,1;2,055555555555556;284,0;0,0;38,0
2024-06-09;10645;12,9122;0,279;1,1704;0,0378;49,782;9,932;22,1;2,3333333333333335;280,0;0,0;40,0
2024-06-09;13975;18,319;0,4215;2,3535;0,0884;49,792;9,946;22,0;2,5277777777777777;277,0;0,0;40,0
2024-06-09;15449;15,7298;0,3379;1,646;0,0494;49,784;9,934;22,1;2,3333333333333335;280,0;0,0;40,0
2024-06-09;19623;15,8281;0,3627;1,1465;0,0437;49,798;9,928;22,0;2,305555555555556;275,0;0,0;40,0
2024-06-09;25049;7,8625;0,1667;0,6055;0,012;49,814;9,918;20,9;2,111111111111111;273,0;0,0;43,0
2024-06-09;46505;11,4626;0,2759;1,2261;0,0506;49,808;9,968;21,9;2,2222222222222223;278,0;0,0;38,0
2024-06-09;1;15,9594;0,3786;1,5761;0,0607;49,8047;9,95642;22,0;2,5277777777777777;277,0;0,0;40,0
2024-06-10;5456;22,9057;1,6457;2,584;0,2839;49,802;9,944;21,3;4,583333333333333;247,0;0,0;36,0
2024-06-10;9094;11,1835;0,7198;0,6359;0,0572;49,796;9,902;21,5;4,111111111111112;241,0;0,0;34,0
2024-06-10;10645;16,1559;1,0286;1,0602;0,1054;49,782;9,932;21,0;4,555555555555555;241,0;0,0;36,0
2024-06-10;13975;22,917;1,5337;1,7042;0,2028;49,792;9,946;21,3;4,583333333333333;247,0;0,0;36,0
2024-06-10;15449;19,7041;1,2419;1,4748;0,1482;49,784;9,934;21,0;4,555555555555555;241,0;0,0;36,0
2024-06-10;19623;20,0368;1,3951;1,3633;0,13;49,798;9,928;21,5;4,388888888888889;246,0;0,0;35,0
2024-06-10;25049;10,184;0,7026;0,8296;0,0829;49,814;9,918;20,3;4,611111111111112;248,0;0,0;38,0
2024-06-10;46505;15,0607;1,0517;1,2085;0,1264;49,808;9,968;21,0;4,5;249,0;0,0;35,0
2024-06-10;1;20,6848;1,4754;2,0995;0,2141;49,8047;9,95642;21,3;4,583333333333333;247,0;0,0;36,0
2024-06-11;5456;22,27;1,5493;2,3175;0,2312;49,802;9,944;16,5;3,611111111111111;275,0;0,0;39,0
2024-06-11;9094;11,0857;0,681;0,5995;0,0396;49,796;9,902;16,6;3,5;275,0;0,0;39,0
2024-06-11;10645;16,2498;0,972;1,1114;0,0866;49,782;9,932;16,5;3,638888888888889;278,0;0,0;41,0
2024-06-11;13975;22,7277;1,4544;1,7193;0,1941;49,792;9,946;16,5;3,611111111111111;275,0;0,0;39,0
2024-06-11;15449;19,8583;1,1669;1,563;0,1217;49,784;9,934;16,5;3,638888888888889;278,0;0,0;41,0
2024-06-11;19623;19,9096;1,3405;1,3118;0,1152;49,798;9,928;16,8;3,8055555555555554;272,0;0,0;40,0
2024-06-11;25049;10,061;0,646;0,7975;0,0567;49,814;9,918;15,8;3,9166666666666665;267,0;0,0;43,0
2024-06-11;46505;14,9441;0,9476;1,2244;0,1162;49,808;9,968;16,2;3,5277777777777777;278,0;0,0;38,0
2024-06-11;1;20,6164;1,3038;2,2447;0,1534;49,8047;9,95642;16,5;3,611111111111111;275,0;0,0;39,0
2024-06-12;5456;22,8183;1,5684;2,4144;0,2601;49,802;9,944;18,2;1,3611111111111112;287,0;0,0;40,0
2024-06-12;9094;11,2418;0,7343;0,657;0,0585;49,796;9,902;18,7;1,6944444444444442;267,0;0,0;38,0
2024-06-12;10645;16,3135;0,9967;1,1403;0,0866;49,782;9,932;18,2;2,2222222222222223;265,0;0,0;42,0
2024-06-12;13975;23,0769;1,4448;1,856;0,1877;49,792;9,946;18,2;1,3611111111111112;287,0;0,0;40,0
2024-06-12;15449;19,9114;1,1894;1,6036;0,1217;49,784;9,934;18,2;2,2222222222222223;265,0;0,0;42,0
2024-06-12;19623;20,0932;1,3727;1,3648;0,1132;49,798;9,928;18,4;1,3888888888888888;270,0;0,0;43,0
2024-06-12;25049;10,2354;0,6857;0,8702;0,0693;49,814;9,918;17,6;1,6666666666666665;287,0;0,0;44,0
2024-06-12;46505;14,7529;0,9888;1,1703;0,128;49,808;9,968;18,5;1,1388888888888888;308,0;0,0;34,0
2024-06-12;1;20,4132;1,4011;2,0178;0,1822;49,8047;9,95642;18,2;1,3611111111111112;287,0;0,0;40,0
2024-06-13;5456;22,7779;1,656;2,5006;0,289;49,802;9,944;17,8;2,111111111111111;262,0;0,0;37,0
2024-06-13;9094;11,3257;0,7287;0,5863;0,0485;49,796;9,902;18,1;1,7222222222222223;277,0;0,0;35,0
2024-06-13;10645;16,5442;1,034;1,2409;0,1013;49,782;9,932;17,8;1,8333333333333333;283,0;0,0;38,0
2024-06-13;13975;23,3396;1,604;1,7754;0,2373;49,792;9,946;17,8;2,111111111111111;262,0;0,0;37,0
2024-06-13;15449;20,18;1,2203;1,5758;0,1323;49,784;9,934;17,8;1,8333333333333333;283,0;0,0;38,0
2024-06-13;19623;20,3418;1,4019;1,3578;0,1101;49,798;9,928;18,0;2,111111111111111;270,0;0,0;37,0
2024-06-13;25049;10,2892;0,6998;0,8017;0,0702;49,814;9,918;16,8;2,3333333333333335;263,0;0,0;42,0
2024-06-13;46505;15,2891;1,0708;1,2244;0,1185;49,808;9,968;17,7;2,0;267,0;0,0;36,0
2024-06-13;1;21,0032;1,5317;2,2538;0,1742;49,8047;9,95642;17,8;2,111111111111111;262,0;0,0;37,0
2024-06-14;5456;28,6425;1,3651;3,3027;0,211;49,802;9,944;17,1;4,444444444444445;211,0;0,9;61,0
2024-06-14;9094;14,2766;0,5987;0,8117;0,05;49,796;9,902;17,6;4,361111111111111;212,0;0,8;59,0
2024-06-14;10645;20,3109;0,8303;1,2963;0,0702;49,782;9,932;17,3;4,638888888888888;213,0;0,7;62,0
2024-06-14;13975;28,6738;1,2302;2,1622;0,151;49,792;9,946;17,1;4,444444444444445;211,0;0,9;61,0
2024-06-14;15449;24,672;0,999;1,6461;0,0988;49,784;9,934;17,3;4,638888888888888;213,0;0,7;62,0
2024-06-14;19623;25,6293;1,1433;1,6921;0,0954;49,798;9,928;17,1;4,5;212,0;0,8;62,0
2024-06-14;25049;12,9811;0,579;1,0309;0,0533;49,814;9,918;15,7;4,472222222222222;214,0;0,8;68,0
2024-06-14;46505;19,0909;0,9054;1,5263;0,1306;49,808;9,968;17,0;4,25;210,0;0,9;61,0
2024-06-14;1;25,9243;1,2512;2,5139;0,1578;49,8047;9,95642;17,1;4,444444444444445;211,0;0,9;61,0
2024-06-15;5456;24,1289;0,7766;2,89;0,1027;49,802;9,944;19,4;6,527777777777778;247,0;10,200000000000001;51,0
2024-06-15;9094;11,4569;0,3499;0,6313;0,0234;49,796;9,902;19,7;5,527777777777778;248,0;10,6;49,0
2024-06-15;10645;15,4712;0,4879;0,9566;0,0378;49,782;9,932;19,5;6,0;244,0;10,7;50,0
2024-06-15;13975;22,8187;0,7114;1,8918;0,0884;49,792;9,946;19,4;6,527777777777778;247,0;10,200000000000001;51,0
2024-06-15;15449;18,53;0,5716;1,2147;0,0489;49,784;9,934;19,5;6,0;244,0;10,7;50,0
2024-06-15;19623;20,7884;0,71;1,5856;0,0775;49,798;9,928;19,4;6,194444444444445;249,0;10,4;52,0
2024-06-15;25049;10,5404;0,326;0,8465;0,0237;49,814;9,918;18,2;6,583333333333333;248,0;9,9;57,0
2024-06-15;46505;15,8469;0,4761;1,2976;0,0701;49,808;9,968;19,5;6,194444444444445;247,0;10,3;48,0
2024-06-15;1;21,2509;0,6373;1,8756;0,0847;49,8047;9,95642;19,4;6,527777777777778;247,0;10,200000000000001;51,0
2024-06-16;5456;17,5363;0,407;1,9594;0,0433;49,802;9,944;21,0;5,111111111111111;219,0;0,1;43,0
2024-06-16;9094;8,6912;0,1899;0,5718;0,016;49,796;9,902;21,2;4,222222222222222;216,0;0,2;43,0
2024-06-16;10645;12,8612;0,3037;1,1641;0,0461;49,782;9,932;21,1;4,388888888888889;215,0;0,1;45,0
2024-06-16;13975;18,0605;0,4474;2,2478;0,1079;49,792;9,946;21,0;5,111111111111111;219,0;0,1;43,0
2024-06-16;15449;15,7112;0,3648;1,6371;0,0596;49,784;9,934;21,1;4,388888888888889;215,0;0,1;45,0
2024-06-16;19623;15,879;0,3806;1,0803;0,0417;49,798;9,928;20,9;4,888888888888889;221,0;0,2;44,0
2024-06-16;25049;7,8914;0,1787;0,6393;0,0146;49,814;9,918;19,7;5,166666666666667;224,0;0,3;47,0
2024-06-16;46505;11,4092;0,2677;1,2134;0,06;49,808;9,968;20,9;4,722222222222222;216,0;0,1;43,0
2024-06-16;1;15,8393;0,3677;1,4823;0,0721;49,8047;9,95642;21,0;5,111111111111111;219,0;0,1;43,0
2024-06-17;5456;22,3827;1,3976;2,549;0,2341;49,802;9,944;21,9;3,5;243,0;5,6;65,0
2024-06-17;9094;10,7994;0,5976;0,6286;0,0481;49,796;9,902;22,3;3,138888888888889;239,0;5,5;62,0
2024-06-17;10645;14,76;0,7815;1,0289;0,0709;49,782;9,932;22,1;3,416666666666667;238,0;6,2;64,0
2024-06-17;13975;21,5835;1,2486;1,7722;0,1661;49,792;9,946;21,9;3,5;243,0;5,6;65,0
2024-06-17;15449;17,741;0,9041;1,3065;0,0918;49,784;9,934;22,1;3,416666666666667;238,0;6,2;64,0
2024-06-17;19623;19,2003;1,1429;1,4496;0,1093;49,798;9,928;21,8;3,3611111111111107;243,0;5,7;66,0
2024-06-17;25049;9,8691;0,5811;0,822;0,0592;49,814;9,918;20,5;3,5277777777777777;245,0;5,2;70,0
2024-06-17;46505;14,8323;0,9228;1,1957;0,1051;49,808;9,968;21,8;3,3888888888888884;242,0;6,2;63,0
2024-06-17;1;20,4233;1,2855;2,1721;0,155;49,8047;9,95642;21,9;3,5;243,0;5,6;65,0
2024-06-18;5456;22,2346;1,5682;2,3871;0,25;49,802;9,944;26,9;2,7777777777777777;154,0;0,0;52,0
2024-06-18;9094;11,11;0,6513;0,622;0,0494;49,796;9,902;27,2;2,8055555555555554;153,0;0,0;49,0
2024-06-18;10645;15,9963;0,9111;1,065;0,0765;49,782;9,932;27,3;2,944444444444444;156,0;0,0;51,0
2024-06-18;13975;22,5269;1,3837;1,6318;0,179;49,792;9,946;26,9;2,7777777777777777;154,0;0,0;52,0
2024-06-18;15449;19,4361;1,078;1,4978;0,099;49,784;9,934;27,3;2,944444444444444;156,0;0,0;51,0
2024-06-18;19623;19,7048;1,2744;1,3284;0,1232;49,798;9,928;27,1;2,9166666666666665;153,0;0,0;52,0
2024-06-18;25049;10,0859;0,634;0,8355;0,0668;49,814;9,918;25,8;3,0;154,0;0,0;57,0
2024-06-18;46505;14,7985;0,955;1,1623;0,1074;49,808;9,968;26,7;2,694444444444444;153,0;0,0;51,0
2024-06-18;1;20,3597;1,334;2,1539;0,1886;49,8047;9,95642;26,9;2,7777777777777777;154,0;0,0;52,0
2024-06-19;5456;22,1571;1,3615;2,575;0,237;49,802;9,944;22,2;2,888888888888889;272,0;0,9;76,0
2024-06-19;9094;10,9268;0,5835;0,6127;0,0491;49,796;9,902;22,5;2,9166666666666665;276,0;0,8999999999999999;72,0
2024-06-19;10645;15,3019;0,7432;1,0626;0,0682;49,782;9,932;22,4;2,9166666666666665;276,0;0,8;73,0
2024-06-19;13975;22,0946;1,1585;1,8401;0,1596;49,792;9,946;22,2;2,888888888888889;272,0;0,9;76,0
2024-06-19;15449;18,5285;0,8528;1,3818;0,0882;49,784;9,934;22,4;2,9166666666666665;276,0;0,8;73,0
2024-06-19;19623;19,376;1,1109;1,2788;0,1114;49,798;9,928;22,1;3,0277777777777777;276,0;0,8999999999999999;77,0
2024-06-19;25049;9,9081;0,5732;0,7856;0,071;49,814;9,918;20,9;3,1111111111111107;270,0;0,8999999999999999;85,0
2024-06-19;46505;14,6961;0,8788;1,2244;0,1169;49,808;9,968;22,3;2,8055555555555554;276,0;0,9999999999999999;73,0
2024-06-19;1;20,1402;1,2533;2,0359;0,1726;49,8047;9,95642;22,2;2,888888888888889;272,0;0,9;76,0
2024-06-20;5456;22,9449;1,4355;2,523;0,2485;49,802;9,944;21,8;2,9166666666666665;86,0;0,0;67,0
2024-06-20;9094;11,2397;0,6242;0,6432;0,0485;49,796;9,902;22,1;2,611111111111111;92,0;0,0;63,0
2024-06-20;10645;15,7056;0,8608;1,1421;0,0866;49,782;9,932;22,1;2,611111111111111;90,0;0,0;66,0
2024-06-20;13975;22,548;1,3091;1,6864;0,2028;49,792;9,946;21,8;2,9166666666666665;86,0;0,0;67,0
2024-06-20;15449;18,9418;1,0153;1,4503;0,1121;49,784;9,934;22,1;2,611111111111111;90,0;0,0;66,0
2024-06-20;19623;20,4656;1,2168;1,4294;0,1101;49,798;9,928;22,0;3,0;90,0;0,0;66,0
2024-06-20;25049;10,2835;0,6084;0,8651;0,0702;49,814;9,918;20,9;3,1111111111111107;94,0;0,0;72,0
2024-06-20;46505;15,084;0,9359;1,2467;0,139;49,808;9,968;21,7;2,694444444444444;86,0;0,0;66,0
2024-06-20;1;20,7811;1,3067;2,0843;0,1669;49,8047;9,95642;21,8;2,9166666666666665;86,0;0,0;67,0
2024-06-21;5456;29,6171;1,3648;3,5576;0,2341;49,802;9,944;23,0;2,694444444444444;184,0;1,3;80,0
2024-06-21;9094;14,5644;0,6249;0,9175;0,0513;49,796;9,902;23,2;2,611111111111111;180,0;1,2;78,0
2024-06-21;10645;20,7504;0,8677;1,2481;0,093;49,782;9,932;23,2;2,7222222222222223;186,0;2,1;79,0
2024-06-21;13975;29,6676;1,3216;2,2065;0,2179;49,792;9,946;23,0;2,694444444444444;184,0;1,3;80,0
2024-06-21;15449;25,0833;1,0259;1,6795;0,1204;49,784;9,934;23,2;2,7222222222222223;186,0;2,1;79,0
2024-06-21;19623;26,5043;1,1708;1,7362;0,0954;49,798;9,928;22,9;2,8055555555555554;178,0;1,3;81,0
2024-06-21;25049;13,308;0,5902;1,107;0,0516;49,814;9,918;22,0;3,0;176,0;1,4;83,0
2024-06-21;46505;19,2076;0,9181;1,581;0,1106;49,808;9,968;22,9;2,5;185,0;1,1;80,0
2024-06-21;1;26,423;1,279;2,5442;0,1374;49,8047;9,95642;23,0;2,694444444444444;184,0;1,3;80,0
2024-06-22;5456;24,6651;0,7583;2,7114;0,0925;49,802;9,944;20,1;2,972222222222222;230,0;0,1;60,0
2024-06-22;9094;12,0359;0,3521;0,6404;0,0169;49,796;9,902;20,5;2,611111111111111;230,0;0,1;57,0
2024-06-22;10645;17,1732;0,5517;1,267;0,053;49,782;9,932;20,4;2,833333333333333;231,0;0,1;59,0
2024-06-22;13975;24,3159;0,7311;2,086;0,1143;49,792;9,946;20,1;2,972222222222222;230,0;0,1;60,0
2024-06-22;15449;21,0443;0,664;1,7818;0,0741;49,784;9,934;20,4;2,833333333333333;231,0;0,1;59,0
2024-06-22;19623;21,9276;0,7121;1,4625;0,0656;49,798;9,928;20,1;2,9166666666666665;232,0;0,1;61,0
2024-06-22;25049;10,9823;0,3327;0,8423;0,0228;49,814;9,918;18,9;2,972222222222222;230,0;0,1;65,0
2024-06-22;46505;16,0367;0,5206;1,2562;0,079;49,808;9,968;20,1;2,9166666666666665;232,0;0,1;58,0
2024-06-22;1;21,5946;0,7273;1,8484;0,0948;49,8047;9,95642;20,1;2,972222222222222;230,0;0,1;60,0
2024-06-23;5456;18,0698;0,4432;1,8987;0,0466;49,802;9,944;22,3;1,777777777777778;47,0;0,0;55,0
2024-06-23;9094;9,0411;0,2088;0,5361;0,015;49,796;9,902;22,3;1,6388888888888888;43,0;0,0;53,0
2024-06-23;10645;13,0979;0,3112;1,2005;0,0433;49,782;9,932;22,0;1,7222222222222223;36,0;0,0;56,0
2024-06-23;13975;18,4483;0,4333;2,2003;0,1014;49,792;9,946;22,3;1,777777777777778;47,0;0,0;55,0
2024-06-23;15449;15,9293;0,3753;1,6883;0,056;49,784;9,934;22,0;1,7222222222222223;36,0;0,0;56,0
2024-06-23;19623;16,8007;0,4367;1,1685;0,0397;49,798;9,928;22,5;1,6944444444444442;50,0;0,0;54,0
2024-06-23;25049;8,208;0,197;0,6588;0,0161;49,814;9,918;21,6;1,7222222222222223;54,0;0,0;57,0
2024-06-23;46505;11,5598;0,2849;1,234;0,0585;49,808;9,968;22,1;1,6944444444444442;40,0;0,0;54,0
2024-06-23;1;16,0535;0,3848;1,4811;0,0702;49,8047;9,95642;22,3;1,777777777777778;47,0;0,0;55,0
2024-06-24;5456;20,982;1,4207;2,3337;0,2543;49,802;9,944;25,1;4,555555555555555;52,0;0,0;43,0
2024-06-24;9094;11,0681;0,6673;0,6544;0,0479;49,796;9,902;25,9;3,0277777777777777;63,0;0,0;37,0
2024-06-24;10645;16,0591;0,9779;1,1478;0,1217;49,782;9,932;25,8;3,222222222222222;68,0;0,0;40,0
2024-06-24;13975;22,3372;1,4904;1,702;0,2049;49,792;9,946;25,1;4,555555555555555;52,0;0,0;43,0
2024-06-24;15449;19,5714;1,1562;1,6142;0,1711;49,784;9,934;25,8;3,222222222222222;68,0;0,0;40,0
2024-06-24;19623;19,9697;1,309;1,4221;0,1212;49,798;9,928;25,3;4,138888888888889;58,0;0,0;41,0
2024-06-24;25049;10,0058;0,641;0,871;0,0693;49,814;9,918;23,9;3,9722222222222223;56,0;0,0;46,0
2024-06-24;46505;14,4937;0,9606;1,1941;0,1106;49,808;9,968;25,0;4,055555555555555;52,0;0,0;42,0
2024-06-24;1;19,3812;1,2968;2,2175;0,1327;49,8047;9,95642;25,1;4,555555555555555;52,0;0,0;43,0
2024-06-25;5456;22,5348;1,7469;2,4305;0,3034;49,802;9,944;26,7;4,361111111111111;70,0;0,0;39,0
2024-06-25;9094;11,1673;0,6936;0,6352;0,0513;49,796;9,902;27,0;3,888888888888889;67,0;0,0;36,0
2024-06-25;10645;16,1793;0,9892;1,129;0,0991;49,782;9,932;27,1;4,027777777777778;67,0;0,0;37,0
2024-06-25;13975;22,9494;1,5158;1,8419;0,1575;49,792;9,946;26,7;4,361111111111111;70,0;0,0;39,0
2024-06-25;15449;19,6757;1,1758;1,5877;0,1394;49,784;9,934;27,1;4,027777777777778;67,0;0,0;37,0
2024-06-25;19623;20,1226;1,4007;1,3578;0,147;49,798;9,928;26,9;4,305555555555555;72,0;0,0;38,0
2024-06-25;25049;10,1218;0,6803;0,8186;0,066;49,814;9,918;25,6;4,388888888888889;73,0;0,0;42,0
2024-06-25;46505;14,5999;0,9921;1,1177;0,1178;49,808;9,968;26,5;4,166666666666667;69,0;0,0;38,0
2024-06-25;1;20,178;1,4083;2,0269;0,1886;49,8047;9,95642;26,7;4,361111111111111;70,0;0,0;39,0
2024-06-26;5456;23,0675;1,7086;2,4796;0,2977;49,802;9,944;29,2;1,5277777777777777;58,0;0,0;46,0
2024-06-26;9094;11,2268;0,7197;0,6696;0,0473;49,796;9,902;29,7;1,4166666666666665;51,0;0,0;42,0
2024-06-26;10645;16,1632;0,9787;0,9973;0,0853;49,782;9,932;29,6;1,3611111111111112;54,0;0,0;45,0
2024-06-26;13975;23,2585;1,4541;1,7712;0,1488;49,792;9,946;29,2;1,5277777777777777;58,0;0,0;46,0
2024-06-26;15449;19,6593;1,1482;1,4025;0,12;49,784;9,934;29,6;1,3611111111111112;54,0;0,0;45,0
2024-06-26;19623;20,643;1,46;1,4257;0,1188;49,798;9,928;29,7;1,4444444444444444;56,0;0,0;43,0
2024-06-26;25049;10,237;0,6935;0,8389;0,0685;49,814;9,918;28,3;1,3055555555555556;58,0;0,0;48,0
2024-06-26;46505;14,4036;1,0338;0,8752;0,1596;49,808;9,968;28,9;1,4166666666666665;51,0;0,0;47,0
2024-06-26;1;19,8706;1,4512;2,1449;0,195;49,8047;9,95642;29,2;1,5277777777777777;58,0;0,0;46,0
2024-06-27;5456;22,8995;1,5164;2,5576;0,263;49,802;9,944;26,2;2,0833333333333335;235,0;0,0;65,0
2024-06-27;9094;11,0498;0,6394;0,6207;0,0449;49,796;9,902;26,9;1,8611111111111112;234,0;0,1;61,0
2024-06-27;10645;15,2465;0,8341;1,0843;0,0903;49,782;9,932;26,6;1,972222222222222;229,0;0,2;66,0
2024-06-27;13975;22,3079;1,3341;1,8843;0,2114;49,792;9,946;26,2;2,0833333333333335;235,0;0,0;65,0
2024-06-27;15449;18,4071;0,9768;1,3769;0,1168;49,784;9,934;26,6;1,972222222222222;229,0;0,2;66,0
2024-06-27;19623;20,1613;1,2837;1,3622;0,0993;49,798;9,928;26,3;1,972222222222222;240,0;0,0;65,0
2024-06-27;25049;10,1292;0,6172;0,8685;0,0584;49,814;9,918;25,0;1,972222222222222;246,0;0,0;71,0
2024-06-27;46505;14,9411;0,8894;1,2212;0,1201;49,808;9,968;26,3;2,1944444444444446;227,0;0,0;64,0
2024-06-27;1;20,652;1,3005;2,0934;0,1918;49,8047;9,95642;26,2;2,0833333333333335;235,0;0,0;65,0
2024-06-28;5456;29,5262;1,438;3,4217;0,2225;49,802;9,944;24,5;3,3055555555555554;265,0;2,8;76,0
2024-06-28;9094;14,4794;0,6254;0,8474;0,0432;49,796;9,902;24,8;3,0;268,0;3,0;74,0
2024-06-28;10645;20,4721;0,8607;1,2867;0,0663;49,782;9,932;24,8;3,1111111111111107;266,0;4,0;76,0
2024-06-28;13975;29,0157;1,3314;2,3365;0,1553;49,792;9,946;24,5;3,3055555555555554;265,0;2,8;76,0
2024-06-28;15449;24,7282;1,0069;1,6566;0,0917;49,784;9,934;24,8;3,1111111111111107;266,0;4,0;76,0
2024-06-28;19623;26,0136;1,2476;1,6964;0,1013;49,798;9,928;24,5;3,3888888888888884;268,0;2,7;76,0
2024-06-28;25049;13,1938;0,6067;1,0816;0,0626;49,814;9,918;23,2;3,5;265,0;2,4;80,0
2024-06-28;46505;19,5345;0,9333;1,71;0,1178;49,808;9,968;24,4;3,0277777777777777;262,0;2,8;74,0
2024-06-28;1;26,9208;1,3148;2,7832;0,1424;49,8047;9,95642;24,5;3,3055555555555554;265,0;2,8;76,0
2024-06-29;5456;25,0589;0,8247;2,8033;0,0925;49,802;9,944;29,9;1,7222222222222223;80,0;0,0;55,0
2024-06-29;9094;11,8584;0,3751;0,6841;0,0188;49,796;9,902;30,4;1,5;90,0;0,0;52,0
2024-06-29;10645;17,0728;0,5302;1,2871;0,0396;49,782;9,932;30,4;1,3888888888888888;90,0;0,0;54,0
2024-06-29;13975;24,578;0,7928;2,004;0,0928;49,792;9,946;29,9;1,7222222222222223;80,0;0,0;55,0
2024-06-29;15449;20,6451;0,6371;1,81;0,0513;49,784;9,934;30,4;1,3888888888888888;90,0;0,0;54,0
2024-06-29;19623;21,9054;0,7733;1,5396;0,0775;49,798;9,928;30,3;1,8055555555555556;90,0;0,0;53,0
2024-06-29;25049;10,9669;0,3554;0,9116;0,0245;49,814;9,918;29,1;1,9166666666666667;96,0;0,0;57,0
2024-06-29;46505;16,3629;0,5584;1,2687;0,0637;49,808;9,968;29,7;1,5833333333333333;72,0;0,0;55,0
2024-06-29;1;22,1401;0,7618;1,9633;0,077;49,8047;9,95642;29,9;1,7222222222222223;80,0;0,0;55,0
2024-06-30;5456;16,5727;0,449;1,7224;0,0472;49,802;9,944;21,8;4,527777777777778;235,0;2,1;74,0
2024-06-30;9094;8,1271;0,1947;0,5057;0,0198;49,796;9,902;21,9;3,9166666666666665;232,0;2,7;73,0
2024-06-30;10645;12,1858;0,2889;1,272;0,0571;49,782;9,932;21,7;4,055555555555555;232,0;2,0;75,0
2024-06-30;13975;17,5084;0,4587;2,0989;0,1337;49,792;9,946;21,8;4,527777777777778;235,0;2,1;74,0
2024-06-30;15449;14,8548;0,3462;1,7889;0,0739;49,784;9,934;21,7;4,055555555555555;232,0;2,0;75,0
2024-06-30;19623;15,0425;0,4079;1,141;0,0497;49,798;9,928;21,9;4,416666666666667;237,0;2,4;74,0
2024-06-30;25049;7,4083;0,188;0,5953;0,0181;49,814;9,918;20,8;4,75;235,0;3,0;78,0
2024-06-30;46505;10,8454;0,2848;1,2292;0,0727;49,808;9,968;21,6;4,305555555555555;234,0;2,6;73,0
2024-06-30;1;14,9585;0,404;1,4754;0,0872;49,8047;9,95642;21,8;4,527777777777778;235,0;2,1;74,0
2024-07-01;5456;23,2605;1,4641;2,6836;0,2543;49,802;9,944;19,1;3,5833333333333335;283,0;0,1;73,0
2024-07-01;9094;11,1389;0,6368;0,5989;0,0496;49,796;9,902;19,0;3,4444444444444446;278,0;0,1;76,0
2024-07-01;10645;15,3064;0,8198;1,0433;0,0645;49,782;9,932;18,9;3,5277777777777777;278,0;0,30000000000000004;79,0
2024-07-01;13975;22,6835;1,2846;1,825;0,151;49,792;9,946;19,1;3,5833333333333335;283,0;0,1;73,0
2024-07-01;15449;18,3053;0,9382;1,3249;0,0835;49,784;9,934;18,9;3,5277777777777777;278,0;0,30000000000000004;79,0
2024-07-01;19623;20,1679;1,2519;1,3743;0,1127;49,798;9,928;19,0;3,555555555555556;281,0;0,1;75,0
2024-07-01;25049;10,1885;0,621;0,8161;0,0719;49,814;9,918;17,9;3,555555555555556;280,0;0,0;79,0
2024-07-01;46505;15,1946;0,9093;1,226;0,1264;49,808;9,968;19,2;3,638888888888889;286,0;0,1;72,0
2024-07-01;1;21,0096;1,2541;2,2386;0,163;49,8047;9,95642;19,1;3,5833333333333335;283,0;0,1;73,0
2024-07-02;5456;23,7725;1,4164;2,6298;0,2182;49,802;9,944;17,9;3,3055555555555554;270,0;0,0;62,0
2024-07-02;9094;11,4247;0,5914;0,6167;0,0456;49,796;9,902;18,2;3,138888888888889;277,0;0,0;59,0
2024-07-02;10645;16,5008;0,8121;1,0638;0,0746;49,782;9,932;18,1;3,2499999999999996;279,0;0,0;62,0
2024-07-02;13975;23,6319;1,25;1,7571;0,1747;49,792;9,946;17,9;3,3055555555555554;270,0;0,0;62,0
2024-07-02;15449;20,0488;0,9586;1,496;0,0966;49,784;9,934;18,1;3,2499999999999996;279,0;0,0;62,0
2024-07-02;19623;21,0371;1,1689;1,3927;0,1232;49,798;9,928;17,8;3,3888888888888884;272,0;0,2;64,0
2024-07-02;25049;10,4812;0,5829;0,7958;0,066;49,814;9,918;16,9;3,611111111111111;265,0;0,0;66,0
2024-07-02;46505;15,2209;0,8883;1,2069;0,1043;49,808;9,968;17,9;3,333333333333333;277,0;0,0;60,0
2024-07-02;1;21,0117;1,2525;2,0874;0,1646;49,8047;9,95642;17,9;3,3055555555555554;270,0;0,0;62,0
2024-07-03;5456;23,3539;1,4911;2,5732;0,2543;49,802;9,944;18,6;2,6666666666666665;257,0;1,1;57,0
2024-07-03;9094;11,1037;0,6446;0,6346;0,0514;49,796;9,902;18,8;2,1666666666666665;248,0;1,1;55,0
2024-07-03;10645;15,2261;0,8188;0,9879;0,0645;49,782;9,932;18,5;2,388888888888889;248,0;1,2;59,0
2024-07-03;13975;22,4875;1,2612;1,8466;0,151;49,792;9,946;18,6;2,6666666666666665;257,0;1,1;57,0
2024-07-03;15449;18,3765;0,9373;1,345;0,0835;49,784;9,934;18,5;2,388888888888889;248,0;1,2;59,0
2024-07-03;19623;20,5592;1,2478;1,4386;0,1167;49,798;9,928;18,6;2,5833333333333335;257,0;1,1;58,0
2024-07-03;25049;10,2375;0,6211;0,8516;0,0744;49,814;9,918;17,5;2,7777777777777777;255,0;1,4;63,0
2024-07-03;46505;15,0621;0,9287;1,2626;0,109;49,808;9,968;18,5;2,6666666666666665;257,0;1,2;55,0
2024-07-03;1;20,8329;1,3196;2,1449;0,1678;49,8047;9,95642;18,6;2,6666666666666665;257,0;1,1;57,0
2024-07-04;5456;24,8507;1,3289;2,6675;0,2167;49,802;9,944;16,7;4,277777777777778;233,0;0,8;82,0
2024-07-04;9094;11,9808;0,6013;0,6491;0,0443;49,796;9,902;17,3;4,194444444444445;232,0;1,1;78,0
2024-07-04;10645;17,2667;0,8403;1,1754;0,0928;49,782;9,932;17,1;4,611111111111112;231,0;0,8999999999999999;80,0
2024-07-04;13975;24,7253;1,1898;1,8843;0,1532;49,792;9,946;16,7;4,277777777777778;233,0;0,8;82,0
2024-07-04;15449;21,0041;1,0099;1,653;0,1305;49,784;9,934;17,1;4,611111111111112;231,0;0,8999999999999999;80,0
2024-07-04;19623;21,9512;1,1722;1,5837;0,1252;49,798;9,928;16,9;4,166666666666667;235,0;0,8999999999999999;82,0
2024-07-04;25049;10,9529;0,5716;0,866;0,0592;49,814;9,918;16,1;4,722222222222222;234,0;1,0;85,0
2024-07-04;46505;15,9621;0,8074;1,3183;0,0939;49,808;9,968;16,6;3,9166666666666665;232,0;0,7;81,0
2024-07-04;1;22,1509;1,1266;2,2568;0,1342;49,8047;9,95642;16,7;4,277777777777778;233,0;0,8;82,0
2024-07-05;5456;28,9373;1,4434;3,3611;0,2514;49,802;9,944;20,5;4,083333333333333;259,0;0,0;51,0
2024-07-05;9094;14,1724;0,645;0,8831;0,0539;49,796;9,902;21,4;3,638888888888889;254,0;0,0;45,0
2024-07-05;10645;19,7217;0,869;1,2481;0,0838;49,782;9,932;21,0;3,9166666666666665;251,0;0,0;49,0
2024-07-05;13975;28,7614;1,3251;2,3507;0,1963;49,792;9,946;20,5;4,083333333333333;259,0;0,0;51,0
2024-07-05;15449;23,7317;1,015;1,5849;0,1085;49,784;9,934;21,0;3,9166666666666665;251,0;0,0;49,0
2024-07-05;19623;25,7583;1,2305;1,6115;0,0993;49,798;9,928;20,6;4,055555555555555;260,0;0,0;51,0
2024-07-05;25049;12,9742;0,6109;1,0275;0,0584;49,814;9,918;19,4;4,25;261,0;0,0;57,0
2024-07-05;46505;19,079;0,9236;1,5938;0,1185;49,808;9,968;20,7;4,0;257,0;0,0;47,0
2024-07-05;1;26,0347;1,2814;2,5442;0,1422;49,8047;9,95642;20,5;4,083333333333333;259,0;0,0;51,0
2024-07-06;5456;24,9179;0,7519;2,9622;0,078;49,802;9,944;27,3;5,833333333333333;235,0;0,0;44,0
2024-07-06;9094;11,2899;0,3256;0,6378;0,0191;49,796;9,902;27,9;5,472222222222222;235,0;0,0;42,0
2024-07-06;10645;16,5339;0,5124;1,2595;0,0728;49,782;9,932;27,7;5,805555555555555;234,0;0,0;44,0
2024-07-06;13975;25,0561;0,7862;2,2706;0,1001;49,792;9,946;27,3;5,833333333333333;235,0;0,0;44,0
2024-07-06;15449;20,0923;0,6206;1,7712;0,1023;49,784;9,934;27,7;5,805555555555555;234,0;0,0;44,0
2024-07-06;19623;21,422;0,6648;1,5011;0,0715;49,798;9,928;27,3;5,805555555555555;238,0;0,0;45,0
2024-07-06;25049;10,6294;0,3163;0,8;0,0237;49,814;9,918;25,9;6,111111111111111;238,0;0,0;49,0
2024-07-06;46505;16,1918;0,5331;1,2992;0,0932;49,808;9,968;27,6;5,611111111111111;235,0;0,0;42,0
2024-07-06;1;21,8554;0,7209;1,9361;0,1119;49,8047;9,95642;27,3;5,833333333333333;235,0;0,0;44,0
2024-07-07;5456;18,9084;0,3969;1,9161;0,0549;49,802;9,944;20,2;1,9166666666666667;219,0;0,0;44,0
2024-07-07;9094;9,4243;0,1631;0,5863;0,0117;49,796;9,902;20,8;2,8055555555555554;215,0;0,0;40,0
2024-07-07;10645;13,6467;0,2435;1,1754;0,0326;49,782;9,932;20,4;2,833333333333333;219,0;0,0;43,0
2024-07-07;13975;19,1224;0,3692;1,661;0,069;49,792;9,946;20,2;1,9166666666666667;219,0;0,0;44,0
2024-07-07;15449;16,6789;0,2935;1,653;0,0459;49,784;9,934;20,4;2,833333333333333;219,0;0,0;43,0
2024-07-07;19623;17,5022;0,3694;1,2383;0,0477;49,798;9,928;20,2;2,5555555555555554;211,0;0,0;44,0
2024-07-07;25049;8,5528;0,1627;0,7053;0,0127;49,814;9,918;19,3;2,4722222222222223;207,0;0,0;47,0
2024-07-07;46505;11,8948;0,2718;1,2276;0,0648;49,808;9,968;20,0;1,6944444444444442;220,0;0,0;43,0
2024-07-07;1;16,5786;0,3684;1,5065;0,0778;49,8047;9,95642;20,2;1,9166666666666667;219,0;0,0;44,0
2024-07-08;5456;23,3137;1,617;2,3821;0,3063;49,802;9,944;24,5;0,41666666666666663;166,0;0,0;40,0
2024-07-08;9094;11,3301;0,6549;0,5923;0,041;49,796;9,902;25,1;2,5833333333333335;193,0;0,0;36,0
2024-07-08;10645;16,4638;0,8986;1,0776;0,0746;49,782;9,932;24,7;2,888888888888889;194,0;0,0;40,0
2024-07-08;13975;23,6594;1,4003;1,9079;0,1747;49,792;9,946;24,5;0,41666666666666663;166,0;0,0;40,0
2024-07-08;15449;19,9608;1,0518;1,5154;0,0966;49,784;9,934;24,7;2,888888888888889;194,0;0,0;40,0
2024-07-08;19623;20,8744;1,3731;1,4129;0,1176;49,798;9,928;25,0;1,5555555555555554;207,0;0,0;39,0
2024-07-08;25049;10,4203;0,6418;0,8575;0,0516;49,814;9,918;23,5;0,5277777777777778;248,0;0,0;46,0
2024-07-08;46505;15,2271;0,9326;1,1352;0,1011;49,808;9,968;24,6;1,6666666666666665;155,0;0,0;39,0
2024-07-08;1;20,9567;1,3084;2,16;0,147;49,8047;9,95642;24,5;0,41666666666666663;166,0;0,0;40,0
2024-07-09;5456;23,1321;1,6325;2,4247;0,2514;49,802;9,944;30,0;2,75;136,0;0,0;41,0
2024-07-09;9094;11,3066;0,6946;0,6564;0,0539;49,796;9,902;30,4;2,611111111111111;140,0;0,0;38,0
2024-07-09;10645;16,2131;0,9504;1,0174;0,0728;49,782;9,932;30,4;2,7777777777777777;142,0;0,0;39,0
2024-07-09;13975;23,3143;1,4473;1,7948;0,1661;49,792;9,946;30,0;2,75;136,0;0,0;41,0
2024-07-09;15449;19,7341;1,1312;1,4307;0,1023;49,784;9,934;30,4;2,7777777777777777;142,0;0,0;39,0
2024-07-09;19623;20,5216;1,3967;1,3383;0,118;49,798;9,928;30,3;2,888888888888889;136,0;0,0;40,0
2024-07-09;25049;10,3492;0,6781;0,8533;0,0753;49,814;9,918;28,9;2,972222222222222;138,0;0,0;45,0
2024-07-09;46505;15,135;0,9757;1,2021;0,1115;49,808;9,968;29,8;2,611111111111111;137,0;0,0;40,0
2024-07-09;1;21,0471;1,3764;2,2901;0,187;49,8047;9,95642;30,0;2,75;136,0;0,0;41,0
2024-07-10;5456;23,5487;1,5286;2,4521;0,2428;49,802;9,944;26,6;3,416666666666667;230,0;0,9;61,0
2024-07-10;9094;11,529;0,6355;0,659;0,0487;49,796;9,902;26,5;3,222222222222222;234,0;0,7;61,0
2024-07-10;10645;16,5722;0,8947;1,0776;0,0903;49,782;9,932;26,3;3,5833333333333335;240,0;1,3;64,0
2024-07-10;13975;23,7732;1,348;1,9455;0,1553;49,792;9,946;26,6;3,416666666666667;230,0;0,9;61,0
2024-07-10;15449;20,1846;1,0672;1,5154;0,127;49,784;9,934;26,3;3,5833333333333335;240,0;1,3;64,0
2024-07-10;19623;21,1753;1,2786;1,3853;0,1113;49,798;9,928;26,6;3,416666666666667;230,0;0,9;61,0
2024-07-10;25049;10,542;0,6221;0,838;0,0668;49,814;9,918;25,4;3,4722222222222223;231,0;0,7;64,0
2024-07-10;46505;15,384;0,9258;1,2069;0,1067;49,808;9,968;26,2;3,0555555555555554;229,0;1,9;61,0
2024-07-10;1;21,2317;1,3142;2,2235;0,1694;49,8047;9,95642;26,6;3,416666666666667;230,0;0,9;61,0
2024-07-11;5456;24,5956;1,6261;2,6472;0,2745;49,802;9,944;25,3;1,972222222222222;246,0;4,5;61,0
2024-07-11;9094;11,9605;0,6841;0,6365;0,0509;49,796;9,902;25,6;1,777777777777778;232,0;5,2;58,0
2024-07-11;10645;17,3774;0,9341;1,1487;0,0978;49,782;9,932;25,3;2,055555555555556;223,0;5,2;62,0
2024-07-11;13975;24,8883;1,4113;1,9879;0,1575;49,792;9,946;25,3;1,972222222222222;246,0;4,5;61,0
2024-07-11;15449;21,1259;1,1069;1,5789;0,1376;49,784;9,934;25,3;2,055555555555556;223,0;5,2;62,0
2024-07-11;19623;21,9622;1,3443;1,4055;0,1113;49,798;9,928;25,3;2,0;243,0;4,800000000000001;62,0
2024-07-11;25049;10,9103;0,6641;0,8203;0,0685;49,814;9,918;23,9;2,0277777777777777;250,0;5,1;67,0
2024-07-11;46505;15,9737;0,9668;1,1941;0,1011;49,808;9,968;25,3;1,9166666666666667;231,0;4,3;60,0
2024-07-11;1;21,9707;1,3942;2,2386;0,179;49,8047;9,95642;25,3;1,972222222222222;246,0;4,5;61,0
2024-07-12;5456;29,0937;1,3636;3,3108;0,2023;49,802;9,944;26,8;4,555555555555555;237,0;0,39999999999999997;58,0
2024-07-12;9094;14,5065;0,6204;0,8871;0,0468;49,796;9,902;27,3;4,416666666666667;237,0;0,30000000000000004;56,0
2024-07-12;10645;20,5254;0,8948;1,2457;0,0801;49,782;9,932;27,2;4,75;235,0;0,3;57,0
2024-07-12;13975;29,7763;1,3321;2,8369;0,1877;49,792;9,946;26,8;4,555555555555555;237,0;0,39999999999999997;58,0
2024-07-12;15449;24,8116;1,0494;1,6024;0,1037;49,784;9,934;27,2;4,75;235,0;0,3;57,0
2024-07-12;19623;26,1035;1,185;1,7428;0,0904;49,798;9,928;26,7;4,694444444444444;241,0;0,39999999999999997;60,0
2024-07-12;25049;13,144;0,5839;1,1112;0,0474;49,814;9,918;25,1;5,0;241,0;0,39999999999999997;67,0
2024-07-12;46505;18,323;0,8689;1,4662;0,1264;49,808;9,968;26,9;4,194444444444445;237,0;0,39999999999999997;56,0
2024-07-12;1;25,2751;1,2093;2,5653;0,1517;49,8047;9,95642;26,8;4,555555555555555;237,0;0,39999999999999997;58,0
2024-07-13;5456;24,4551;0,7194;2,7392;0,0754;49,802;9,944;21,5;3,6944444444444446;237,0;0,0;48,0
2024-07-13;9094;11,6942;0,3214;0,6261;0,0175;49,796;9,902;21,6;3,0277777777777777;243,0;0,0;45,0
2024-07-13;10645;16,9045;0,482;1,0788;0,0442;49,782;9,932;21,7;3,222222222222222;244,0;0,0;47,0
2024-07-13;13975;24,4691;0,7348;1,9613;0,1035;49,792;9,946;21,5;3,6944444444444446;237,0;0,0;48,0
2024-07-13;15449;20,5734;0,5716;1,5172;0,0572;49,784;9,934;21,7;3,222222222222222;244,0;0,0;47,0
2024-07-13;19623;21,4844;0,6393;1,5194;0,0815;49,798;9,928;21,5;3,5277777777777777;241,0;0,0;48,0
2024-07-13;25049;10,6962;0,2987;0,8169;0,0216;49,814;9,918;20,4;3,9722222222222223;242,0;0,0;51,0
2024-07-13;46505;15,457;0,4813;1,2008;0,0664;49,808;9,968;21,3;3,4444444444444446;240,0;0,0;46,0
2024-07-13;1;20,7826;0,66;1,8302;0,0796;49,8047;9,95642;21,5;3,6944444444444446;237,0;0,0;48,0
2024-07-14;5456;18,4464;0,4618;1,8583;0,0555;49,802;9,944;24,5;3,194444444444444;219,0;0,0;35,0
2024-07-14;9094;9,2696;0,2143;0,5632;0,0128;49,796;9,902;24,6;3,2499999999999996;223,0;0,3;35,0
2024-07-14;10645;13,6101;0,33;1,1277;0,0464;49,782;9,932;24,5;3,3888888888888884;225,0;1,2;36,0
2024-07-14;13975;19,4291;0,456;1,9113;0,0841;49,792;9,946;24,5;3,194444444444444;219,0;0,0;35,0
2024-07-14;15449;16,6157;0,4037;1,586;0,0653;49,784;9,934;24,5;3,3888888888888884;225,0;1,2;36,0
2024-07-14;19623;17,2169;0,4618;1,3394;0,0596;49,798;9,928;24,4;3,555555555555556;220,0;0,0;36,0
2024-07-14;25049;8,4132;0,202;0,6799;0,0158;49,814;9,918;23,3;3,75;226,0;0,0;39,0
2024-07-14;46505;11,5335;0,2842;1,3793;0,0695;49,808;9,968;24,4;3,0;217,0;0,7;33,0
2024-07-14;1;16,1622;0,3978;1,6556;0,0834;49,8047;9,95642;24,5;3,194444444444444;219,0;0,0;35,0
2024-07-15;5456;23,8516;1,4306;2,6055;0,2167;49,802;9,944;27,4;1,611111111111111;97,0;0,0;41,0
2024-07-15;9094;11,5278;0,6479;0,6689;0,0507;49,796;9,902;28,2;1,5555555555555554;135,0;0,0;36,0
2024-07-15;10645;16,439;0,8957;1,0192;0,0811;49,782;9,932;28,3;1,8055555555555556;146,0;0,0;37,0
2024-07-15;13975;24,1397;1,3521;2,0063;0,1898;49,792;9,946;27,4;1,611111111111111;97,0;0,0;41,0
2024-07-15;15449;19,9156;1,0605;1,4078;0,1049;49,784;9,934;28,3;1,8055555555555556;146,0;0,0;37,0
2024-07-15;19623;21,1274;1,2444;1,4625;0,1271;49,798;9,928;27,7;1,5555555555555554;105,0;0,0;40,0
2024-07-15;25049;10,5859;0,6152;0,9226;0,066;49,814;9,918;26,4;1,5277777777777777;101,0;0,0;45,0
2024-07-15;46505;14,832;0,8709;1,0049;0,0964;49,808;9,968;27,4;1,5833333333333333;108,0;0,0;40,0
2024-07-15;1;20,6124;1,2303;2,2235;0,1518;49,8047;9,95642;27,4;1,611111111111111;97,0;0,0;41,0
2024-07-16;5456;22,8897;1,5148;2,5383;0,2564;49,802;9,944;24,7;5,0;244,0;1,9;51,0
2024-07-16;9094;11,3802;0,6545;0,628;0,0496;49,796;9,902;25,2;4,472222222222222;241,0;1,8;49,0
2024-07-16;10645;16,2495;0,9202;1,0457;0,074;49,782;9,932;25,0;4,833333333333333;240,0;1,7999999999999998;51,0
2024-07-16;13975;23,1629;1,447;1,7411;0,1726;49,792;9,946;24,7;5,0;244,0;1,9;51,0
2024-07-16;15449;19,7707;1,0852;1,3279;0,1041;49,784;9,934;25,0;4,833333333333333;240,0;1,7999999999999998;51,0
2024-07-16;19623;20,6356;1,3084;1,3596;0,1127;49,798;9,928;24,7;5,0;244,0;1,9;51,0
2024-07-16;25049;10,3256;0,6407;0,8161;0,0719;49,814;9,918;23,6;5,361111111111112;243,0;2,0;54,0
2024-07-16;46505;14,5895;0,8902;0,9717;0,0964;49,808;9,968;24,6;4,777777777777778;244,0;1,9;50,0
2024-07-16;1;20,3184;1,2706;2,3566;0,1934;49,8047;9,95642;24,7;5,0;244,0;1,9;51,0
2024-07-17;5456;23,3502;1,6365;2,5576;0,3034;49,802;9,944;24,2;3,3888888888888884;270,0;0,0;45,0
2024-07-17;9094;11,5472;0,7095;0,6196;0,0485;49,796;9,902;24,4;3,0;272,0;0,0;43,0
2024-07-17;10645;16,6944;1,0019;1,065;0,0829;49,782;9,932;24,1;3,194444444444444;272,0;0,0;46,0
2024-07-17;13975;23,8464;1,4892;1,8984;0,1941;49,792;9,946;24,2;3,3888888888888884;270,0;0,0;45,0
2024-07-17;15449;20,283;1,1927;1,3584;0,1076;49,784;9,934;24,1;3,194444444444444;272,0;0,0;46,0
2024-07-17;19623;21,2249;1,4417;1,3835;0,1371;49,798;9,928;24,4;3,416666666666667;273,0;0,0;45,0
2024-07-17;25049;10,5153;0,6826;0,8084;0,0702;49,814;9,918;23,1;3,6944444444444446;273,0;0,0;49,0
2024-07-17;46505;14,7486;0,9472;1,0649;0,1043;49,808;9,968;24,0;3,194444444444444;272,0;0,0;44,0
2024-07-17;1;19,9391;1,3438;1,9119;0,187;49,8047;9,95642;24,2;3,3888888888888884;270,0;0,0;45,0
2024-07-18;5456;23,3948;1,5414;2,5837;0,3063;49,802;9,944;25,9;2,7777777777777777;69,0;0,0;41,0
2024-07-18;9094;11,7356;0,6675;0,6425;0,0507;49,796;9,902;26,3;2,611111111111111;67,0;0,0;39,0
2024-07-18;10645;16,9382;0,943;1,1035;0,0783;49,782;9,932;26,3;2,638888888888889;65,0;0,0;41,0
2024-07-18;13975;24,2148;1,4463;1,9597;0,1834;49,792;9,946;25,9;2,7777777777777777;69,0;0,0;41,0
2024-07-18;15449;20,5958;1,1137;1,436;0,1013;49,784;9,934;26,3;2,638888888888889;65,0;0,0;41,0
2024-07-18;19623;21,0719;1,2915;1,4349;0,1093;49,798;9,928;26,2;2,75;71,0;0,0;41,0
2024-07-18;25049;10,5812;0,6396;0,8034;0,0677;49,814;9,918;24,9;2,8055555555555554;73,0;0,0;46,0
2024-07-18;46505;14,9559;0,8962;1,1265;0,0749;49,808;9,968;25,7;2,638888888888889;65,0;0,0;41,0
2024-07-18;1;20,6905;1,3016;2,287;0,1806;49,8047;9,95642;25,9;2,7777777777777777;69,0;0,0;41,0
2024-07-19;5456;28,456;1,4289;3,2058;0,2485;49,802;9,944;28,4;2,2777777777777777;67,0;0,0;43,0
2024-07-19;9094;14,2376;0,6359;0,9128;0,0487;49,796;9,902;28,7;2,055555555555556;67,0;0,0;41,0
2024-07-19;10645;19,9652;0,9276;1,1301;0,0878;49,782;9,932;28,7;1,972222222222222;66,0;0,0;43,0
2024-07-19;13975;28,777;1,3885;2,3115;0,1381;49,792;9,946;28,4;2,2777777777777777;67,0;0,0;43,0
2024-07-19;15449;24,0597;1,1208;1,4448;0,1235;49,784;9,934;28,7;1,972222222222222;66,0;0,0;43,0
2024-07-19;19623;25,7844;1,2744;1,7521;0,1113;49,798;9,928;28,6;2,2222222222222223;72,0;0,0;43,0
2024-07-19;25049;12,9756;0,5965;1,1171;0,0499;49,814;9,918;27,4;2,1944444444444446;74,0;0,0;46,0
2024-07-19;46505;18,2034;0,8151;1,4741;0,1059;49,808;9,968;28,0;2,138888888888889;62,0;0,0;44,0
2024-07-19;1;25,0836;1,1515;2,6531;0,1271;49,8047;9,95642;28,4;2,2777777777777777;67,0;0,0;43,0
2024-07-20;5456;22,1655;0,7377;2,5461;0,0867;49,802;9,944;30,6;1,75;149,0;0,0;35,0
2024-07-20;9094;11,081;0,3328;0,6537;0,0169;49,796;9,902;30,8;2,055555555555556;166,0;0,0;34,0
2024-07-20;10645;15,7244;0,4809;1,1127;0,0488;49,782;9,932;30,9;2,1666666666666665;167,0;0,0;35,0
2024-07-20;13975;22,5856;0,7294;1,9846;0,1143;49,792;9,946;30,6;1,75;149,0;0,0;35,0
2024-07-20;15449;19,0008;0,5774;1,5648;0,0632;49,784;9,934;30,9;2,1666666666666665;167,0;0,0;35,0
2024-07-20;19623;20,3206;0,68;1,3714;0,0755;49,798;9,928;30,9;1,972222222222222;165,0;0,0;34,0
2024-07-20;25049;10,034;0,3156;0,8744;0,022;49,814;9,918;29,5;1,8333333333333333;167,0;0,0;39,0
2024-07-20;46505;13,3921;0,4598;1,1897;0,0679;49,808;9,968;30,4;1,6388888888888888;142,0;0,0;36,0
2024-07-20;1;16,4511;0,577;1,7099;0,0815;49,8047;9,95642;30,6;1,75;149,0;0,0;35,0
2024-07-21;5456;18,0484;0,4627;1,8223;0,0462;49,802;9,944;26,5;1,8888888888888888;273,0;0,0;62,0
2024-07-21;9094;8,778;0,208;0,4759;0,0185;49,796;9,902;26,9;1,611111111111111;277,0;0,0;59,0
2024-07-21;10645;13,288;0,34;1,119;0,064;49,782;9,932;27,0;1,7222222222222223;277,0;0,0;61,0
2024-07-21;13975;19,1973;0,526;2,1593;0,1251;49,792;9,946;26,5;1,8888888888888888;273,0;0,0;62,0
2024-07-21;15449;16,2441;0,4145;1,5736;0,09;49,784;9,934;27,0;1,7222222222222223;277,0;0,0;61,0
2024-07-21;19623;16,8301;0,428;1,22;0,0556;49,798;9,928;26,6;1,8055555555555556;276,0;0,0;61,0
2024-07-21;25049;8,0686;0,1968;0,6452;0,017;49,814;9,918;25,3;1,8055555555555556;273,0;0,0;66,0
2024-07-21;46505;11,3105;0,3153;1,3809;0,0932;49,808;9,968;26,6;1,8055555555555556;276,0;0,0;60,0
2024-07-21;1;15,792;0,4219;1,6575;0,1119;49,8047;9,95642;26,5;1,8888888888888888;273,0;0,0;62,0
2024-07-22;5456;23,463;1,5667;2,619;0,2659;49,802;9,944;24,8;3,611111111111111;276,0;0,0;55,0
2024-07-22;9094;11,2082;0,6606;0,6537;0,0513;49,796;9,902;24,9;3,1111111111111107;272,0;0,0;54,0
2024-07-22;10645;15,3725;0,8574;1,0251;0,0838;49,782;9,932;25,0;3,1111111111111107;266,0;0,0;56,0
2024-07-22;13975;22,9435;1,3708;1,9763;0,1963;49,792;9,946;24,8;3,611111111111111;276,0;0,0;55,0
2024-07-22;15449;18,523;0,9997;1,3187;0,1085;49,784;9,934;25,0;3,1111111111111107;266,0;0,0;56,0
2024-07-22;19623;20,3589;1,3232;1,4717;0,143;49,798;9,928;24,7;3,611111111111111;276,0;0,0;56,0
2024-07-22;25049;10,3126;0,6465;0,8829;0,0643;49,814;9,918;23,2;3,7222222222222223;278,0;0,0;62,0
2024-07-22;46505;14,7699;0,9397;1,0839;0,0885;49,808;9,968;24,7;3,3055555555555554;273,0;0,0;53,0
2024-07-22;1;20,5127;1,3199;2,2749;0,1566;49,8047;9,95642;24,8;3,611111111111111;276,0;0,0;55,0
2024-07-23;5456;20,6441;1,5083;2,5201;0,3208;49,802;9,944;24,2;4,333333333333333;244,0;0,0;48,0
2024-07-23;9094;11,0981;0,658;0,6339;0,0508;49,796;9,902;24,5;3,083333333333333;245,0;0,0;48,0
2024-07-23;10645;16,0082;0,8952;1,0602;0,0828;49,782;9,932;24,4;3,3888888888888884;246,0;0,0;50,0
2024-07-23;13975;22,2141;1,3485;1,8419;0,1639;49,792;9,946;24,2;4,333333333333333;244,0;0,0;48,0
2024-07-23;15449;19,6459;1,0541;1,3713;0,1164;49,784;9,934;24,4;3,3888888888888884;246,0;0,0;50,0
2024-07-23;19623;20,0324;1,3058;1,3467;0,1212;49,798;9,928;24,1;3,888888888888889;247,0;0,0;50,0
2024-07-23;25049;9,9563;0,641;0,8017;0,0736;49,814;9,918;22,9;3,888888888888889;247,0;0,0;55,0
2024-07-23;46505;14,0876;0,9265;1,0649;0,0916;49,808;9,968;24,5;3,944444444444444;243,0;0,0;46,0
2024-07-23;1;19,3444;1,3158;2,16;0,171;49,8047;9,95642;24,2;4,333333333333333;244,0;0,0;48,0
2024-07-24;5456;22,6534;1,4109;2,5865;0,2514;49,802;9,944;21,5;3,5;290,0;0,0;57,0
2024-07-24;9094;11,3532;0,6167;0,6524;0,0481;49,796;9,902;21,8;3,333333333333333;286,0;0,0;54,0
2024-07-24;10645;15,7841;0,7977;1,1204;0,0672;49,782;9,932;21,8;3,3611111111111107;280,0;0,0;56,0
2024-07-24;13975;22,914;1,2546;1,9314;0,1575;49,792;9,946;21,5;3,5;290,0;0,0;57,0
2024-07-24;15449;19,1635;0,9361;1,4228;0,087;49,784;9,934;21,8;3,3611111111111107;280,0;0,0;56,0
2024-07-24;19623;20,4355;1,2237;1,3144;0,1188;49,798;9,928;21,3;3,6944444444444446;289,0;0,0;58,0
2024-07-24;25049;10,2572;0,5961;0,838;0,0584;49,814;9,918;20,1;3,7222222222222223;290,0;0,0;63,0
2024-07-24;46505;14,3865;0,9155;1,0823;0,0948;49,808;9,968;21,5;3,1666666666666665;288,0;0,0;55,0
2024-07-24;1;19,9239;1,2957;2,1358;0,1534;49,8047;9,95642;21,5;3,5;290,0;0,0;57,0
2024-07-25;5456;23,5632;1,5924;2,7773;0,3092;49,802;9,944;24,5;1,1111111111111112;63,0;0,0;43,0
2024-07-25;9094;11,5018;0,6744;0,5975;0,0481;49,796;9,902;24,8;0,6666666666666666;63,0;0,0;39,0
2024-07-25;10645;16,6422;0,9797;1,0433;0,0875;49,782;9,932;24,7;1,1111111111111112;100,0;0,0;41,0
2024-07-25;13975;24,2617;1,4865;2,1364;0,2049;49,792;9,946;24,5;1,1111111111111112;63,0;0,0;43,0
2024-07-25;15449;20,2245;1,1775;1,3249;0,1133;49,784;9,934;24,7;1,1111111111111112;100,0;0,0;41,0
2024-07-25;19623;20,9395;1,2917;1,3798;0,1074;49,798;9,928;24,5;0,8333333333333333;14,0;0,0;42,0
2024-07-25;25049;10,4577;0,6455;0,7788;0,0685;49,814;9,918;23,2;1,0;6,0;0,0;46,0
2024-07-25;46505;15,1036;0,9265;1,2245;0,1043;49,808;9,968;24,2;1,611111111111111;86,0;0,0;43,0
2024-07-25;1;20,7668;1,3285;2,1993;0,1934;49,8047;9,95642;24,5;1,1111111111111112;63,0;0,0;43,0
2024-07-26;5456;28,8158;1,3414;3,1896;0,2023;49,802;9,944;20,0;1,1944444444444444;312,0;1,4;78,0
2024-07-26;9094;14,3118;0,6195;0,9155;0,0422;49,796;9,902;20,6;1,0833333333333333;292,0;1,4;77,0
2024-07-26;10645;20,2544;0,8716;1,3276;0,0941;49,782;9,932;20,6;1,3055555555555556;279,0;1,4;78,0
2024-07-26;13975;29,4063;1,2869;2,8619;0,1445;49,792;9,946;20,0;1,1944444444444444;312,0;1,4;78,0
2024-07-26;15449;24,4435;1,0602;1,6859;0,1323;49,784;9,934;20,6;1,3055555555555556;279,0;1,4;78,0
2024-07-26;19623;25,7489;1,1973;1,7123;0,1033;49,798;9,928;20,0;1,1388888888888888;315,0;1,4;81,0
2024-07-26;25049;13,0779;0,5814;1,0917;0,0474;49,814;9,918;18,9;0,8611111111111112;324,0;1,8;86,0
2024-07-26;46505;18,5511;0,8661;1,4441;0,128;49,808;9,968;19,9;1,3333333333333333;312,0;1,5;77,0
2024-07-26;1;25,448;1,1912;2,7136;0,1536;49,8047;9,95642;20,0;1,1944444444444444;312,0;1,4;78,0
2024-07-27;5456;24,6001;0,7734;3,4853;0,1387;49,802;9,944;23,7;1,6944444444444442;267,0;29,900000000000002;70,0
2024-07-27;9094;11,5253;0,3406;0,669;0,024;49,796;9,902;24,1;1,8055555555555556;264,0;26,3;67,0
2024-07-27;10645;16,1412;0,4654;1,1879;0,0451;49,782;9,932;24,3;1,8055555555555556;251,0;24,8;68,0
2024-07-27;13975;23,3181;0,7072;1,9501;0,1057;49,792;9,946;23,7;1,6944444444444442;267,0;29,900000000000002;70,0
2024-07-27;15449;19,5032;0,5388;1,5084;0,0584;49,784;9,934;24,3;1,8055555555555556;251,0;24,8;68,0
2024-07-27;19623;20,7922;0,6522;1,4129;0,0775;49,798;9,928;23,6;1,6944444444444442;267,0;30,400000000000002;72,0
2024-07-27;25049;10,5075;0,321;0,8203;0,0271;49,814;9,918;22,5;1,5;262,0;33,3;77,0
2024-07-27;46505;15,491;0,4892;1,2908;0,0679;49,808;9,968;23,8;1,5555555555555554;255,0;27,5;67,0
2024-07-27;1;20,9685;0,6737;1,8363;0,0815;49,8047;9,95642;23,7;1,6944444444444442;267,0;29,900000000000002;70,0
2024-07-28;5456;18,0665;0,4619;1,9308;0,0754;49,802;9,944;22,1;2,833333333333333;321,0;1,3;50,0
2024-07-28;9094;8,7803;0,1873;0,548;0,0153;49,796;9,902;22,4;2,694444444444444;312,0;1,4000000000000001;49,0
2024-07-28;10645;12,6839;0,296;0,8908;0,0442;49,782;9,932;22,3;3,2499999999999996;313,0;1,4000000000000001;51,0
2024-07-28;13975;18,3653;0,4376;2,086;0,1035;49,792;9,946;22,1;2,833333333333333;321,0;1,3;50,0
2024-07-28;15449;15,3848;0,3661;1,1529;0,0572;49,784;9,934;22,3;3,2499999999999996;313,0;1,4000000000000001;51,0
2024-07-28;19623;16,6064;0,4265;1,3173;0,0636;49,798;9,928;22,1;2,75;314,0;1,4;52,0
2024-07-28;25049;7,9663;0,1815;0,7577;0,0169;49,814;9,918;21,2;2,972222222222222;318,0;1,4;54,0
2024-07-28;46505;11,1626;0,261;1,264;0,06;49,808;9,968;22,2;2,861111111111111;324,0;1,3;47,0
2024-07-28;1;15,6176;0,3524;1,5171;0,0721;49,8047;9,95642;22,1;2,833333333333333;321,0;1,3;50,0
2024-07-29;5456;19,5448;1,27;2,5409;0,1843;49,802;9,944;25,1;2,2222222222222223;85,0;0,0;43,0
2024-07-29;9094;9,9991;0,6173;0,6332;0,0507;49,796;9,902;25,4;2,0;84,0;0,0;41,0
2024-07-29;10645;15,1204;0,9409;1,0048;0,0976;49,782;9,932;25,2;1,972222222222222;75,0;0,0;44,0
2024-07-29;13975;21,6514;1,3985;1,8984;0,2287;49,792;9,946;25,1;2,2222222222222223;85,0;0,0;43,0
2024-07-29;15449;18,7632;1,1518;1,5026;0,1264;49,784;9,934;25,2;1,972222222222222;75,0;0,0;44,0
2024-07-29;19623;18,5348;1,2126;1,4257;0,1192;49,798;9,928;25,3;2,1944444444444446;87,0;0,0;43,0
2024-07-29;25049;9,0533;0,5739;0,8068;0,044;49,814;9,918;24,2;2,305555555555556;88,0;0,0;48,0
2024-07-29;46505;13,2996;0,8513;1,0602;0,0916;49,808;9,968;24,9;2,0277777777777777;81,0;0,0;42,0
2024-07-29;1;17,9982;1,1654;2,0632;0,139;49,8047;9,95642;25,1;2,2222222222222223;85,0;0,0;43,0
2024-07-30;5456;21,3356;1,4636;2,6415;0,3208;49,802;9,944;28,4;2,611111111111111;148,0;0,0;39,0
2024-07-30;9094;10,686;0,6097;0,6722;0,05;49,796;9,902;28,7;2,611111111111111;148,0;0,0;38,0
2024-07-30;10645;15,6112;0,8882;1,0211;0,069;49,782;9,932;28,7;2,638888888888889;151,0;0,0;39,0
2024-07-30;13975;21,9779;1,2893;1,7161;0,1575;49,792;9,946;28,4;2,611111111111111;148,0;0,0;39,0
2024-07-30;15449;19,2949;1,1116;1,5604;0,1114;49,784;9,934;28,7;2,638888888888889;151,0;0,0;39,0
2024-07-30;19623;18,5617;1,1228;1,2295;0,1066;49,798;9,928;28,6;2,694444444444444;149,0;0,0;39,0
2024-07-30;25049;9,6189;0,5915;0,7839;0,0677;49,814;9,918;27,4;2,7777777777777777;150,0;0,0;42,0
2024-07-30;46505;13,8414;0,9015;1,0238;0,1027;49,808;9,968;28,1;2,5277777777777777;146,0;0,0;40,0
2024-07-30;1;19,1077;1,2811;2,1146;0,1531;49,8047;9,95642;28,4;2,611111111111111;148,0;0,0;39,0
2024-07-31;5456;23,3372;1,5717;2,5732;0,2688;49,802;9,944;31,3;0,0;180,0;0,0;38,0
2024-07-31;9094;11,1522;0,6486;0,702;0,0461;49,796;9,902;31,6;0,8611111111111112;225,0;0,0;36,0
2024-07-31;10645;15,9463;0,8885;1,0505;0,0755;49,782;9,932;31,5;0,6388888888888888;219,0;0,0;38,0
2024-07-31;13975;23,0458;1,3398;1,8089;0,1769;49,792;9,946;31,3;0,0;180,0;0,0;38,0
2024-07-31;15449;19,5133;1,0608;1,4291;0,0978;49,784;9,934;31,5;0,6388888888888888;219,0;0,0;38,0
2024-07-31;19623;20,6856;1,2981;1,4129;0,1053;49,798;9,928;31,5;0,5277777777777778;248,0;0,0;37,0
2024-07-31;25049;10,2808;0,6249;0,8998;0,066;49,814;9,918;30,1;0,6111111111111112;270,0;0,0;42,0
2024-07-31;46505;14,5081;0,879;1,0333;0,0892;49,808;9,968;31,0;0,1388888888888889;135,0;0,0;37,0
2024-07-31;1;20,3165;1,2929;2,2568;0,1854;49,8047;9,95642;31,3;0,0;180,0;0,0;38,0
2024-08-01;5456;23,8972;1,4515;2,731;0,2774;49,802;9,944;28,2;0,6388888888888888;129,0;0,0;53,0
2024-08-01;9094;11,449;0,6356;0,6716;0,0436;49,796;9,902;28,8;0,8055555555555555;173,0;0,0;50,0
2024-08-01;10645;16,6415;0,9203;1,0698;0,0774;49,782;9,932;28,3;0,7222222222222222;164,0;0,0;53,0
2024-08-01;13975;24,0952;1,3362;1,9313;0,1812;49,792;9,946;28,2;0,6388888888888888;129,0;0,0;53,0
2024-08-01;15449;20,4622;1,1133;1,5657;0,1076;49,784;9,934;28,3;0,7222222222222222;164,0;0,0;53,0
2024-08-01;19623;21,2816;1,2104;1,4588;0,0894;49,798;9,928;28,5;0,6666666666666666;153,0;0,0;51,0
2024-08-01;25049;10,4751;0,603;0,8592;0,0558;49,814;9,918;27,0;0,5277777777777778;158,0;0,0;58,0
2024-08-01;46505;14,6655;0,887;1,0949;0,1169;49,808;9,968;28,0;0,6944444444444444;135,0;0,0;53,0
2024-08-01;1;20,3211;1,2216;2,0541;0,1454;49,8047;9,95642;28,2;0,6388888888888888;129,0;0,0;53,0
2024-08-02;5456;27,2831;1,238;3,4651;0,2485;49,802;9,944;22,6;2,694444444444444;338,0;0,0;69,0
2024-08-02;9094;13,1429;0,5349;0,8229;0,0455;49,796;9,902;23,0;2,638888888888889;335,0;0,0;65,0
2024-08-02;10645;18,1119;0,7208;1,1349;0,0765;49,782;9,932;22,8;2,694444444444444;338,0;0,30000000000000004;68,0
2024-08-02;13975;26,8312;1,0939;2,3415;0,179;49,792;9,946;22,6;2,694444444444444;338,0;0,0;69,0
2024-08-02;15449;21,827;0,8505;1,6497;0,099;49,784;9,934;22,8;2,694444444444444;338,0;0,30000000000000004;68,0
2024-08-02;19623;24,0287;1,0321;1,6195;0,0853;49,798;9,928;22,9;2,833333333333333;337,0;0,0;69,0
2024-08-02;25049;12,0683;0,5091;1,0325;0,0524;49,814;9,918;21,7;2,944444444444444;336,0;0,0;74,0
2024-08-02;46505;17,4545;0,758;1,4931;0,1059;49,808;9,968;22,6;2,5555555555555554;334,0;0,0;67,0
2024-08-02;1;23,9418;1,0652;2,4685;0,1271;49,8047;9,95642;22,6;2,694444444444444;338,0;0,0;69,0
2024-08-03;5456;22,3245;0,6325;2,6617;0,0694;49,802;9,944;25,7;2,1666666666666665;236,0;0,0;61,0
2024-08-03;9094;10,5492;0,2897;0,5365;0,0179;49,796;9,902;26,0;1,972222222222222;229,0;0,0;59,0
2024-08-03;10645;15,3416;0,429;1,2068;0,0464;49,782;9,932;25,7;2,055555555555556;223,0;0,0;62,0
2024-08-03;13975;21,993;0,5809;2,017;0,0539;49,792;9,946;25,7;2,1666666666666665;236,0;0,0;61,0
2024-08-03;15449;18,8084;0,5338;1,6971;0,0653;49,784;9,934;25,7;2,055555555555556;223,0;0,0;62,0
2024-08-03;19623;19,101;0,593;1,3247;0,0834;49,798;9,928;25,7;2,1666666666666665;236,0;0,0;62,0
2024-08-03;25049;9,6693;0,2754;0,7763;0,0228;49,814;9,918;24,5;2,3333333333333335;239,0;0,0;67,0
2024-08-03;46505;14,3839;0,4293;1,3288;0,0632;49,808;9,968;25,6;2,055555555555556;227,0;0,0;60,0
2024-08-03;1;19,3071;0,5718;1,6578;0,0759;49,8047;9,95642;25,7;2,1666666666666665;236,0;0,0;61,0
2024-08-04;5456;15,7976;0,4333;1,8554;0,0466;49,802;9,944;22,9;3,9722222222222223;260,0;0,0;63,0
2024-08-04;9094;7,7934;0,1974;0,4741;0,015;49,796;9,902;23,5;3,555555555555556;260,0;0,0;59,0
2024-08-04;10645;11,6642;0,3107;1,1328;0,0439;49,782;9,932;23,2;3,555555555555556;259,0;0,1;62,0
2024-08-04;13975;16,3861;0,4327;2,2866;0,1014;49,792;9,946;22,9;3,9722222222222223;260,0;0,0;63,0
2024-08-04;15449;14,2996;0,3791;1,593;0,0617;49,784;9,934;23,2;3,555555555555556;259,0;0,1;62,0
2024-08-04;19623;14,2996;0,3976;0,948;0,0517;49,798;9,928;22,7;3,8333333333333335;263,0;0,2;64,0
2024-08-04;25049;7,0521;0,1895;0,5742;0,0186;49,814;9,918;21,5;4,055555555555555;260,0;0,0;69,0
2024-08-04;46505;9,939;0,2836;1,2561;0,0758;49,808;9,968;22,8;3,75;261,0;0,0;61,0
2024-08-04;1;13,9066;0,384;1,5077;0,091;49,8047;9,95642;22,9;3,9722222222222223;260,0;0,0;63,0
2024-08-05;5456;22,7868;1,4402;2,4565;0,2485;49,802;9,944;21,8;0,6666666666666666;63,0;0,0;60,0
2024-08-05;9094;10,9813;0,6139;0,5665;0,0374;49,796;9,902;22,4;0,6388888888888888;51,0;0,0;55,0
2024-08-05;10645;16,2035;0,9186;1,1014;0,0912;49,782;9,932;22,2;0,6666666666666666;63,0;0,0;58,0
2024-08-05;13975;23,0608;1,3185;2,0148;0,2136;49,792;9,946;21,8;0,6666666666666666;63,0;0,0;60,0
2024-08-05;15449;19,9145;1,1166;1,5489;0,118;49,784;9,934;22,2;0,6666666666666666;63,0;0,0;58,0
2024-08-05;19623;20,3907;1,2353;1,3835;0,0919;49,798;9,928;21,9;0,6388888888888888;39,0;0,0;60,0
2024-08-05;25049;10,084;0,5907;0,811;0,0541;49,814;9,918;20,8;0,5;37,0;0,0;64,0
2024-08-05;46505;14,3187;0,8517;1,1028;0,0901;49,808;9,968;21,6;0,9444444444444444;58,0;0,0;59,0
2024-08-05;1;19,7774;1,1582;2,045;0,1582;49,8047;9,95642;21,8;0,6666666666666666;63,0;0,0;60,0
2024-08-06;5456;21,1733;1,4929;2,2918;0,2543;49,802;9,944;26,5;2,0;117,0;0,0;49,0
2024-08-06;9094;10,5147;0,6098;0,6524;0,0508;49,796;9,902;27,0;1,8888888888888888;115,0;0,0;47,0
2024-08-06;10645;15,3009;0,885;1,0588;0,0801;49,782;9,932;26,8;1,75;114,0;0,0;50,0
2024-08-06;13975;21,513;1,3083;1,7905;0,1877;49,792;9,946;26,5;2,0;117,0;0,0;49,0
2024-08-06;15449;18,799;1,0902;1,489;0,1037;49,784;9,934;26,8;1,75;114,0;0,0;50,0
2024-08-06;19623;18,8581;1,2256;1,2879;0,1351;49,798;9,928;26,7;2,055555555555556;119,0;0,0;48,0
2024-08-06;25049;9,5461;0,6029;0,8211;0,0736;49,814;9,918;25,6;2,138888888888889;118,0;0,0;52,0
2024-08-06;46505;13,5115;0,8546;0,997;0,0853;49,808;9,968;26,3;1,8333333333333333;112,0;0,0;49,0
2024-08-06;1;18,6637;1,1997;1,9664;0,179;49,8047;9,95642;26,5;2,0;117,0;0,0;49,0
2024-08-07;5456;21,8886;1,4264;2,3848;0,2717;49,802;9,944;28,0;3,5277777777777777;263,0;0,0;50,0
2024-08-07;9094;10,6767;0,613;0,6147;0,0494;49,796;9,902;28,5;3,222222222222222;265,0;0,0;47,0
2024-08-07;10645;15,5435;0,8563;1,0751;0,094;49,782;9,932;28,2;3,4722222222222223;258,0;0,0;48,0
2024-08-07;13975;22,2989;1,2809;1,8703;0,22;49,792;9,946;28,0;3,5277777777777777;263,0;0,0;50,0
2024-08-07;15449;19,0303;1,0338;1,5119;0,1216;49,784;9,934;28,2;3,4722222222222223;258,0;0,0;48,0
2024-08-07;19623;19,4153;1,1489;1,3026;0,1114;49,798;9,928;28,2;3,5;265,0;0,0;49,0
2024-08-07;25049;9,7366;0,5913;0,7788;0,071;49,814;9,918;26,9;3,7222222222222223;264,0;0,0;52,0
2024-08-07;46505;13,9473;0,8602;1,1202;0,0885;49,808;9,968;28,0;3,4444444444444446;262,0;0,0;47,0
2024-08-07;1;19,135;1,2329;1,9664;0,1838;49,8047;9,95642;28,0;3,5277777777777777;263,0;0,0;50,0
2024-08-08;5456;22,3991;1,4193;2,5732;0,2601;49,802;9,944;22,4;2,388888888888889;272,0;0,0;59,0
2024-08-08;9094;10,6365;0,5862;0,5949;0,0456;49,796;9,902;22,3;2,111111111111111;270,0;0,0;60,0
2024-08-08;10645;14,843;0,768;0,9686;0,0847;49,782;9,932;22,2;2,2222222222222223;275,0;0,0;65,0
2024-08-08;13975;21,7863;1,1599;1,8811;0,1985;49,792;9,946;22,4;2,388888888888889;272,0;0,0;59,0
2024-08-08;15449;17,993;0,919;1,4396;0,1097;49,784;9,934;22,2;2,2222222222222223;275,0;0,0;65,0
2024-08-08;19623;19,5493;1,1658;1,3522;0,1252;49,798;9,928;22,3;2,388888888888889;272,0;0,0;61,0
2024-08-08;25049;9,7647;0,5784;0,8;0,066;49,814;9,918;21,0;2,5;275,0;0,0;69,0
2024-08-08;46505;14,0702;0,8528;1,0365;0,0901;49,808;9,968;22,3;2,305555555555556;272,0;0,0;56,0
2024-08-08;1;19,4916;1,2319;2,1025;0,1678;49,8047;9,95642;22,4;2,388888888888889;272,0;0,0;59,0
2024-08-09;5456;25,7721;1,4572;2,916;0,2225;49,802;9,944;26,5;3,75;228,0;0,0;46,0
2024-08-09;9094;12,7386;0,5902;0,7602;0,0416;49,796;9,902;26,7;3,2499999999999996;225,0;0,0;45,0
2024-08-09;10645;18,1703;0,8507;1,2218;0,0912;49,782;9,932;26,5;3,611111111111111;222,0;0,0;47,0
2024-08-09;13975;26,0604;1,3383;2,0113;0,2136;49,792;9,946;26,5;3,75;228,0;0,0;46,0
2024-08-09;15449;22,0608;1,0067;1,7183;0,127;49,784;9,934;26,5;3,611111111111111;222,0;0,0;47,0
2024-08-09;19623;23,0658;1,1648;1,5624;0,0955;49,798;9,928;26,4;3,611111111111111;231,0;0,0;47,0
2024-08-09;25049;11,5961;0,5717;0,9962;0,0507;49,814;9,918;25,0;3,7777777777777777;233,0;0,0;53,0
2024-08-09;46505;16,4908;0,8743;1,4346;0,139;49,808;9,968;26,4;3,611111111111111;224,0;0,0;45,0
2024-08-09;1;22,669;1,25;2,2991;0,1678;49,8047;9,95642;26,5;3,75;228,0;0,0;46,0
2024-08-10;5456;21,8464;0,7298;2,8582;0,0896;49,802;9,944;27,2;4,527777777777778;262,0;0,0;53,0
2024-08-10;9094;10,5863;0,3199;0,5665;0,0176;49,796;9,902;27,4;4,027777777777778;263,0;0,0;50,0
2024-08-10;10645;15,1986;0,4812;1,3523;0,0564;49,782;9,932;27,6;4,25;262,0;0,0;51,0
2024-08-10;13975;21,4883;0,6936;2,1637;0,1186;49,792;9,946;27,2;4,527777777777778;262,0;0,0;53,0
2024-08-10;15449;18,5428;0,5751;1,9018;0,0794;49,784;9,934;27,6;4,25;262,0;0,0;51,0
2024-08-10;19623;19,1969;0,6504;1,2874;0,0775;49,798;9,928;26,9;4,416666666666667;266,0;0,0;54,0
2024-08-10;25049;9,6347;0,3085;0,7662;0,0206;49,814;9,918;25,6;4,527777777777778;264,0;0,0;59,0
2024-08-10;46505;13,9019;0,4781;1,3841;0,0901;49,808;9,968;27,2;4,416666666666667;264,0;0,0;50,0
2024-08-10;1;18,8477;0,6288;1,6613;0,1081;49,8047;9,95642;27,2;4,527777777777778;262,0;0,0;53,0
2024-08-11;5456;15,2966;0,4185;1,575;0,0578;49,802;9,944;28,4;1,777777777777778;38,0;0,0;40,0
2024-08-11;9094;7,6315;0,1899;0,4839;0,0169;49,796;9,902;28,7;1,6944444444444442;28,0;0,0;38,0
2024-08-11;10645;11,7351;0,2924;1,2319;0,0488;49,782;9,932;28,5;1,8055555555555556;34,0;0,0;40,0
2024-08-11;13975;16,3966;0,4173;2,2996;0,1143;49,792;9,946;28,4;1,777777777777778;38,0;0,0;40,0
2024-08-11;15449;14,4561;0,357;1,7324;0,0632;49,784;9,934;28,5;1,8055555555555556;34,0;0,0;40,0
2024-08-11;19623;13,8623;0,3673;0,9444;0,0335;49,798;9,928;28,5;1,6666666666666665;33,0;0,0;40,0
2024-08-11;25049;6,8729;0,1809;0,5547;0,0155;49,814;9,918;27,0;1,4444444444444444;25,0;0,0;47,0
2024-08-11;46505;9,9337;0,2762;1,2877;0,0664;49,808;9,968;28,1;1,8611111111111112;36,0;0,0;40,0
2024-08-11;1;13,8209;0,3648;1,5456;0,0796;49,8047;9,95642;28,4;1,777777777777778;38,0;0,0;40,0
2024-08-12;5456;20,9416;1,4742;2,4189;0,2312;49,802;9,944;30,4;1,4166666666666665;94,0;0,0;44,0
2024-08-12;9094;10,2148;0,5981;0,6418;0,0422;49,796;9,902;31,1;1,25;104,0;0,0;41,0
2024-08-12;10645;14,7316;0,8357;1,0312;0,0746;49,782;9,932;30,9;1,2777777777777777;108,0;0,0;42,0
2024-08-12;13975;21,2419;1,2475;1,9609;0,1747;49,792;9,946;30,4;1,4166666666666665;94,0;0,0;44,0
2024-08-12;15449;18,0505;0,9852;1,4501;0,0966;49,784;9,934;30,9;1,2777777777777777;108,0;0,0;42,0
2024-08-12;19623;18,5208;1,1739;1,3343;0,1053;49,798;9,928;30,8;1,4166666666666665;98,0;0,0;42,0
2024-08-12;25049;9,3789;0,5853;0,8507;0,0516;49,814;9,918;29,3;1,3055555555555556;99,0;0,0;48,0
2024-08-12;46505;13,5434;0,8888;1,027;0,098;49,808;9,968;30,3;1,4166666666666665;94,0;0,0;43,0
2024-08-12;1;18,7639;1,2992;2,0511;0,1518;49,8047;9,95642;30,4;1,4166666666666665;94,0;0,0;44,0
2024-08-13;5456;20,8757;1,3708;2,2715;0,2717;49,802;9,944;32,4;0,9166666666666666;96,0;0,0;45,0
2024-08-13;9094;9,87;0,5571;0,6299;0,0507;49,796;9,902;33,2;0,6388888888888888;108,0;0,0;41,0
2024-08-13;10645;14,6058;0,7803;0,9493;0,0665;49,782;9,932;32,9;0,7222222222222222;124,0;0,0;43,0
2024-08-13;13975;21,0017;1,1261;1,8681;0,1553;49,792;9,946;32,4;0,9166666666666666;96,0;0,0;45,0
2024-08-13;15449;17,8644;0,9464;1,2872;0,0935;49,784;9,934;32,9;0,7222222222222222;124,0;0,0;43,0
2024-08-13;19623;18,6087;1,0807;1,203;0,1035;49,798;9,928;32,8;0,8055555555555555;83,0;0,0;44,0
2024-08-13;25049;9,1234;0,544;0,767;0,066;49,814;9,918;31,0;0,6111111111111112;90,0;0,0;51,0
2024-08-13;46505;13,0152;0,773;0,9211;0,0837;49,808;9,968;32,3;0,9166666666666666;77,0;0,0;44,0
2024-08-13;1;18,2179;1,0925;1,9845;0,1582;49,8047;9,95642;32,4;0,9166666666666666;96,0;0,0;45,0
2024-08-14;5456;21,3235;1,5409;2,3351;0,3179;49,802;9,944;28,5;2,4166666666666665;253,0;0,0;59,0
2024-08-14;9094;10,0484;0,622;0,5956;0,0496;49,796;9,902;28,9;2,25;249,0;0,0;56,0
2024-08-14;10645;15,3008;0,8896;1,1265;0,0978;49,782;9,932;28,6;2,4722222222222223;249,0;0,0;59,0
2024-08-14;13975;21,9195;1,31;1,9479;0,1812;49,792;9,946;28,5;2,4166666666666665;253,0;0,0;59,0
2024-08-14;15449;18,8648;1,0722;1,5842;0,1376;49,784;9,934;28,6;2,4722222222222223;249,0;0,0;59,0
2024-08-14;19623;18,5911;1,1589;1,1977;0,1127;49,798;9,928;28,6;2,4166666666666665;253,0;0,0;59,0
2024-08-14;25049;9,3207;0,6097;0,7636;0,0719;49,814;9,918;27,1;2,4166666666666665;253,0;0,0;65,0
2024-08-14;46505;13,9823;0,9146;1,0981;0,1027;49,808;9,968;28,6;2,3333333333333335;250,0;0,0;57,0
2024-08-14;1;19,3634;1,3515;2,2023;0,1982;49,8047;9,95642;28,5;2,4166666666666665;253,0;0,0;59,0
2024-08-15;5456;13,3324;0,4462;1,6242;0,0527;49,802;9,944;26,8;2,305555555555556;252,0;0,0;50,0
2024-08-15;9094;6,6079;0,1939;0,4277;0,0182;49,796;9,902;27,0;1,972222222222222;246,0;0,0;50,0
2024-08-15;10645;9,728;0,3212;0,9421;0,0525;49,782;9,932;26,9;2,25;238,0;0,0;53,0
2024-08-15;13975;13,7442;0,4745;1,5769;0,123;49,792;9,946;26,8;2,305555555555556;252,0;0,0;50,0
2024-08-15;15449;11,9294;0,3983;1,3249;0,0723;49,784;9,934;26,9;2,25;238,0;0,0;53,0
2024-08-15;19623;12,0193;0,4037;0,7937;0,0397;49,798;9,928;27,0;2,2777777777777777;255,0;0,0;50,0
2024-08-15;25049;5,9747;0,1845;0,4812;0,0166;49,814;9,918;25,6;2,305555555555556;252,0;0,0;56,0
2024-08-15;46505;8,4804;0,2807;0,9685;0,0664;49,808;9,968;26,7;2,2222222222222223;252,0;0,0;48,0
2024-08-15;1;11,842;0,3788;1,1647;0,0796;49,8047;9,95642;26,8;2,305555555555556;252,0;0,0;50,0
2024-08-16;5456;24,1154;1,1869;2,6809;0,1965;49,802;9,944;28,7;3,7222222222222223;250,0;0,0;46,0
2024-08-16;9094;11,6614;0,5117;0,7264;0,0311;49,796;9,902;28,8;3,138888888888889;248,0;0,0;45,0
2024-08-16;10645;16,7428;0,7458;1,198;0,0792;49,782;9,932;28,8;3,4444444444444446;248,0;0,0;46,0
2024-08-16;13975;24,0576;1,0812;2,0666;0,1855;49,792;9,946;28,7;3,7222222222222223;250,0;0,0;46,0
2024-08-16;15449;20,3871;0,907;1,6848;0,1025;49,784;9,934;28,8;3,4444444444444446;248,0;0,0;46,0
2024-08-16;19623;21,0095;0,9967;1,512;0,0827;49,798;9,928;28,9;3,5833333333333335;252,0;0,0;46,0
2024-08-16;25049;10,672;0,4863;0,964;0,0414;49,814;9,918;27,4;3,638888888888889;254,0;0,0;51,0
2024-08-16;46505;15,4099;0,7077;1,3588;0,0948;49,808;9,968;28,5;3,7222222222222223;246,0;0,0;44,0
2024-08-16;1;21,0364;0,9802;1,9845;0,1138;49,8047;9,95642;28,7;3,7222222222222223;250,0;0,0;46,0
2024-08-17;5456;21,0354;0,7836;2,3351;0,0869;49,802;9,944;27,0;3,1111111111111107;264,0;0,0;51,0
2024-08-17;9094;9,993;0,3366;0,4969;0,023;49,796;9,902;27,4;2,944444444444444;260,0;0,0;48,0
2024-08-17;10645;14,5843;0,5225;1,3673;0,0663;49,782;9,932;27,3;3,1666666666666665;259,0;0,0;50,0
2024-08-17;13975;20,9456;0,7709;2,1356;0,1553;49,792;9,946;27,0;3,1111111111111107;264,0;0,0;51,0
2024-08-17;15449;17,763;0,6309;1,9229;0,0858;49,784;9,934;27,3;3,1666666666666665;259,0;0,0;50,0
2024-08-17;19623;18,348;0,6779;1,1575;0,0834;49,798;9,928;27,2;3,138888888888889;263,0;0,0;50,0
2024-08-17;25049;9,1532;0,324;0,7002;0,0245;49,814;9,918;25,6;3,5277777777777777;263,0;0,0;56,0
2024-08-17;46505;13,642;0,5053;1,3667;0,0853;49,808;9,968;26,9;3,416666666666667;267,0;0,0;50,0
2024-08-17;1;18,3788;0,6956;1,6404;0,1024;49,8047;9,95642;27,0;3,1111111111111107;264,0;0,0;51,0
2024-08-18;5456;14,4765;0,4073;1,4623;0,05;49,802;9,944;22,1;2,3333333333333335;301,0;1,1;82,0
2024-08-18;9094;7,0764;0,1675;0,4098;0,0192;49,796;9,902;22,5;2,1944444444444446;317,0;0,6;77,0
2024-08-18;10645;11,0569;0,2679;1,1955;0,0553;49,782;9,932;22,6;2,0;307,0;0,9;78,0
2024-08-18;13975;15,5915;0,4229;2,2931;0,1294;49,792;9,946;22,1;2,3333333333333335;301,0;1,1;82,0
2024-08-18;15449;13,6561;0,324;1,6812;0,0715;49,784;9,934;22,6;2,0;307,0;0,9;78,0
2024-08-18;19623;13,0379;0,3367;0,9139;0,0437;49,798;9,928;21,9;2,4722222222222223;310,0;0,7999999999999999;83,0
2024-08-18;25049;6,4465;0,1652;0,4981;0,0175;49,814;9,918;20,7;2,4722222222222223;313,0;0,7;87,0
2024-08-18;46505;9,2742;0,2612;1,2308;0,0679;49,808;9,968;22,2;2,0277777777777777;303,0;1,0;80,0
2024-08-18;1;12,9019;0,3558;1,4773;0,0815;49,8047;9,95642;22,1;2,3333333333333335;301,0;1,1;82,0
2024-08-19;5456;21,4994;1,3458;2,3331;0,2267;49,802;9,944;21,8;2,5555555555555554;48,0;0,0;56,0
2024-08-19;9094;10,0706;0,5783;0,5777;0,0432;49,796;9,902;22,3;2,4166666666666665;45,0;0,0;52,0
2024-08-19;10645;14,7645;0,8444;1,1027;0,1029;49,782;9,932;22,2;2,4722222222222223;47,0;0,0;55,0
2024-08-19;13975;21,3617;1,205;1,8897;0,1488;49,792;9,946;21,8;2,5555555555555554;48,0;0,0;56,0
2024-08-19;15449;18,1658;1,0371;1,5507;0,1447;49,784;9,934;22,2;2,4722222222222223;47,0;0,0;55,0
2024-08-19;19623;18,5138;1,1272;1,3137;0,0981;49,798;9,928;22,0;2,4166666666666665;48,0;0,0;56,0
2024-08-19;25049;9,2771;0,5619;0,8364;0,0626;49,814;9,918;21,0;2,4166666666666665;48,0;0,0;59,0
2024-08-19;46505;13,3925;0,852;1,0017;0,1059;49,808;9,968;21,6;2,5555555555555554;48,0;0,0;55,0
2024-08-19;1;18,3965;1,1584;1,7909;0,171;49,8047;9,95642;21,8;2,5555555555555554;48,0;0,0;56,0
2024-08-20;5456;19,6929;1,3138;2,0699;0,1759;49,802;9,944;22,8;2,25;167,0;0,0;64,0
2024-08-20;9094;9,5626;0,5526;0,5374;0,0368;49,796;9,902;23,0;2,3333333333333335;173,0;0,0;63,0
2024-08-20;10645;14,0446;0,7984;1,0613;0,0829;49,782;9,932;22,8;2,3333333333333335;173,0;0,0;65,0
2024-08-20;13975;19,9611;1,1776;1,8638;0,1941;49,792;9,946;22,8;2,25;167,0;0,0;64,0
2024-08-20;15449;17,204;0,9537;1,4925;0,1164;49,784;9,934;22,8;2,3333333333333335;173,0;0,0;65,0
2024-08-20;19623;17,4214;1,0845;1,2365;0,0954;49,798;9,928;22,9;2,3333333333333335;170,0;0,0;64,0
2024-08-20;25049;8,7057;0,5351;0,7264;0,0533;49,814;9,918;21,8;2,2777777777777777;165,0;0,0;69,0
2024-08-20;46505;12,651;0,7996;0,9843;0,098;49,808;9,968;22,6;2,361111111111111;168,0;0,0;63,0
2024-08-20;1;17,5429;1,1469;1,9603;0,1326;49,8047;9,95642;22,8;2,25;167,0;0,0;64,0
2024-08-21;5456;20,4359;1,3958;2,2975;0,2803;49,802;9,944;20,9;4,305555555555555;282,0;0,1;44,0
2024-08-21;9094;9,6891;0,593;0,5718;0,0456;49,796;9,902;21,4;3,4444444444444446;296,0;0,1;41,0
2024-08-21;10645;14,1993;0,8446;1,1466;0,0866;49,782;9,932;21,3;3,861111111111111;291,0;0,1;43,0
2024-08-21;13975;20,5589;1,2605;1,7322;0,2028;49,792;9,946;20,9;4,305555555555555;282,0;0,1;44,0
2024-08-21;15449;17,3449;1,0065;1,6124;0,1121;49,784;9,934;21,3;3,861111111111111;291,0;0,1;43,0
2024-08-21;19623;17,5351;1,093;1,2604;0,1035;49,798;9,928;20,9;4,027777777777778;289,0;0,1;46,0
2024-08-21;25049;8,8503;0,5676;0,7526;0,066;49,814;9,918;19,7;3,9166666666666665;289,0;0,2;49,0
2024-08-21;46505;12,7537;0,8315;1,0191;0,078;49,808;9,968;20,8;4,5;282,0;0,1;42,0
2024-08-21;1;17,9128;1,1831;1,9724;0,1806;49,8047;9,95642;20,9;4,305555555555555;282,0;0,1;44,0
2024-08-22;5456;20,9836;1,406;2,2947;0,2399;49,802;9,944;21,8;2,055555555555556;227,0;0,0;45,0
2024-08-22;9094;9,997;0,5909;0,5883;0,045;49,796;9,902;22,0;1,777777777777778;218,0;0,0;44,0
2024-08-22;10645;14,6096;0,8495;1,1842;0,1023;49,782;9,932;22,1;2,0;217,0;0,0;45,0
2024-08-22;13975;20,9594;1,2663;1,8207;0,2394;49,792;9,946;21,8;2,055555555555556;227,0;0,0;45,0
2024-08-22;15449;17,831;1,0276;1,6654;0,1323;49,784;9,934;22,1;2,0;217,0;0,0;45,0
2024-08-22;19623;18,2997;1,1359;1,3091;0,1021;49,798;9,928;21,8;1,9166666666666667;227,0;0,0;46,0
2024-08-22;25049;9,161;0,5678;0,8347;0,0651;49,814;9,918;20,7;2,055555555555556;227,0;0,0;50,0
2024-08-22;46505;13,2348;0,7901;1,2182;0,0853;49,808;9,968;21,8;2,055555555555556;223,0;0,0;44,0
2024-08-22;1;18,4075;1,1595;1,8696;0,1598;49,8047;9,95642;21,8;2,055555555555556;227,0;0,0;45,0
2024-08-23;5456;23,9675;1,4713;2,9218;0,2745;49,802;9,944;26,3;4,888888888888889;223,0;0,0;36,0
2024-08-23;9094;11,7182;0,5697;0,7787;0,0421;49,796;9,902;26,7;4,277777777777778;217,0;0,0;34,0
2024-08-23;10645;17,0206;0,8129;1,2582;0,0958;49,782;9,932;26,8;4,694444444444444;218,0;0,0;35,0
2024-08-23;13975;24,2332;1,2675;2,0364;0,2243;49,792;9,946;26,3;4,888888888888889;223,0;0,0;36,0
2024-08-23;15449;20,8255;0,9607;1,7695;0,124;49,784;9,934;26,8;4,694444444444444;218,0;0,0;35,0
2024-08-23;19623;21,0946;1,1309;1,4895;0,0955;49,798;9,928;26,5;4,666666666666667;222,0;0,0;36,0
2024-08-23;25049;10,652;0,5566;0,9497;0,0609;49,814;9,918;25,1;4,944444444444445;222,0;0,0;40,0
2024-08-23;46505;15,294;0,8254;1,5089;0,1106;49,808;9,968;26,3;4,666666666666667;222,0;0,0;35,0
2024-08-23;1;20,9897;1,196;1,9936;0,1662;49,8047;9,95642;26,3;4,888888888888889;223,0;0,0;36,0
2024-08-24;5456;20,6383;0,7017;2,3207;0,0809;49,802;9,944;30,9;3,611111111111111;175,0;0,0;36,0
2024-08-24;9094;9,8897;0,3256;0,6207;0,0179;49,796;9,902;31,3;3,5;175,0;0,0;34,0
2024-08-24;10645;14,5281;0,5085;1,272;0,0527;49,782;9,932;31,5;3,8055555555555554;180,0;0,0;34,0
2024-08-24;13975;20,6997;0,7011;2,2284;0,1208;49,792;9,946;30,9;3,611111111111111;175,0;0,0;36,0
2024-08-24;15449;17,8368;0,6248;1,7889;0,0741;49,784;9,934;31,5;3,8055555555555554;180,0;0,0;34,0
2024-08-24;19623;17,9617;0,6269;1,2065;0,0656;49,798;9,928;31,2;3,7222222222222223;174,0;0,0;35,0
2024-08-24;25049;9,0073;0,3016;0,756;0,0211;49,814;9,918;29,8;3,8333333333333335;171,0;0,0;39,0
2024-08-24;46505;13,238;0,4853;1,2324;0,0758;49,808;9,968;30,9;3,416666666666667;175,0;0,0;35,0
2024-08-24;1;17,957;0,6535;1,6154;0,091;49,8047;9,95642;30,9;3,611111111111111;175,0;0,0;36,0
2024-08-25;5456;14,1722;0,3354;1,4681;0,0377;49,802;9,944;20,6;3,138888888888889;277,0;4,699999999999999;49,0
2024-08-25;9094;6,9147;0,159;0,4277;0,0147;49,796;9,902;20,9;3,194444444444444;274,0;4,8;45,0
2024-08-25;10645;10,6261;0,2726;1,134;0,0439;49,782;9,932;20,8;3,3055555555555554;275,0;4,3;47,0
2024-08-25;13975;15,0464;0,3999;1,9911;0,0992;49,792;9,946;20,6;3,138888888888889;277,0;4,699999999999999;49,0
2024-08-25;15449;13,091;0,3411;1,5948;0,0617;49,784;9,934;20,8;3,3055555555555554;275,0;4,3;47,0
2024-08-25;19623;12,5837;0,3287;0,8563;0,0477;49,798;9,928;20,7;3,416666666666667;275,0;4,9;48,0
2024-08-25;25049;6,2824;0,1482;0,5395;0,0134;49,814;9,918;19,6;3,7222222222222223;275,0;5,1000000000000005;53,0
2024-08-25;46505;9,1674;0,2316;1,1802;0,0664;49,808;9,968;20,5;3,0277777777777777;276,0;4,300000000000001;47,0
2024-08-25;1;12,764;0,3117;1,4166;0,0796;49,8047;9,95642;20,6;3,138888888888889;277,0;4,699999999999999;49,0
2024-08-26;5456;19,6522;1,4685;2,113;0,2659;49,802;9,944;21,7;0,6666666666666666;333,0;0,0;45,0
2024-08-26;9094;9,2539;0,5824;0,5195;0,0383;49,796;9,902;22,1;0,7777777777777777;320,0;0,0;40,0
2024-08-26;10645;14,0901;0,8754;1,1215;0,1004;49,782;9,932;22,1;0,6111111111111112;270,0;0,0;42,0
2024-08-26;13975;20,3127;1,3483;1,8962;0,2351;49,792;9,946;21,7;0,6666666666666666;333,0;0,0;45,0
2024-08-26;15449;17,3604;1,0623;1,5772;0,13;49,784;9,934;22,1;0,6111111111111112;270,0;0,0;42,0
2024-08-26;19623;16,8397;1,1035;1,1814;0,0849;49,798;9,928;21,7;0,8611111111111112;324,0;0,0;45,0
2024-08-26;25049;8,5794;0,5644;0,7391;0,0541;49,814;9,918;20,2;0,5833333333333334;329,0;0,0;53,0
2024-08-26;46505;12,7282;0,8428;1,0617;0,1138;49,808;9,968;21,5;0,9166666666666666;13,0;0,0;44,0
2024-08-26;1;17,4944;1,2024;1,8454;0,163;49,8047;9,95642;21,7;0,6666666666666666;333,0;0,0;45,0
2024-08-27;5456;19,5867;1,4131;2,1617;0,237;49,802;9,944;24,7;2,888888888888889;76,0;0,0;49,0
2024-08-27;9094;9,2763;0,6092;0,5625;0,0555;49,796;9,902;25,0;2,694444444444444;75,0;0,0;46,0
2024-08-27;10645;13,7657;0,8945;0,9973;0,0941;49,782;9,932;25,2;2,7222222222222223;73,0;0,0;47,0
2024-08-27;13975;19,7848;1,3041;1,7883;0,2071;49,792;9,946;24,7;2,888888888888889;76,0;0,0;49,0
2024-08-27;15449;16,9088;1,0906;1,4025;0,1323;49,784;9,934;25,2;2,7222222222222223;73,0;0,0;47,0
2024-08-27;19623;16,9624;1,1923;1,2016;0,126;49,798;9,928;25,0;3,0277777777777777;81,0;0,0;48,0
2024-08-27;25049;8,5255;0,5951;0,7366;0,0803;49,814;9,918;23,6;3,1111111111111107;84,0;0,0;53,0
2024-08-27;46505;12,3841;0,8486;0,9401;0,0916;49,808;9,968;24,6;2,75;71,0;0,0;49,0
2024-08-27;1;17,1848;1,1827;1,803;0,163;49,8047;9,95642;24,7;2,888888888888889;76,0;0,0;49,0
2024-08-28;5456;20,3423;1,4966;2,3409;0,2774;49,802;9,944;27,4;2,1666666666666665;124,0;0,0;52,0
2024-08-28;9094;9,4543;0,6181;0,5698;0,0485;49,796;9,902;27,6;2,0;127,0;0,0;50,0
2024-08-28;10645;14,2216;0,9103;1,0399;0,0866;49,782;9,932;27,7;1,9166666666666667;129,0;0,0;51,0
2024-08-28;13975;20,426;1,2936;1,7797;0,1683;49,792;9,946;27,4;2,1666666666666665;124,0;0,0;52,0
2024-08-28;15449;17,4659;1,1068;1,4625;0,1217;49,784;9,934;27,7;1,9166666666666667;129,0;0,0;51,0
2024-08-28;19623;17,3267;1,1929;1,2861;0,1192;49,798;9,928;27,5;2,2777777777777777;128,0;0,0;51,0
2024-08-28;25049;8,7702;0,5986;0,7518;0,0702;49,814;9,918;26,4;2,4722222222222223;130,0;0,0;55,0
2024-08-28;46505;12,9258;0,8833;1,0143;0,1043;49,808;9,968;27,0;2,0277777777777777;123,0;0,0;52,0
2024-08-28;1;18,0279;1,2656;1,9633;0,1806;49,8047;9,95642;27,4;2,1666666666666665;124,0;0,0;52,0
2024-08-29;5456;20,5134;1,3858;2,3814;0,2659;49,802;9,944;31,2;0,8333333333333333;194,0;0,0;38,0
2024-08-29;9094;9,3643;0,5772;0,5942;0,0432;49,796;9,902;31,4;0,6944444444444444;188,0;0,0;38,0
2024-08-29;10645;14,5472;0,8744;1,1641;0,1069;49,782;9,932;31,5;0,8611111111111112;201,0;0,0;38,0
2024-08-29;13975;20,8508;1,2868;2,0062;0,2502;49,792;9,946;31,2;0,8333333333333333;194,0;0,0;38,0
2024-08-29;15449;17,9643;1,0555;1,6371;0,1383;49,784;9,934;31,5;0,8611111111111112;201,0;0,0;38,0
2024-08-29;19623;17,8261;1,1591;1,2693;0,0981;49,798;9,928;31,3;0,7222222222222222;196,0;0,0;39,0
2024-08-29;25049;8,7744;0,5611;0,8093;0,0626;49,814;9,918;29,7;0,6111111111111112;189,0;0,0;45,0
2024-08-29;46505;12,4558;0,7877;1,155;0,1122;49,808;9,968;31,0;0,6944444444444444;188,0;0,0;37,0
2024-08-29;1;17,659;1,1178;1,8;0,1438;49,8047;9,95642;31,2;0,8333333333333333;194,0;0,0;38,0
2024-08-30;5456;24,6696;1,4299;3,0865;0,2919;49,802;9,944;30,1;0,9444444444444444;58,0;0,0;45,0
2024-08-30;9094;11,8226;0,5808;0,7754;0,0436;49,796;9,902;30,7;0,9166666666666666;49,0;0,0;42,0
2024-08-30;10645;17,5631;0,8536;1,3535;0,0866;49,782;9,932;30,6;0,8611111111111112;45,0;0,0;43,0
2024-08-30;13975;25,1632;1,3001;2,1529;0,2028;49,792;9,946;30,1;0,9444444444444444;58,0;0,0;45,0
2024-08-30;15449;21,5411;1,0384;1,9035;0,1147;49,784;9,934;30,6;0,8611111111111112;45,0;0,0;43,0
2024-08-30;19623;21,1584;1,0805;1,459;0,0875;49,798;9,928;30,6;0,8611111111111112;54,0;0,0;44,0
2024-08-30;25049;10,7837;0,5603;0,9302;0,0558;49,814;9,918;29,2;0,7222222222222222;56,0;0,0;49,0
2024-08-30;46505;15,409;0,8679;1,4567;0,1375;49,808;9,968;29,7;1,0;37,0;0,0;46,0
2024-08-30;1;21,7578;1,2295;2,3324;0,165;49,8047;9,95642;30,1;0,9444444444444444;58,0;0,0;45,0
2024-08-31;5456;21,5461;0,7395;2,7426;0,0954;49,802;9,944;27,1;3,944444444444444;54,0;0,0;53,0
2024-08-31;9094;10,0635;0,3074;0,5909;0,0237;49,796;9,902;27,4;3,4444444444444446;54,0;0,0;51,0
2024-08-31;10645;14,9897;0,4942;1,272;0,0682;49,782;9,932;27,6;3,555555555555556;52,0;0,0;52,0
2024-08-31;13975;21,3499;0,7541;2,1507;0,1596;49,792;9,946;27,1;3,944444444444444;54,0;0,0;53,0
2024-08-31;15449;18,4835;0,6097;1,7889;0,0882;49,784;9,934;27,6;3,555555555555556;52,0;0,0;52,0
2024-08-31;19623;18,3719;0,6087;1,2919;0,0656;49,798;9,928;27,5;3,7777777777777777;58,0;0,0;52,0
2024-08-31;25049;9,2833;0,296;0,8237;0,0237;49,814;9,918;26,2;3,944444444444444;60,0;0,0;56,0
2024-08-31;46505;13,2351;0,4697;1,2387;0,079;49,808;9,968;26,9;3,6944444444444446;52,0;0,0;53,0
2024-08-31;1;18,4695;0,6478;1,7339;0,0948;49,8047;9,95642;27,1;3,944444444444444;54,0;0,0;53,0
