date;station_id;prox_kumulativ_car;prox_kumulativ_truck;IDW_car;IDW_truck;lat;lon;icon_temp_2m;icon_wind_speed;icon_wind_direction;icon_precip_12h;icon_relative_humidity
2024-05-01;5456;0,0216;0,0004;0,0049;0,0001;49,802;9,944;24,2;3,3055555555555554;95,0;0,0;42,0
2024-05-01;9094;0,004;0,0001;0,0003;0,0;49,796;9,902;24,6;3,222222222222222;97,0;0,0;39,0
2024-05-01;10645;0,011;0,0002;0,0017;0,0;49,782;9,932;24,5;3,138888888888889;99,0;0,0;41,0
2024-05-01;13975;0,0241;0,0005;0,0049;0,0002;49,792;9,946;24,2;3,3055555555555554;95,0;0,0;42,0
2024-05-01;15449;0,0228;0,0004;0,0043;0,0001;49,784;9,934;24,5;3,138888888888889;99,0;0,0;41,0
2024-05-01;19623;0,0168;0,0004;0,0025;0,0001;49,798;9,928;24,3;3,5277777777777777;98,0;0,0;42,0
2024-05-01;25049;0,003;0,0001;0,0005;0,0;49,814;9,918;23,3;3,7222222222222223;98,0;0,0;44,0
2024-05-01;46505;0,0085;0,0002;0,0015;0,0001;49,808;9,968;24,1;3,222222222222222;95,0;0,0;41,0
2024-05-01;1;0,02;0,0004;0,0048;0,0001;49,8047;9,95642;24,2;3,3055555555555554;95,0;0,0;42,0
2024-05-02;5456;0,0339;0,0027;0,0074;0,0009;49,802;9,944;24,2;3,0555555555555554;101,0;0,0;44,0
2024-05-02;9094;0,006;0,0003;0,0004;0,0;49,796;9,902;24,5;2,8055555555555554;107,0;0,0;42,0
2024-05-02;10645;0,0157;0,0008;0,0028;0,0001;49,782;9,932;24,5;2,833333333333333;108,0;0,0;44,0
2024-05-02;13975;0,0367;0,0019;0,0082;0,0005;49,792;9,946;24,2;3,0555555555555554;101,0;0,0;44,0
2024-05-02;15449;0,0323;0,0013;0,0063;0,0002;49,784;9,934;24,5;2,833333333333333;108,0;0,0;44,0
2024-05-02;19623;0,0234;0,0015;0,0032;0,0002;49,798;9,928;24,2;3,222222222222222;106,0;0,0;45,0
2024-05-02;25049;0,0044;0,0003;0,0007;0,0;49,814;9,918;23,4;3,3055555555555554;104,0;0,0;47,0
2024-05-02;46505;0,0131;0,0009;0,002;0,0002;49,808;9,968;24,1;2,972222222222222;104,0;0,0;43,0
2024-05-02;1;0,029;0,002;0,0066;0,0003;49,8047;9,95642;24,2;3,0555555555555554;101,0;0,0;44,0
2024-05-03;5456;0,0404;0,0021;0,0093;0,0007;49,802;9,944;13,3;4,027777777777778;256,0;0,5;71,0
2024-05-03;9094;0,0072;0,0003;0,0006;0,0;49,796;9,902;13,4;3,8055555555555554;252,0;0,1;68,0
2024-05-03;10645;0,017;0,0006;0,0032;0,0001;49,782;9,932;13,3;4,083333333333333;248,0;0,1;70,0
2024-05-03;13975;0,0408;0,0017;0,0099;0,0004;49,792;9,946;13,3;4,027777777777778;256,0;0,5;71,0
2024-05-03;15449;0,036;0,001;0,0081;0,0002;49,784;9,934;13,3;4,083333333333333;248,0;0,1;70,0
2024-05-03;19623;0,0284;0,0014;0,0039;0,0002;49,798;9,928;13,1;4,111111111111112;257,0;0,3;72,0
2024-05-03;25049;0,0054;0,0002;0,0009;0,0;49,814;9,918;12,2;4,416666666666667;257,0;0,3;75,0
2024-05-03;46505;0,0154;0,0008;0,0024;0,0002;49,808;9,968;13,1;3,8055555555555554;256,0;0,4;69,0
2024-05-03;1;0,0345;0,0016;0,0077;0,0003;49,8047;9,95642;13,3;4,027777777777778;256,0;0,5;71,0
2024-05-04;5456;0,0362;0,001;0,0077;0,0003;49,802;9,944;16,5;2,5277777777777777;124,0;0,0;55,0
2024-05-04;9094;0,006;0,0002;0,0004;0,0;49,796;9,902;16,5;2,4444444444444446;125,0;0,0;51,0
2024-05-04;10645;0,0149;0,0004;0,0025;0,0001;49,782;9,932;16,2;2,2777777777777777;119,0;0,0;58,0
2024-05-04;13975;0,036;0,0008;0,0081;0,0002;49,792;9,946;16,5;2,5277777777777777;124,0;0,0;55,0
2024-05-04;15449;0,0306;0,0007;0,0061;0,0001;49,784;9,934;16,2;2,2777777777777777;119,0;0,0;58,0
2024-05-04;19623;0,0242;0,0007;0,0034;0,0001;49,798;9,928;16,2;2,5833333333333335;126,0;0,0;54,0
2024-05-04;25049;0,0045;0,0001;0,0007;0,0;49,814;9,918;15,3;2,2777777777777777;128,0;0,0;57,0
2024-05-04;46505;0,0133;0,0005;0,0021;0,0001;49,808;9,968;16,3;2,138888888888889;118,0;0,0;54,0
2024-05-04;1;0,0276;0,001;0,0054;0,0002;49,8047;9,95642;16,5;2,5277777777777777;124,0;0,0;55,0
2024-05-05;5456;0,0233;0,0004;0,005;0,0001;49,802;9,944;16,5;3,333333333333333;231,0;4,1;75,0
2024-05-05;9094;0,0041;0,0001;0,0003;0,0;49,796;9,902;16,6;3,4722222222222223;221,0;4,699999999999999;75,0
2024-05-05;10645;0,0112;0,0002;0,0015;0,0;49,782;9,932;16,2;3,8333333333333335;221,0;4,3;78,0
2024-05-05;13975;0,0263;0,0004;0,0055;0,0001;49,792;9,946;16,5;3,333333333333333;231,0;4,1;75,0
2024-05-05;15449;0,0233;0,0004;0,0045;0,0001;49,784;9,934;16,2;3,8333333333333335;221,0;4,3;78,0
2024-05-05;19623;0,0177;0,0003;0,0027;0,0001;49,798;9,928;16,2;3,416666666666667;232,0;4,7;79,0
2024-05-05;25049;0,003;0,0001;0,0004;0,0;49,814;9,918;15,3;3,3055555555555554;241,0;5,5;81,0
2024-05-05;46505;0,0088;0,0003;0,002;0,0001;49,808;9,968;16,3;3,75;226,0;3,4999999999999996;75,0
2024-05-05;1;0,0193;0,0004;0,0039;0,0002;49,8047;9,95642;16,5;3,333333333333333;231,0;4,1;75,0
2024-05-06;5456;0,034;0,0019;0,0072;0,0007;49,802;9,944;16,9;2,25;225,0;3,7;79,0
2024-05-06;9094;0,0058;0,0003;0,0004;0,0;49,796;9,902;17,2;1,8333333333333333;229,0;3,5999999999999996;75,0
2024-05-06;10645;0,015;0,0006;0,0024;0,0001;49,782;9,932;17,0;1,9166666666666667;231,0;3,3;79,0
2024-05-06;13975;0,0366;0,0014;0,0087;0,0004;49,792;9,946;16,9;2,25;225,0;3,7;79,0
2024-05-06;15449;0,0307;0,001;0,006;0,0002;49,784;9,934;17,0;1,9166666666666667;231,0;3,3;79,0
2024-05-06;19623;0,0232;0,0013;0,0029;0,0002;49,798;9,928;16,9;2,055555555555556;227,0;3,8;81,0
2024-05-06;25049;0,0044;0,0002;0,0007;0,0001;49,814;9,918;16,1;2,1944444444444446;223,0;4,6;84,0
2024-05-06;46505;0,0127;0,0007;0,002;0,0002;49,808;9,968;16,7;2,055555555555556;227,0;3,3;77,0
2024-05-06;1;0,0282;0,0014;0,0063;0,0003;49,8047;9,95642;16,9;2,25;225,0;3,7;79,0
2024-05-07;5456;0,0343;0,0025;0,0074;0,0009;49,802;9,944;14,8;3,944444444444444;54,0;0,0;69,0
2024-05-07;9094;0,0059;0,0003;0,0004;0,0;49,796;9,902;15,3;3,333333333333333;51,0;0,0;65,0
2024-05-07;10645;0,0149;0,0007;0,0025;0,0001;49,782;9,932;15,0;3,3888888888888884;47,0;0,0;70,0
2024-05-07;13975;0,0351;0,0017;0,0083;0,0004;49,792;9,946;14,8;3,944444444444444;54,0;0,0;69,0
2024-05-07;15449;0,0313;0,0012;0,0071;0,0002;49,784;9,934;15,0;3,3888888888888884;47,0;0,0;70,0
2024-05-07;19623;0,0236;0,0014;0,0032;0,0002;49,798;9,928;15,0;3,75;56,0;0,0;69,0
2024-05-07;25049;0,0044;0,0003;0,0007;0,0001;49,814;9,918;14,0;3,861111111111111;53,0;0,0;75,0
2024-05-07;46505;0,0126;0,0008;0,0019;0,0002;49,808;9,968;14,8;3,7222222222222223;54,0;0,0;67,0
2024-05-07;1;0,0291;0,0018;0,0068;0,0003;49,8047;9,95642;14,8;3,944444444444444;54,0;0,0;69,0
2024-05-08;5456;0,0359;0,0022;0,008;0,0007;49,802;9,944;14,4;2,75;33,0;0,0;66,0
2024-05-08;9094;0,0062;0,0003;0,0004;0,0;49,796;9,902;14,7;2,5833333333333335;28,0;0,0;63,0
2024-05-08;10645;0,0147;0,0006;0,0026;0,0001;49,782;9,932;14,6;2,861111111111111;36,0;0,0;63,0
2024-05-08;13975;0,0373;0,0017;0,0091;0,0005;49,792;9,946;14,4;2,75;33,0;0,0;66,0
2024-05-08;15449;0,031;0,001;0,0075;0,0002;49,784;9,934;14,6;2,861111111111111;36,0;0,0;63,0
2024-05-08;19623;0,0244;0,0013;0,0033;0,0002;49,798;9,928;14,2;2,5;29,0;0,0;70,0
2024-05-08;25049;0,0046;0,0003;0,0007;0,0;49,814;9,918;13,1;2,5555555555555554;31,0;0,0;75,0
2024-05-08;46505;0,0136;0,0008;0,0022;0,0002;49,808;9,968;14,3;2,972222222222222;45,0;0,0;64,0
2024-05-08;1;0,0304;0,0017;0,0068;0,0003;49,8047;9,95642;14,4;2,75;33,0;0,0;66,0
2024-05-09;5456;0,0229;0,0006;0,005;0,0001;49,802;9,944;18,3;2,4444444444444446;71,0;0,0;39,0
2024-05-09;9094;0,0041;0,0001;0,0003;0,0;49,796;9,902;18,7;2,25;58,0;0,0;35,0
2024-05-09;10645;0,0114;0,0003;0,0018;0,0;49,782;9,932;18,6;2,4722222222222223;50,0;0,0;38,0
2024-05-09;13975;0,0262;0,0007;0,0054;0,0002;49,792;9,946;18,3;2,4444444444444446;71,0;0,0;39,0
2024-05-09;15449;0,0228;0,0005;0,0038;0,0001;49,784;9,934;18,6;2,4722222222222223;50,0;0,0;38,0
2024-05-09;19623;0,017;0,0005;0,0025;0,0001;49,798;9,928;18,3;2,4166666666666665;73,0;0,0;40,0
2024-05-09;25049;0,003;0,0001;0,0005;0,0;49,814;9,918;17,5;2,4444444444444446;81,0;0,0;44,0
2024-05-09;46505;0,0091;0,0002;0,0022;0,0001;49,808;9,968;18,2;2,5;61,0;0,0;36,0
2024-05-09;1;0,0209;0,0004;0,0046;0,0001;49,8047;9,95642;18,3;2,4444444444444446;71,0;0,0;39,0
2024-05-10;5456;0,0405;0,0023;0,0087;0,0007;49,802;9,944;20,6;2,111111111111111;45,0;0,0;39,0
2024-05-10;9094;0,0073;0,0003;0,0005;0,0;49,796;9,902;21,2;2,0277777777777777;57,0;0,0;33,0
2024-05-10;10645;0,0183;0,0008;0,0029;0,0001;49,782;9,932;21,3;1,777777777777778;47,0;0,0;35,0
2024-05-10;13975;0,0429;0,0019;0,0103;0,0004;49,792;9,946;20,6;2,111111111111111;45,0;0,0;39,0
2024-05-10;15449;0,0376;0,0017;0,0074;0,0004;49,784;9,934;21,3;1,777777777777778;47,0;0,0;35,0
2024-05-10;19623;0,0296;0,0015;0,0042;0,0002;49,798;9,928;20,6;2,055555555555556;67,0;0,0;40,0
2024-05-10;25049;0,0055;0,0003;0,0009;0,0;49,814;9,918;19,8;2,138888888888889;79,0;0,0;43,0
2024-05-10;46505;0,0153;0,0008;0,0024;0,0002;49,808;9,968;20,9;1,8611111111111112;36,0;0,0;33,0
2024-05-10;1;0,0335;0,0018;0,0073;0,0003;49,8047;9,95642;20,6;2,111111111111111;45,0;0,0;39,0
2024-05-11;5456;0,0367;0,0011;0,0085;0,0003;49,802;9,944;21,6;2,1944444444444446;66,0;0,0;42,0
2024-05-11;9094;0,0063;0,0002;0,0004;0,0;49,796;9,902;22,1;2,0;63,0;0,0;39,0
2024-05-11;10645;0,015;0,0004;0,0025;0,0001;49,782;9,932;22,0;2,055555555555556;67,0;0,0;41,0
2024-05-11;13975;0,036;0,001;0,0078;0,0003;49,792;9,946;21,6;2,1944444444444446;66,0;0,0;42,0
2024-05-11;15449;0,03;0,0006;0,0057;0,0001;49,784;9,934;22,0;2,055555555555556;67,0;0,0;41,0
2024-05-11;19623;0,0255;0,0009;0,0039;0,0001;49,798;9,928;21,6;2,111111111111111;65,0;0,0;44,0
2024-05-11;25049;0,0047;0,0001;0,0007;0,0;49,814;9,918;20,5;2,111111111111111;65,0;0,0;48,0
2024-05-11;46505;0,0133;0,0004;0,0021;0,0001;49,808;9,968;21,6;2,1944444444444446;66,0;0,0;40,0
2024-05-11;1;0,0283;0,0009;0,0057;0,0002;49,8047;9,95642;21,6;2,1944444444444446;66,0;0,0;42,0
2024-05-12;5456;0,0283;0,0008;0,0065;0,0002;49,802;9,944;23,7;1,6666666666666665;123,0;0,0;38,0
2024-05-12;9094;0,0052;0,0001;0,0004;0,0;49,796;9,902;23,7;1,9166666666666667;129,0;0,0;37,0
2024-05-12;10645;0,0134;0,0003;0,0021;0,0001;49,782;9,932;23,8;1,7222222222222223;126,0;0,0;37,0
2024-05-12;13975;0,0315;0,0008;0,0067;0,0002;49,792;9,946;23,7;1,6666666666666665;123,0;0,0;38,0
2024-05-12;15449;0,0272;0,0007;0,0049;0,0001;49,784;9,934;23,8;1,7222222222222223;126,0;0,0;37,0
2024-05-12;19623;0,0215;0,0006;0,0033;0,0001;49,798;9,928;23,4;1,8055555555555556;124,0;0,0;40,0
2024-05-12;25049;0,0038;0,0001;0,0006;0,0;49,814;9,918;22,2;2,055555555555556;104,0;0,0;46,0
2024-05-12;46505;0,0111;0,0003;0,0024;0,0001;49,808;9,968;23,5;1,9166666666666667;129,0;0,0;37,0
2024-05-12;1;0,0254;0,0006;0,0056;0,0002;49,8047;9,95642;23,7;1,6666666666666665;123,0;0,0;38,0
2024-05-13;5456;0,0337;0,0025;0,0071;0,0008;49,802;9,944;24,3;3,0555555555555554;131,0;0,0;38,0
2024-05-13;9094;0,0058;0,0003;0,0004;0,0;49,796;9,902;24,5;2,972222222222222;140,0;0,0;37,0
2024-05-13;10645;0,0148;0,0008;0,0022;0,0001;49,782;9,932;24,4;3,194444444444444;141,0;0,0;40,0
2024-05-13;13975;0,0356;0,002;0,0081;0,0004;49,792;9,946;24,3;3,0555555555555554;131,0;0,0;38,0
2024-05-13;15449;0,0306;0,0016;0,0062;0,0003;49,784;9,934;24,4;3,194444444444444;141,0;0,0;40,0
2024-05-13;19623;0,0228;0,0015;0,0029;0,0002;49,798;9,928;24,2;3,1111111111111107;138,0;0,0;39,0
2024-05-13;25049;0,0043;0,0003;0,0007;0,0001;49,814;9,918;23,1;3,0277777777777777;136,0;0,0;43,0
2024-05-13;46505;0,0128;0,0008;0,002;0,0002;49,808;9,968;24,1;3,0555555555555554;131,0;0,0;38,0
2024-05-13;1;0,029;0,0018;0,0067;0,0003;49,8047;9,95642;24,3;3,0555555555555554;131,0;0,0;38,0
2024-05-14;5456;0,0322;0,0024;0,007;0,0007;49,802;9,944;24,7;3,7777777777777777;112,0;0,0;37,0
2024-05-14;9094;0,0058;0,0003;0,0004;0,0;49,796;9,902;25,1;3,8055555555555554;113,0;0,0;33,0
2024-05-14;10645;0,0149;0,0009;0,0024;0,0001;49,782;9,932;25,1;3,888888888888889;116,0;0,0;35,0
2024-05-14;13975;0,0352;0,0022;0,0079;0,0005;49,792;9,946;24,7;3,7777777777777777;112,0;0,0;37,0
2024-05-14;15449;0,0314;0,0017;0,0067;0,0004;49,784;9,934;25,1;3,888888888888889;116,0;0,0;35,0
2024-05-14;19623;0,0225;0,0016;0,0029;0,0003;49,798;9,928;24,8;4,111111111111112;113,0;0,0;36,0
2024-05-14;25049;0,0043;0,0003;0,0007;0,0001;49,814;9,918;23,6;4,222222222222222;112,0;0,0;40,0
2024-05-14;46505;0,012;0,0008;0,0018;0,0002;49,808;9,968;24,6;3,6666666666666665;112,0;0,0;35,0
2024-05-14;1;0,0274;0,0018;0,0062;0,0003;49,8047;9,95642;24,7;3,7777777777777777;112,0;0,0;37,0
2024-05-15;5456;0,034;0,0024;0,0073;0,0007;49,802;9,944;22,0;1,6666666666666665;163,0;0,0;46,0
2024-05-15;9094;0,0061;0,0003;0,0005;0,0;49,796;9,902;22,2;1,5555555555555554;165,0;0,0;45,0
2024-05-15;10645;0,0151;0,0008;0,0024;0,0001;49,782;9,932;22,2;1,5;172,0;0,0;46,0
2024-05-15;13975;0,0368;0,0017;0,0082;0,0004;49,792;9,946;22,0;1,6666666666666665;163,0;0,0;46,0
2024-05-15;15449;0,0308;0,0015;0,006;0,0003;49,784;9,934;22,2;1,5;172,0;0,0;46,0
2024-05-15;19623;0,0235;0,0015;0,003;0,0002;49,798;9,928;22,0;1,777777777777778;164,0;0,0;46,0
2024-05-15;25049;0,0045;0,0003;0,0007;0,0001;49,814;9,918;21,1;1,8888888888888888;162,0;0,0;49,0
2024-05-15;46505;0,0129;0,0008;0,002;0,0002;49,808;9,968;21,9;1,5833333333333333;162,0;0,0;45,0
2024-05-15;1;0,0296;0,0017;0,0068;0,0003;49,8047;9,95642;22,0;1,6666666666666665;163,0;0,0;46,0
2024-05-16;5456;0,0363;0,0023;0,008;0,0009;49,802;9,944;17,2;2,1944444444444446;129,0;1,6;70,0
2024-05-16;9094;0,0061;0,0003;0,0004;0,0;49,796;9,902;17,4;2,1944444444444446;129,0;2,7;69,0
2024-05-16;10645;0,0159;0,0007;0,0026;0,0001;49,782;9,932;17,4;2,1944444444444446;137,0;2,4;71,0
2024-05-16;13975;0,0375;0,0017;0,009;0,0004;49,792;9,946;17,2;2,1944444444444446;129,0;1,6;70,0
2024-05-16;15449;0,0334;0,0014;0,0073;0,0003;49,784;9,934;17,4;2,1944444444444446;137,0;2,4;71,0
2024-05-16;19623;0,0232;0,0012;0,0032;0,0002;49,798;9,928;17,2;2,1944444444444446;129,0;2,4000000000000004;71,0
2024-05-16;25049;0,0046;0,0002;0,0008;0,0001;49,814;9,918;16,4;2,1944444444444446;129,0;2,5999999999999996;75,0
2024-05-16;46505;0,0133;0,0008;0,0022;0,0002;49,808;9,968;16,9;2,138888888888889;131,0;1,4;69,0
2024-05-16;1;0,0299;0,0018;0,0066;0,0003;49,8047;9,95642;17,2;2,1944444444444446;129,0;1,6;70,0
2024-05-17;5456;0,0423;0,0019;0,009;0,0005;49,802;9,944;15,2;2,638888888888889;169,0;2,7;84,0
2024-05-17;9094;0,0077;0,0003;0,0006;0,0;49,796;9,902;14,8;3,2777777777777777;203,0;2,8;82,0
2024-05-17;10645;0,0194;0,0007;0,0031;0,0001;49,782;9,932;14,6;3,333333333333333;213,0;2,9;83,0
2024-05-17;13975;0,0471;0,0019;0,0117;0,0005;49,792;9,946;15,2;2,638888888888889;169,0;2,7;84,0
2024-05-17;15449;0,0404;0,0014;0,0082;0,0003;49,784;9,934;14,6;3,333333333333333;213,0;2,9;83,0
2024-05-17;19623;0,03;0,0014;0,0042;0,0002;49,798;9,928;15,1;2,888888888888889;178,0;2,7;85,0
2024-05-17;25049;0,0058;0,0002;0,0009;0,0;49,814;9,918;14,6;2,1666666666666665;158,0;3,1;85,0
2024-05-17;46505;0,0162;0,0007;0,0025;0,0002;49,808;9,968;14,6;3,138888888888889;187,0;2,8;84,0
2024-05-17;1;0,036;0,0015;0,008;0,0003;49,8047;9,95642;15,2;2,638888888888889;169,0;2,7;84,0
2024-05-18;5456;0,0378;0,0011;0,008;0,0003;49,802;9,944;15,8;3,083333333333333;241,0;0,0;72,0
2024-05-18;9094;0,0062;0,0002;0,0004;0,0;49,796;9,902;16,1;3,0;240,0;0,0;70,0
2024-05-18;10645;0,0146;0,0004;0,0023;0,0001;49,782;9,932;16,1;3,0555555555555554;238,0;0,0;73,0
2024-05-18;13975;0,0379;0,0009;0,0084;0,0002;49,792;9,946;15,8;3,083333333333333;241,0;0,0;72,0
2024-05-18;15449;0,0295;0,0007;0,0065;0,0002;49,784;9,934;16,1;3,0555555555555554;238,0;0,0;73,0
2024-05-18;19623;0,0249;0,0007;0,0033;0,0001;49,798;9,928;15,9;3,1666666666666665;246,0;0,0;73,0
2024-05-18;25049;0,0047;0,0001;0,0007;0,0;49,814;9,918;14,8;3,4444444444444446;248,0;0,0;78,0
2024-05-18;46505;0,0143;0,0005;0,0024;0,0001;49,808;9,968;15,7;2,9166666666666665;239,0;0,0;71,0
2024-05-18;1;0,0294;0,001;0,0056;0,0002;49,8047;9,95642;15,8;3,083333333333333;241,0;0,0;72,0
2024-05-19;5456;0,0217;0,0005;0,0049;0,0001;49,802;9,944;17,5;3,6944444444444446;232,0;0,4;69,0
2024-05-19;9094;0,0038;0,0001;0,0003;0,0;49,796;9,902;17,9;3,75;228,0;0,30000000000000004;68,0
2024-05-19;10645;0,0089;0,0001;0,0016;0,0;49,782;9,932;17,7;4,027777777777778;228,0;0,30000000000000004;72,0
2024-05-19;13975;0,0214;0,0004;0,0042;0,0002;49,792;9,946;17,5;3,6944444444444446;232,0;0,4;69,0
2024-05-19;15449;0,0177;0,0003;0,0035;0,0001;49,784;9,934;17,7;4,027777777777778;228,0;0,30000000000000004;72,0
2024-05-19;19623;0,0164;0,0004;0,0026;0,0001;49,798;9,928;17,7;3,8333333333333335;231,0;0,2;71,0
2024-05-19;25049;0,0028;0,0001;0,0004;0,0;49,814;9,918;16,8;4,111111111111112;229,0;0,1;74,0
2024-05-19;46505;0,0082;0,0002;0,0019;0,0001;49,808;9,968;17,4;3,4722222222222223;231,0;0,4;65,0
2024-05-19;1;0,0188;0,0004;0,004;0,0001;49,8047;9,95642;17,5;3,6944444444444446;232,0;0,4;69,0
2024-05-20;5456;0,0236;0,0005;0,0052;0,0001;49,802;9,944;20,5;1,2222222222222223;9,0;0,0;53,0
2024-05-20;9094;0,0041;0,0001;0,0003;0,0;49,796;9,902;20,9;0,6111111111111112;9,0;0,0;47,0
2024-05-20;10645;0,0113;0,0002;0,0017;0,0001;49,782;9,932;20,8;0,1388888888888889;315,0;0,0;49,0
2024-05-20;13975;0,026;0,0006;0,0052;0,0002;49,792;9,946;20,5;1,2222222222222223;9,0;0,0;53,0
2024-05-20;15449;0,023;0,0004;0,0043;0,0001;49,784;9,934;20,8;0,1388888888888889;315,0;0,0;49,0
2024-05-20;19623;0,017;0,0004;0,0023;0,0001;49,798;9,928;20,4;1,0;360,0;0,0;55,0
2024-05-20;25049;0,0031;0,0001;0,0005;0,0;49,814;9,918;19,3;1,1111111111111112;10,0;0,0;62,0
2024-05-20;46505;0,009;0,0003;0,002;0,0001;49,808;9,968;20,3;1,3055555555555556;23,0;0,0;51,0
2024-05-20;1;0,0209;0,0006;0,0046;0,0002;49,8047;9,95642;20,5;1,2222222222222223;9,0;0,0;53,0
2024-05-21;5456;0,0346;0,0023;0,0074;0,0007;49,802;9,944;20,2;2,25;122,0;0,1;64,0
2024-05-21;9094;0,0057;0,0003;0,0004;0,0;49,796;9,902;20,4;2,1944444444444446;120,0;0,0;63,0
2024-05-21;10645;0,0148;0,0008;0,0023;0,0002;49,782;9,932;20,1;2,055555555555556;129,0;0,0;67,0
2024-05-21;13975;0,0352;0,0019;0,0079;0,0005;49,792;9,946;20,2;2,25;122,0;0,1;64,0
2024-05-21;15449;0,0308;0,0015;0,0063;0,0003;49,784;9,934;20,1;2,055555555555556;129,0;0,0;67,0
2024-05-21;19623;0,0228;0,0014;0,0029;0,0002;49,798;9,928;20,1;2,1944444444444446;120,0;0,2;65,0
2024-05-21;25049;0,0043;0,0003;0,0007;0,0001;49,814;9,918;19,0;2,3333333333333335;115,0;0,1;70,0
2024-05-21;46505;0,0127;0,0009;0,0019;0,0002;49,808;9,968;20,0;2,1666666666666665;124,0;0,1;64,0
2024-05-21;1;0,0283;0,0021;0,0063;0,0004;49,8047;9,95642;20,2;2,25;122,0;0,1;64,0
2024-05-22;5456;0,0322;0,0024;0,0068;0,0008;49,802;9,944;17,4;3,3611111111111107;258,0;0,0;67,0
2024-05-22;9094;0,0056;0,0003;0,0004;0,0;49,796;9,902;18,3;2,9166666666666665;264,0;0,0;61,0
2024-05-22;10645;0,013;0,0006;0,0021;0,0001;49,782;9,932;18,1;3,0277777777777777;264,0;0,0;64,0
2024-05-22;13975;0,0323;0,0016;0,0079;0,0004;49,792;9,946;17,4;3,3611111111111107;258,0;0,0;67,0
2024-05-22;15449;0,0277;0,0011;0,0063;0,0003;49,784;9,934;18,1;3,0277777777777777;264,0;0,0;64,0
2024-05-22;19623;0,0222;0,0015;0,0028;0,0002;49,798;9,928;17,5;3,222222222222222;263,0;0,0;67,0
2024-05-22;25049;0,0042;0,0003;0,0007;0,0001;49,814;9,918;16,5;3,4444444444444446;260,0;0,0;71,0
2024-05-22;46505;0,0125;0,0008;0,002;0,0002;49,808;9,968;17,4;3,4444444444444446;260,0;0,0;65,0
2024-05-22;1;0,0283;0,0018;0,0066;0,0003;49,8047;9,95642;17,4;3,3611111111111107;258,0;0,0;67,0
2024-05-23;5456;0,0254;0,0019;0,0073;0,0007;49,802;9,944;21,1;2,0277777777777777;261,0;0,0;47,0
2024-05-23;9094;0,0054;0,0003;0,0004;0,0;49,796;9,902;21,5;1,7222222222222223;263,0;0,0;43,0
2024-05-23;10645;0,0144;0,0008;0,0025;0,0002;49,782;9,932;21,1;1,9444444444444444;258,0;0,0;47,0
2024-05-23;13975;0,0322;0,0016;0,0081;0,0004;49,792;9,946;21,1;2,0277777777777777;261,0;0,0;47,0
2024-05-23;15449;0,0302;0,0016;0,0062;0,0004;49,784;9,934;21,1;1,9444444444444444;258,0;0,0;47,0
2024-05-23;19623;0,0194;0,0012;0,003;0,0002;49,798;9,928;21,3;2,0;264,0;0,0;47,0
2024-05-23;25049;0,004;0,0002;0,0007;0,0001;49,814;9,918;20,3;2,0;264,0;0,0;50,0
2024-05-23;46505;0,0117;0,0008;0,002;0,0002;49,808;9,968;20,7;1,9166666666666667;264,0;0,0;45,0
2024-05-23;1;0,0266;0,0017;0,0063;0,0003;49,8047;9,95642;21,1;2,0277777777777777;261,0;0,0;47,0
2024-05-24;5456;0,039;0,0022;0,0092;0,0007;49,802;9,944;17,8;1,5555555555555554;230,0;5,8;72,0
2024-05-24;9094;0,0066;0,0003;0,0005;0,0;49,796;9,902;18,0;1,5;228,0;5,1000000000000005;69,0
2024-05-24;10645;0,0155;0,0006;0,0026;0,0001;49,782;9,932;17,8;1,6388888888888888;227,0;5,6000000000000005;73,0
2024-05-24;13975;0,0403;0,0016;0,0096;0,0004;49,792;9,946;17,8;1,5555555555555554;230,0;5,8;72,0
2024-05-24;15449;0,0322;0,001;0,0072;0,0002;49,784;9,934;17,8;1,6388888888888888;227,0;5,6000000000000005;73,0
2024-05-24;19623;0,0254;0,0013;0,0033;0,0002;49,798;9,928;17,6;1,5555555555555554;230,0;5,300000000000001;74,0
2024-05-24;25049;0,005;0,0002;0,0009;0,0;49,814;9,918;16,6;1,6944444444444442;230,0;5,2;79,0
2024-05-24;46505;0,0147;0,0008;0,0025;0,0002;49,808;9,968;17,8;1,5555555555555554;225,0;5,7;69,0
2024-05-24;1;0,032;0,0017;0,0067;0,0003;49,8047;9,95642;17,8;1,5555555555555554;230,0;5,8;72,0
2024-05-25;5456;0,034;0,0013;0,0074;0,0003;49,802;9,944;19,5;0,9444444444444444;198,0;0,0;60,0
2024-05-25;9094;0,0055;0,0002;0,0004;0,0;49,796;9,902;19,8;1,3055555555555556;203,0;0,0;59,0
2024-05-25;10645;0,0121;0,0004;0,0021;0,0001;49,782;9,932;19,5;1,4444444444444444;205,0;0,0;64,0
2024-05-25;13975;0,033;0,001;0,0083;0,0002;49,792;9,946;19,5;0,9444444444444444;198,0;0,0;60,0
2024-05-25;15449;0,0247;0,0008;0,0058;0,0002;49,784;9,934;19,5;1,4444444444444444;205,0;0,0;64,0
2024-05-25;19623;0,0223;0,0009;0,003;0,0002;49,798;9,928;19,4;1,3333333333333333;207,0;0,0;65,0
2024-05-25;25049;0,0042;0,0001;0,0007;0,0;49,814;9,918;18,2;1,3333333333333333;207,0;0,0;71,0
2024-05-25;46505;0,0124;0,0005;0,002;0,0001;49,808;9,968;19,4;1,0;186,0;0,0;60,0
2024-05-25;1;0,0261;0,0011;0,0051;0,0002;49,8047;9,95642;19,5;0,9444444444444444;198,0;0,0;60,0
2024-05-26;5456;0,0245;0,0005;0,0053;0,0001;49,802;9,944;23,4;2,3333333333333335;160,0;0,0;47,0
2024-05-26;9094;0,0042;0,0001;0,0004;0,0;49,796;9,902;23,8;2,388888888888889;165,0;0,0;44,0
2024-05-26;10645;0,0113;0,0002;0,0018;0,0;49,782;9,932;23,5;2,4722222222222223;166,0;0,0;48,0
2024-05-26;13975;0,0342;0,0007;0,0103;0,0002;49,792;9,946;23,4;2,3333333333333335;160,0;0,0;47,0
2024-05-26;15449;0,0228;0,0004;0,0039;0,0001;49,784;9,934;23,5;2,4722222222222223;166,0;0,0;48,0
2024-05-26;19623;0,0158;0,0004;0,003;0,0001;49,798;9,928;23,5;2,4444444444444446;161,0;0,0;47,0
2024-05-26;25049;0,0032;0,0001;0,0006;0,0;49,814;9,918;22,5;2,4166666666666665;163,0;0,0;52,0
2024-05-26;46505;0,0088;0,0002;0,0019;0,0001;49,808;9,968;23,3;2,25;159,0;0,0;45,0
2024-05-26;1;0,0201;0,0004;0,0041;0,0001;49,8047;9,95642;23,4;2,3333333333333335;160,0;0,0;47,0
2024-05-27;5456;0,0317;0,0023;0,0067;0,0008;49,802;9,944;20,7;2,055555555555556;209,0;1,8;62,0
2024-05-27;9094;0,0053;0,0003;0,0004;0,0;49,796;9,902;21,0;1,8333333333333333;209,0;1,9;59,0
2024-05-27;10645;0,0141;0,0007;0,0023;0,0001;49,782;9,932;20,9;1,8888888888888888;212,0;2,0;63,0
2024-05-27;13975;0,0334;0,0018;0,0075;0,0004;49,792;9,946;20,7;2,055555555555556;209,0;1,8;62,0
2024-05-27;15449;0,0299;0,0012;0,0063;0,0002;49,784;9,934;20,9;1,8888888888888888;212,0;2,0;63,0
2024-05-27;19623;0,0212;0,0015;0,0027;0,0002;49,798;9,928;20,8;2,0;207,0;2,0;63,0
2024-05-27;25049;0,004;0,0003;0,0007;0,0001;49,814;9,918;19,8;2,1666666666666665;202,0;1,8;68,0
2024-05-27;46505;0,0118;0,0008;0,002;0,0002;49,808;9,968;20,8;1,8888888888888888;212,0;2,1;60,0
2024-05-27;1;0,0271;0,0019;0,0061;0,0003;49,8047;9,95642;20,7;2,055555555555556;209,0;1,8;62,0
2024-05-28;5456;0,0319;0,0024;0,0067;0,0007;49,802;9,944;17,9;4,0;269,0;0,0;45,0
2024-05-28;9094;0,0054;0,0003;0,0004;0,0;49,796;9,902;18,3;3,8055555555555554;270,0;0,0;42,0
2024-05-28;10645;0,0144;0,0008;0,0024;0,0001;49,782;9,932;18,1;3,888888888888889;270,0;0,0;44,0
2024-05-28;13975;0,0328;0,0021;0,0071;0,0005;49,792;9,946;17,9;4,0;269,0;0,0;45,0
2024-05-28;15449;0,0304;0,0014;0,0064;0,0002;49,784;9,934;18,1;3,888888888888889;270,0;0,0;44,0
2024-05-28;19623;0,0214;0,0016;0,0027;0,0002;49,798;9,928;17,8;4,111111111111112;270,0;0,0;46,0
2024-05-28;25049;0,0041;0,0003;0,0007;0,0001;49,814;9,918;16,6;4,194444444444445;270,0;0,0;51,0
2024-05-28;46505;0,012;0,0009;0,0019;0,0002;49,808;9,968;17,8;3,8055555555555554;270,0;0,0;43,0
2024-05-28;1;0,0279;0,0019;0,0066;0,0003;49,8047;9,95642;17,9;4,0;269,0;0,0;45,0
2024-05-29;5456;0,0351;0,0024;0,0083;0,0007;49,802;9,944;17,2;3,1666666666666665;215,0;0,4;69,0
2024-05-29;9094;0,0059;0,0003;0,0004;0,0;49,796;9,902;17,4;3,0;210,0;0,1;68,0
2024-05-29;10645;0,0156;0,0008;0,0027;0,0001;49,782;9,932;17,3;3,194444444444444;212,0;0,2;69,0
2024-05-29;13975;0,0349;0,002;0,0075;0,0005;49,792;9,946;17,2;3,1666666666666665;215,0;0,4;69,0
2024-05-29;15449;0,0328;0,0014;0,0071;0,0003;49,784;9,934;17,3;3,194444444444444;212,0;0,2;69,0
2024-05-29;19623;0,0237;0,0016;0,0034;0,0002;49,798;9,928;17,1;3,0555555555555554;212,0;0,3;70,0
2024-05-29;25049;0,0044;0,0003;0,0007;0,0001;49,814;9,918;16,0;3,222222222222222;210,0;0,6;74,0
2024-05-29;46505;0,013;0,0009;0,0021;0,0002;49,808;9,968;17,1;3,083333333333333;216,0;0,30000000000000004;68,0
2024-05-29;1;0,0287;0,002;0,0062;0,0003;49,8047;9,95642;17,2;3,1666666666666665;215,0;0,4;69,0
2024-05-30;5456;0,0213;0,0006;0,0048;0,0001;49,802;9,944;18,3;1,1944444444444444;336,0;14,0;70,0
2024-05-30;9094;0,0036;0,0001;0,0003;0,0;49,796;9,902;18,5;1,027777777777778;349,0;13,6;67,0
2024-05-30;10645;0,0093;0,0002;0,0015;0,0;49,782;9,932;18,3;1,1944444444444444;336,0;12,700000000000001;71,0
2024-05-30;13975;0,0231;0,0005;0,0051;0,0001;49,792;9,946;18,3;1,1944444444444444;336,0;14,0;70,0
2024-05-30;15449;0,0191;0,0004;0,0037;0,0;49,784;9,934;18,3;1,1944444444444444;336,0;12,700000000000001;71,0
2024-05-30;19623;0,015;0,0005;0,002;0,0001;49,798;9,928;18,3;1,25;346,0;14,6;72,0
2024-05-30;25049;0,0027;0,0001;0,0004;0,0;49,814;9,918;17,3;1,3055555555555556;351,0;17,2;77,0
2024-05-30;46505;0,0084;0,0003;0,0022;0,0001;49,808;9,968;18,2;1,4444444444444444;335,0;12,799999999999999;68,0
2024-05-30;1;0,0189;0,0005;0,004;0,0002;49,8047;9,95642;18,3;1,1944444444444444;336,0;14,0;70,0
2024-05-31;5456;0,0397;0,002;0,009;0,0006;49,802;9,944;16,7;2,5555555555555554;339,0;0,1;76,0
2024-05-31;9094;0,0072;0,0003;0,0005;0,0;49,796;9,902;16,7;2,5;331,0;0,4;75,0
2024-05-31;10645;0,0181;0,0006;0,0032;0,0001;49,782;9,932;16,7;2,5555555555555554;334,0;0,7999999999999999;77,0
2024-05-31;13975;0,0432;0,0015;0,0099;0,0003;49,792;9,946;16,7;2,5555555555555554;339,0;0,1;76,0
2024-05-31;15449;0,0365;0,001;0,0067;0,0002;49,784;9,934;16,7;2,5555555555555554;334,0;0,7999999999999999;77,0
2024-05-31;19623;0,0283;0,0013;0,0037;0,0002;49,798;9,928;16,5;2,5;331,0;0,2;79,0
2024-05-31;25049;0,0054;0,0002;0,0009;0,0;49,814;9,918;15,6;2,861111111111111;331,0;0,2;82,0
2024-05-31;46505;0,0153;0,0008;0,0025;0,0002;49,808;9,968;16,5;2,4444444444444446;341,0;0,4;75,0
2024-05-31;1;0,0333;0,0019;0,0072;0,0003;49,8047;9,95642;16,7;2,5555555555555554;339,0;0,1;76,0
2024-06-01;5456;0,0348;0,0009;0,0083;0,0002;49,802;9,944;15,6;3,9722222222222223;315,0;19,3;89,0
2024-06-01;9094;0,0057;0,0001;0,0004;0,0;49,796;9,902;15,9;3,8333333333333335;309,0;21,2;87,0
2024-06-01;10645;0,0148;0,0004;0,0027;0,0001;49,782;9,932;15,9;4,027777777777778;314,0;21,9;89,0
2024-06-01;13975;0,0337;0,0009;0,0072;0,0003;49,792;9,946;15,6;3,9722222222222223;315,0;19,3;89,0
2024-06-01;15449;0,0301;0,0007;0,0063;0,0002;49,784;9,934;15,9;4,027777777777778;314,0;21,9;89,0
2024-06-01;19623;0,023;0,0006;0,0032;0,0001;49,798;9,928;15,6;4,027777777777778;312,0;20,5;90,0
2024-06-01;25049;0,0043;0,0001;0,0007;0,0;49,814;9,918;14,8;4,166666666666667;314,0;20,8;92,0
2024-06-01;46505;0,0125;0,0004;0,0022;0,0002;49,808;9,968;15,6;3,888888888888889;314,0;20,1;88,0
2024-06-01;1;0,0263;0,0009;0,005;0,0002;49,8047;9,95642;15,6;3,9722222222222223;315,0;19,3;89,0
2024-06-02;5456;0,0254;0,0006;0,0059;0,0001;49,802;9,944;18,5;3,333333333333333;21,0;2,1;82,0
2024-06-02;9094;0,0039;0,0001;0,0003;0,0;49,796;9,902;18,3;2,0;360,0;2,2;86,0
2024-06-02;10645;0,011;0,0003;0,0016;0,0001;49,782;9,932;18,4;2,3333333333333335;10,0;5,0;85,0
2024-06-02;13975;0,0287;0,0007;0,0069;0,0003;49,792;9,946;18,5;3,333333333333333;21,0;2,1;82,0
2024-06-02;15449;0,0215;0,0005;0,0035;0,0001;49,784;9,934;18,4;2,3333333333333335;10,0;5,0;85,0
2024-06-02;19623;0,0174;0,0005;0,0022;0,0001;49,798;9,928;18,4;2,4444444444444446;12,0;2,8;84,0
2024-06-02;25049;0,0031;0,0001;0,0005;0,0;49,814;9,918;17,5;2,5;358,0;17,200000000000003;89,0
2024-06-02;46505;0,0088;0,0003;0,0019;0,0002;49,808;9,968;18,3;3,2499999999999996;18,0;8,2;82,0
2024-06-02;1;0,0194;0,0005;0,0038;0,0002;49,8047;9,95642;18,5;3,333333333333333;21,0;2,1;82,0
2024-06-03;5456;0,0332;0,0021;0,007;0,0006;49,802;9,944;15,8;2,1944444444444446;330,0;0,0;68,0
2024-06-03;9094;0,0051;0,0003;0,0004;0,0;49,796;9,902;16,2;2,1944444444444446;330,0;0,0;64,0
2024-06-03;10645;0,0127;0,0005;0,0023;0,0001;49,782;9,932;16,2;2,305555555555556;326,0;0,0;67,0
2024-06-03;13975;0,0333;0,0015;0,0085;0,0004;49,792;9,946;15,8;2,1944444444444446;330,0;0,0;68,0
2024-06-03;15449;0,0265;0,001;0,006;0,0002;49,784;9,934;16,2;2,305555555555556;326,0;0,0;67,0
2024-06-03;19623;0,0217;0,0014;0,0028;0,0002;49,798;9,928;16,0;2,055555555555556;331,0;0,0;69,0
2024-06-03;25049;0,0039;0,0003;0,0007;0,0001;49,814;9,918;15,4;2,0;333,0;0,0;71,0
2024-06-03;46505;0,0124;0,0007;0,0019;0,0002;49,808;9,968;15,7;2,2222222222222223;324,0;0,0;67,0
2024-06-03;1;0,0281;0,0017;0,0065;0,0003;49,8047;9,95642;15,8;2,1944444444444446;330,0;0,0;68,0
2024-06-04;5456;0,0327;0,0023;0,0075;0,0007;49,802;9,944;20,3;2,4722222222222223;243,0;0,0;47,0
2024-06-04;9094;0,0057;0,0003;0,0004;0,0;49,796;9,902;20,5;2,2777777777777777;241,0;0,0;46,0
2024-06-04;10645;0,0147;0,0008;0,0024;0,0001;49,782;9,932;20,4;2,5277777777777777;236,0;0,0;48,0
2024-06-04;13975;0,0342;0,002;0,0079;0,0005;49,792;9,946;20,3;2,4722222222222223;243,0;0,0;47,0
2024-06-04;15449;0,0309;0,0014;0,0067;0,0003;49,784;9,934;20,4;2,5277777777777777;236,0;0,0;48,0
2024-06-04;19623;0,0224;0,0015;0,0029;0,0002;49,798;9,928;20,2;2,638888888888889;245,0;0,0;49,0
2024-06-04;25049;0,0043;0,0003;0,0007;0,0001;49,814;9,918;19,1;2,5833333333333335;242,0;0,0;53,0
2024-06-04;46505;0,0121;0,0008;0,002;0,0002;49,808;9,968;20,2;2,25;238,0;0,0;45,0
2024-06-04;1;0,0275;0,0018;0,0062;0,0003;49,8047;9,95642;20,3;2,4722222222222223;243,0;0,0;47,0
2024-06-05;5456;0,0337;0,0023;0,0076;0,0008;49,802;9,944;19,5;4,166666666666667;246,0;0,0;63,0
2024-06-05;9094;0,0058;0,0003;0,0004;0,0;49,796;9,902;19,7;3,5833333333333335;243,0;0,0;61,0
2024-06-05;10645;0,0151;0,0006;0,0022;0,0001;49,782;9,932;19,5;3,638888888888889;238,0;0,0;65,0
2024-06-05;13975;0,0358;0,0016;0,0086;0,0004;49,792;9,946;19,5;4,166666666666667;246,0;0,0;63,0
2024-06-05;15449;0,0321;0,0011;0,0074;0,0002;49,784;9,934;19,5;3,638888888888889;238,0;0,0;65,0
2024-06-05;19623;0,0226;0,0013;0,003;0,0002;49,798;9,928;19,5;4,055555555555555;250,0;0,0;64,0
2024-06-05;25049;0,0043;0,0003;0,0007;0,0001;49,814;9,918;18,4;4,361111111111111;250,0;0,0;69,0
2024-06-05;46505;0,0124;0,0007;0,0019;0,0002;49,808;9,968;19,2;4,027777777777778;243,0;0,0;62,0
2024-06-05;1;0,0286;0,0016;0,0067;0,0003;49,8047;9,95642;19,5;4,166666666666667;246,0;0,0;63,0
2024-06-06;5456;0,0345;0,0025;0,0076;0,0009;49,802;9,944;20,7;2,055555555555556;241,0;0,0;56,0
2024-06-06;9094;0,006;0,0003;0,0004;0,0;49,796;9,902;20,9;1,8888888888888888;245,0;0,0;54,0
2024-06-06;10645;0,0159;0,0008;0,0027;0,0001;49,782;9,932;21,1;2,1666666666666665;236,0;0,0;54,0
2024-06-06;13975;0,037;0,0018;0,0087;0,0005;49,792;9,946;20,7;2,055555555555556;241,0;0,0;56,0
2024-06-06;15449;0,0331;0,0016;0,0065;0,0004;49,784;9,934;21,1;2,1666666666666665;236,0;0,0;54,0
2024-06-06;19623;0,0228;0,0015;0,003;0,0002;49,798;9,928;20,5;2,0;243,0;0,0;58,0
2024-06-06;25049;0,0044;0,0003;0,0007;0,0001;49,814;9,918;19,4;2,111111111111111;245,0;0,0;61,0
2024-06-06;46505;0,0125;0,0008;0,0019;0,0002;49,808;9,968;21,0;1,8611111111111112;234,0;0,0;53,0
2024-06-06;1;0,0285;0,0018;0,0064;0,0003;49,8047;9,95642;20,7;2,055555555555556;241,0;0,0;56,0
2024-06-07;5456;0,0405;0,0025;0,0092;0,0009;49,802;9,944;22,1;3,611111111111111;264,0;0,0;36,0
2024-06-07;9094;0,0072;0,0003;0,0006;0,0;49,796;9,902;22,3;3,0;270,0;0,0;34,0
2024-06-07;10645;0,0185;0,0008;0,003;0,0001;49,782;9,932;22,4;3,1111111111111107;264,0;0,0;37,0
2024-06-07;13975;0,0428;0,0021;0,0099;0,0005;49,792;9,946;22,1;3,611111111111111;264,0;0,0;36,0
2024-06-07;15449;0,0382;0,0017;0,0075;0,0003;49,784;9,934;22,4;3,1111111111111107;264,0;0,0;37,0
2024-06-07;19623;0,0276;0,0015;0,0037;0,0002;49,798;9,928;22,1;3,5;267,0;0,0;37,0
2024-06-07;25049;0,0054;0,0003;0,0009;0,0001;49,814;9,918;21,0;3,638888888888889;262,0;0,0;39,0
2024-06-07;46505;0,0157;0,0008;0,0024;0,0002;49,808;9,968;22,1;3,333333333333333;263,0;0,0;35,0
2024-06-07;1;0,035;0,002;0,0078;0,0003;49,8047;9,95642;22,1;3,611111111111111;264,0;0,0;36,0
2024-06-08;5456;0,0348;0,0011;0,008;0,0003;49,802;9,944;24,5;3,9166666666666665;238,0;0,0;39,0
2024-06-08;9094;0,0058;0,0002;0,0004;0,0;49,796;9,902;24,9;3,4722222222222223;237,0;0,0;37,0
2024-06-08;10645;0,0143;0,0005;0,0023;0,0001;49,782;9,932;24,6;3,75;236,0;0,0;40,0
2024-06-08;13975;0,0351;0,0011;0,0086;0,0002;49,792;9,946;24,5;3,9166666666666665;238,0;0,0;39,0
2024-06-08;15449;0,0287;0,0009;0,0052;0,0001;49,784;9,934;24,6;3,75;236,0;0,0;40,0
2024-06-08;19623;0,0226;0,0009;0,0031;0,0002;49,798;9,928;24,6;3,7777777777777777;238,0;0,0;40,0
2024-06-08;25049;0,0044;0,0001;0,0007;0,0;49,814;9,918;23,6;3,9166666666666665;238,0;0,0;43,0
2024-06-08;46505;0,013;0,0005;0,002;0,0001;49,808;9,968;24,4;3,6944444444444446;237,0;0,0;38,0
2024-06-08;1;0,027;0,0011;0,0052;0,0002;49,8047;9,95642;24,5;3,9166666666666665;238,0;0,0;39,0
2024-06-09;5456;0,0256;0,0006;0,0055;0,0001;49,802;9,944;22,0;2,5277777777777777;277,0;0,0;40,0
2024-06-09;9094;0,0044;0,0001;0,0003;0,0;49,796;9,902;22,1;2,055555555555556;284,0;0,0;38,0
2024-06-09;10645;0,0121;0,0002;0,0018;0,0;49,782;9,932;22,1;2,3333333333333335;280,0;0,0;40,0
2024-06-09;13975;0,0283;0,0006;0,0057;0,0002;49,792;9,946;22,0;2,5277777777777777;277,0;0,0;40,0
2024-06-09;15449;0,0244;0,0005;0,0045;0,0001;49,784;9,934;22,1;2,3333333333333335;280,0;0,0;40,0
2024-06-09;19623;0,0183;0,0005;0,0025;0,0001;49,798;9,928;22,0;2,305555555555556;275,0;0,0;40,0
2024-06-09;25049;0,0033;0,0001;0,0005;0,0;49,814;9,918;20,9;2,111111111111111;273,0;0,0;43,0
2024-06-09;46505;0,0096;0,0003;0,0019;0,0001;49,808;9,968;21,9;2,2222222222222223;278,0;0,0;38,0
2024-06-09;1;0,0218;0,0005;0,0048;0,0001;49,8047;9,95642;22,0;2,5277777777777777;277,0;0,0;40,0
2024-06-10;5456;0,0337;0,0025;0,0071;0,0008;49,802;9,944;21,3;4,583333333333333;247,0;0,0;36,0
2024-06-10;9094;0,0058;0,0003;0,0004;0,0;49,796;9,902;21,5;4,111111111111112;241,0;0,0;34,0
2024-06-10;10645;0,0151;0,0009;0,0026;0,0001;49,782;9,932;21,0;4,555555555555555;241,0;0,0;36,0
2024-06-10;13975;0,0352;0,0022;0,008;0,0005;49,792;9,946;21,3;4,583333333333333;247,0;0,0;36,0
2024-06-10;15449;0,0316;0,0017;0,0067;0,0004;49,784;9,934;21,0;4,555555555555555;241,0;0,0;36,0
2024-06-10;19623;0,0226;0,0016;0,003;0,0002;49,798;9,928;21,5;4,388888888888889;246,0;0,0;35,0
2024-06-10;25049;0,0043;0,0003;0,0007;0,0001;49,814;9,918;20,3;4,611111111111112;248,0;0,0;38,0
2024-06-10;46505;0,0125;0,0009;0,0019;0,0002;49,808;9,968;21,0;4,5;249,0;0,0;35,0
2024-06-10;1;0,0281;0,002;0,0064;0,0003;49,8047;9,95642;21,3;4,583333333333333;247,0;0,0;36,0
2024-06-11;5456;0,0319;0,0024;0,0066;0,0007;49,802;9,944;16,5;3,611111111111111;275,0;0,0;39,0
2024-06-11;9094;0,0057;0,0003;0,0004;0,0;49,796;9,902;16,6;3,5;275,0;0,0;39,0
2024-06-11;10645;0,0154;0,0008;0,0026;0,0001;49,782;9,932;16,5;3,638888888888889;278,0;0,0;41,0
2024-06-11;13975;0,0346;0,0021;0,0078;0,0005;49,792;9,946;16,5;3,611111111111111;275,0;0,0;39,0
2024-06-11;15449;0,0322;0,0016;0,0067;0,0003;49,784;9,934;16,5;3,638888888888889;278,0;0,0;41,0
2024-06-11;19623;0,0226;0,0017;0,0029;0,0003;49,798;9,928;16,8;3,8055555555555554;272,0;0,0;40,0
2024-06-11;25049;0,0042;0,0003;0,0007;0,0;49,814;9,918;15,8;3,9166666666666665;267,0;0,0;43,0
2024-06-11;46505;0,0124;0,0008;0,0019;0,0002;49,808;9,968;16,2;3,5277777777777777;278,0;0,0;38,0
2024-06-11;1;0,0285;0,0016;0,0068;0,0003;49,8047;9,95642;16,5;3,611111111111111;275,0;0,0;39,0
2024-06-12;5456;0,0334;0,0024;0,007;0,0008;49,802;9,944;18,2;1,3611111111111112;287,0;0,0;40,0
2024-06-12;9094;0,0058;0,0004;0,0004;0,0;49,796;9,902;18,7;1,6944444444444442;267,0;0,0;38,0
2024-06-12;10645;0,0153;0,0008;0,0025;0,0001;49,782;9,932;18,2;2,2222222222222223;265,0;0,0;42,0
2024-06-12;13975;0,036;0,002;0,0087;0,0004;49,792;9,946;18,2;1,3611111111111112;287,0;0,0;40,0
2024-06-12;15449;0,032;0,0016;0,0068;0,0003;49,784;9,934;18,2;2,2222222222222223;265,0;0,0;42,0
2024-06-12;19623;0,0226;0,0017;0,0028;0,0002;49,798;9,928;18,4;1,3888888888888888;270,0;0,0;43,0
2024-06-12;25049;0,0044;0,0003;0,0007;0,0001;49,814;9,918;17,6;1,6666666666666665;287,0;0,0;44,0
2024-06-12;46505;0,012;0,0008;0,0019;0,0002;49,808;9,968;18,5;1,1388888888888888;308,0;0,0;34,0
2024-06-12;1;0,0274;0,0019;0,0061;0,0003;49,8047;9,95642;18,2;1,3611111111111112;287,0;0,0;40,0
2024-06-13;5456;0,0326;0,0025;0,0067;0,0008;49,802;9,944;17,8;2,111111111111111;262,0;0,0;37,0
2024-06-13;9094;0,0058;0,0004;0,0004;0,0;49,796;9,902;18,1;1,7222222222222223;277,0;0,0;35,0
2024-06-13;10645;0,0158;0,0008;0,003;0,0002;49,782;9,932;17,8;1,8333333333333333;283,0;0,0;38,0
2024-06-13;13975;0,0362;0,0025;0,0086;0,0007;49,792;9,946;17,8;2,111111111111111;262,0;0,0;37,0
2024-06-13;15449;0,0329;0,0015;0,0069;0,0003;49,784;9,934;17,8;1,8333333333333333;283,0;0,0;38,0
2024-06-13;19623;0,0231;0,0017;0,0032;0,0003;49,798;9,928;18,0;2,111111111111111;270,0;0,0;37,0
2024-06-13;25049;0,0043;0,0003;0,0007;0,0001;49,814;9,918;16,8;2,3333333333333335;263,0;0,0;42,0
2024-06-13;46505;0,0127;0,0009;0,0019;0,0002;49,808;9,968;17,7;2,0;267,0;0,0;36,0
2024-06-13;1;0,0289;0,0022;0,0068;0,0004;49,8047;9,95642;17,8;2,111111111111111;262,0;0,0;37,0
2024-06-14;5456;0,0414;0,0021;0,0089;0,0006;49,802;9,944;17,1;4,444444444444445;211,0;0,9;61,0
2024-06-14;9094;0,0074;0,0003;0,0005;0,0;49,796;9,902;17,6;4,361111111111111;212,0;0,8;59,0
2024-06-14;10645;0,0188;0,0007;0,0031;0,0001;49,782;9,932;17,3;4,638888888888888;213,0;0,7;62,0
2024-06-14;13975;0,0435;0,0016;0,0102;0,0003;49,792;9,946;17,1;4,444444444444445;211,0;0,9;61,0
2024-06-14;15449;0,0389;0,0014;0,0083;0,0003;49,784;9,934;17,3;4,638888888888888;213,0;0,7;62,0
2024-06-14;19623;0,0295;0,0014;0,0041;0,0002;49,798;9,928;17,1;4,5;212,0;0,8;62,0
2024-06-14;25049;0,0055;0,0002;0,0009;0,0;49,814;9,918;15,7;4,472222222222222;214,0;0,8;68,0
2024-06-14;46505;0,0158;0,0008;0,0024;0,0002;49,808;9,968;17,0;4,25;210,0;0,9;61,0
2024-06-14;1;0,0347;0,0017;0,0076;0,0003;49,8047;9,95642;17,1;4,444444444444445;211,0;0,9;61,0
2024-06-15;5456;0,0367;0,0012;0,0084;0,0003;49,802;9,944;19,4;6,527777777777778;247,0;10,200000000000001;51,0
2024-06-15;9094;0,0059;0,0002;0,0004;0,0;49,796;9,902;19,7;5,527777777777778;248,0;10,6;49,0
2024-06-15;10645;0,0135;0,0004;0,0023;0,0001;49,782;9,932;19,5;6,0;244,0;10,7;50,0
2024-06-15;13975;0,0346;0,001;0,0076;0,0002;49,792;9,946;19,4;6,527777777777778;247,0;10,200000000000001;51,0
2024-06-15;15449;0,0278;0,0007;0,0063;0,0002;49,784;9,934;19,5;6,0;244,0;10,7;50,0
2024-06-15;19623;0,0241;0,0009;0,0031;0,0002;49,798;9,928;19,4;6,194444444444445;249,0;10,4;52,0
2024-06-15;25049;0,0045;0,0001;0,0007;0,0;49,814;9,918;18,2;6,583333333333333;248,0;9,9;57,0
2024-06-15;46505;0,0134;0,0004;0,0021;0,0001;49,808;9,968;19,5;6,194444444444445;247,0;10,3;48,0
2024-06-15;1;0,0281;0,0008;0,0057;0,0002;49,8047;9,95642;19,4;6,527777777777778;247,0;10,200000000000001;51,0
2024-06-16;5456;0,0253;0,0006;0,0057;0,0001;49,802;9,944;21,0;5,111111111111111;219,0;0,1;43,0
2024-06-16;9094;0,0044;0,0001;0,0004;0,0;49,796;9,902;21,2;4,222222222222222;216,0;0,2;43,0
2024-06-16;10645;0,012;0,0003;0,0017;0,0;49,782;9,932;21,1;4,388888888888889;215,0;0,1;45,0
2024-06-16;13975;0,0274;0,0007;0,0054;0,0002;49,792;9,946;21,0;5,111111111111111;219,0;0,1;43,0
2024-06-16;15449;0,0247;0,0005;0,0046;0,0001;49,784;9,934;21,1;4,388888888888889;215,0;0,1;45,0
2024-06-16;19623;0,0185;0,0005;0,0026;0,0001;49,798;9,928;20,9;4,888888888888889;221,0;0,2;44,0
2024-06-16;25049;0,0033;0,0001;0,0005;0,0;49,814;9,918;19,7;5,166666666666667;224,0;0,3;47,0
2024-06-16;46505;0,0095;0,0002;0,0019;0,0001;49,808;9,968;20,9;4,722222222222222;216,0;0,1;43,0
2024-06-16;1;0,0214;0,0005;0,0045;0,0001;49,8047;9,95642;21,0;5,111111111111111;219,0;0,1;43,0
2024-06-17;5456;0,0335;0,0022;0,0074;0,0007;49,802;9,944;21,9;3,5;243,0;5,6;65,0
2024-06-17;9094;0,0056;0,0003;0,0004;0,0;49,796;9,902;22,3;3,138888888888889;239,0;5,5;62,0
2024-06-17;10645;0,0133;0,0006;0,0025;0,0001;49,782;9,932;22,1;3,416666666666667;238,0;6,2;64,0
2024-06-17;13975;0,0339;0,0018;0,0083;0,0004;49,792;9,946;21,9;3,5;243,0;5,6;65,0
2024-06-17;15449;0,0279;0,001;0,0063;0,0002;49,784;9,934;22,1;3,416666666666667;238,0;6,2;64,0
2024-06-17;19623;0,0217;0,0014;0,0027;0,0002;49,798;9,928;21,8;3,3611111111111107;243,0;5,7;66,0
2024-06-17;25049;0,0042;0,0002;0,0007;0,0001;49,814;9,918;20,5;3,5277777777777777;245,0;5,2;70,0
2024-06-17;46505;0,0125;0,0008;0,0019;0,0002;49,808;9,968;21,8;3,3888888888888884;242,0;6,2;63,0
2024-06-17;1;0,0284;0,0018;0,0066;0,0003;49,8047;9,95642;21,9;3,5;243,0;5,6;65,0
2024-06-18;5456;0,0321;0,0025;0,0069;0,0007;49,802;9,944;26,9;2,7777777777777777;154,0;0,0;52,0
2024-06-18;9094;0,0058;0,0003;0,0004;0,0;49,796;9,902;27,2;2,8055555555555554;153,0;0,0;49,0
2024-06-18;10645;0,015;0,0007;0,0024;0,0001;49,782;9,932;27,3;2,944444444444444;156,0;0,0;51,0
2024-06-18;13975;0,0344;0,0019;0,0077;0,0004;49,792;9,946;26,9;2,7777777777777777;154,0;0,0;52,0
2024-06-18;15449;0,0307;0,0013;0,0064;0,0002;49,784;9,934;27,3;2,944444444444444;156,0;0,0;51,0
2024-06-18;19623;0,022;0,0015;0,0029;0,0002;49,798;9,928;27,1;2,9166666666666665;153,0;0,0;52,0
2024-06-18;25049;0,0043;0,0003;0,0007;0,0001;49,814;9,918;25,8;3,0;154,0;0,0;57,0
2024-06-18;46505;0,0122;0,0008;0,0019;0,0002;49,808;9,968;26,7;2,694444444444444;153,0;0,0;51,0
2024-06-18;1;0,0278;0,0017;0,0065;0,0003;49,8047;9,95642;26,9;2,7777777777777777;154,0;0,0;52,0
2024-06-19;5456;0,0326;0,0021;0,0074;0,0007;49,802;9,944;22,2;2,888888888888889;272,0;0,9;76,0
2024-06-19;9094;0,0057;0,0003;0,0004;0,0;49,796;9,902;22,5;2,9166666666666665;276,0;0,8999999999999999;72,0
2024-06-19;10645;0,0142;0,0005;0,0026;0,0001;49,782;9,932;22,4;2,9166666666666665;276,0;0,8;73,0
2024-06-19;13975;0,0351;0,0016;0,0086;0,0003;49,792;9,946;22,2;2,888888888888889;272,0;0,9;76,0
2024-06-19;15449;0,0302;0,0009;0,0073;0,0001;49,784;9,934;22,4;2,9166666666666665;276,0;0,8;73,0
2024-06-19;19623;0,0219;0,0013;0,0029;0,0002;49,798;9,928;22,1;3,0277777777777777;276,0;0,8999999999999999;77,0
2024-06-19;25049;0,0042;0,0003;0,0007;0,0001;49,814;9,918;20,9;3,1111111111111107;270,0;0,8999999999999999;85,0
2024-06-19;46505;0,0122;0,0008;0,0019;0,0002;49,808;9,968;22,3;2,8055555555555554;276,0;0,9999999999999999;73,0
2024-06-19;1;0,0275;0,0018;0,0062;0,0003;49,8047;9,95642;22,2;2,888888888888889;272,0;0,9;76,0
2024-06-20;5456;0,0336;0,0022;0,0073;0,0007;49,802;9,944;21,8;2,9166666666666665;86,0;0,0;67,0
2024-06-20;9094;0,0059;0,0003;0,0004;0,0;49,796;9,902;22,1;2,611111111111111;92,0;0,0;63,0
2024-06-20;10645;0,0144;0,0007;0,0028;0,0001;49,782;9,932;22,1;2,611111111111111;90,0;0,0;66,0
2024-06-20;13975;0,0348;0,0018;0,008;0,0004;49,792;9,946;21,8;2,9166666666666665;86,0;0,0;67,0
2024-06-20;15449;0,0293;0,0013;0,0057;0,0003;49,784;9,934;22,1;2,611111111111111;90,0;0,0;66,0
2024-06-20;19623;0,0238;0,0015;0,0033;0,0002;49,798;9,928;22,0;3,0;90,0;0,0;66,0
2024-06-20;25049;0,0044;0,0003;0,0007;0,0001;49,814;9,918;20,9;3,1111111111111107;94,0;0,0;72,0
2024-06-20;46505;0,0126;0,0008;0,002;0,0002;49,808;9,968;21,7;2,694444444444444;86,0;0,0;66,0
2024-06-20;1;0,0284;0,0018;0,0063;0,0003;49,8047;9,95642;21,8;2,9166666666666665;86,0;0,0;67,0
2024-06-21;5456;0,0432;0,002;0,0103;0,0007;49,802;9,944;23,0;2,694444444444444;184,0;1,3;80,0
2024-06-21;9094;0,0075;0,0003;0,0006;0,0;49,796;9,902;23,2;2,611111111111111;180,0;1,2;78,0
2024-06-21;10645;0,019;0,0007;0,003;0,0001;49,782;9,932;23,2;2,7222222222222223;186,0;2,1;79,0
2024-06-21;13975;0,046;0,0019;0,011;0,0005;49,792;9,946;23,0;2,694444444444444;184,0;1,3;80,0
2024-06-21;15449;0,0386;0,0012;0,0081;0,0002;49,784;9,934;23,2;2,7222222222222223;186,0;2,1;79,0
2024-06-21;19623;0,0308;0,0014;0,004;0,0002;49,798;9,928;22,9;2,8055555555555554;178,0;1,3;81,0
2024-06-21;25049;0,0057;0,0002;0,0009;0,0;49,814;9,918;22,0;3,0;176,0;1,4;83,0
2024-06-21;46505;0,0157;0,0008;0,0025;0,0002;49,808;9,968;22,9;2,5;185,0;1,1;80,0
2024-06-21;1;0,0353;0,0018;0,0077;0,0003;49,8047;9,95642;23,0;2,694444444444444;184,0;1,3;80,0
2024-06-22;5456;0,0363;0,0011;0,0078;0,0003;49,802;9,944;20,1;2,972222222222222;230,0;0,1;60,0
2024-06-22;9094;0,0062;0,0002;0,0004;0,0;49,796;9,902;20,5;2,611111111111111;230,0;0,1;57,0
2024-06-22;10645;0,0159;0,0005;0,0024;0,0001;49,782;9,932;20,4;2,833333333333333;231,0;0,1;59,0
2024-06-22;13975;0,0362;0,0009;0,0076;0,0002;49,792;9,946;20,1;2,972222222222222;230,0;0,1;60,0
2024-06-22;15449;0,0339;0,001;0,0076;0,0002;49,784;9,934;20,4;2,833333333333333;231,0;0,1;59,0
2024-06-22;19623;0,0255;0,0009;0,003;0,0001;49,798;9,928;20,1;2,9166666666666665;232,0;0,1;61,0
2024-06-22;25049;0,0047;0,0001;0,0007;0,0;49,814;9,918;18,9;2,972222222222222;230,0;0,1;65,0
2024-06-22;46505;0,0132;0,0005;0,002;0,0001;49,808;9,968;20,1;2,9166666666666665;232,0;0,1;58,0
2024-06-22;1;0,0279;0,001;0,0056;0,0002;49,8047;9,95642;20,1;2,972222222222222;230,0;0,1;60,0
2024-06-23;5456;0,0259;0,0006;0,0055;0,0001;49,802;9,944;22,3;1,777777777777778;47,0;0,0;55,0
2024-06-23;9094;0,0047;0,0001;0,0004;0,0;49,796;9,902;22,3;1,6388888888888888;43,0;0,0;53,0
2024-06-23;10645;0,012;0,0003;0,0016;0,0;49,782;9,932;22,0;1,7222222222222223;36,0;0,0;56,0
2024-06-23;13975;0,0278;0,0006;0,0054;0,0002;49,792;9,946;22,3;1,777777777777778;47,0;0,0;55,0
2024-06-23;15449;0,0244;0,0005;0,0045;0,0001;49,784;9,934;22,0;1,7222222222222223;36,0;0,0;56,0
2024-06-23;19623;0,0202;0,0006;0,0025;0,0001;49,798;9,928;22,5;1,6944444444444442;50,0;0,0;54,0
2024-06-23;25049;0,0035;0,0001;0,0006;0,0;49,814;9,918;21,6;1,7222222222222223;54,0;0,0;57,0
2024-06-23;46505;0,0095;0,0003;0,0019;0,0001;49,808;9,968;22,1;1,6944444444444442;40,0;0,0;54,0
2024-06-23;1;0,0214;0,0005;0,0044;0,0001;49,8047;9,95642;22,3;1,777777777777778;47,0;0,0;55,0
2024-06-24;5456;0,0288;0,0021;0,0066;0,0007;49,802;9,944;25,1;4,555555555555555;52,0;0,0;43,0
2024-06-24;9094;0,0057;0,0003;0,0004;0,0;49,796;9,902;25,9;3,0277777777777777;63,0;0,0;37,0
2024-06-24;10645;0,015;0,0008;0,0024;0,0002;49,782;9,932;25,8;3,222222222222222;68,0;0,0;40,0
2024-06-24;13975;0,0348;0,0024;0,0081;0,0006;49,792;9,946;25,1;4,555555555555555;52,0;0,0;43,0
2024-06-24;15449;0,0314;0,0014;0,0065;0,0003;49,784;9,934;25,8;3,222222222222222;68,0;0,0;40,0
2024-06-24;19623;0,0231;0,0016;0,0031;0,0002;49,798;9,928;25,3;4,138888888888889;58,0;0,0;41,0
2024-06-24;25049;0,0043;0,0003;0,0007;0,0001;49,814;9,918;23,9;3,9722222222222223;56,0;0,0;46,0
2024-06-24;46505;0,012;0,0008;0,0019;0,0002;49,808;9,968;25,0;4,055555555555555;52,0;0,0;42,0
2024-06-24;1;0,0261;0,0018;0,0067;0,0004;49,8047;9,95642;25,1;4,555555555555555;52,0;0,0;43,0
2024-06-25;5456;0,0327;0,0029;0,007;0,0009;49,802;9,944;26,7;4,361111111111111;70,0;0,0;39,0
2024-06-25;9094;0,0058;0,0003;0,0004;0,0;49,796;9,902;27,0;3,888888888888889;67,0;0,0;36,0
2024-06-25;10645;0,015;0,0008;0,0024;0,0001;49,782;9,932;27,1;4,027777777777778;67,0;0,0;37,0
2024-06-25;13975;0,0357;0,0022;0,0087;0,0004;49,792;9,946;26,7;4,361111111111111;70,0;0,0;39,0
2024-06-25;15449;0,031;0,0015;0,006;0,0002;49,784;9,934;27,1;4,027777777777778;67,0;0,0;37,0
2024-06-25;19623;0,023;0,0017;0,003;0,0003;49,798;9,928;26,9;4,305555555555555;72,0;0,0;38,0
2024-06-25;25049;0,0043;0,0003;0,0007;0,0001;49,814;9,918;25,6;4,388888888888889;73,0;0,0;42,0
2024-06-25;46505;0,0119;0,0008;0,0018;0,0002;49,808;9,968;26,5;4,166666666666667;69,0;0,0;38,0
2024-06-25;1;0,0271;0,0018;0,0061;0,0003;49,8047;9,95642;26,7;4,361111111111111;70,0;0,0;39,0
2024-06-26;5456;0,0341;0,0027;0,0072;0,0009;49,802;9,944;29,2;1,5277777777777777;58,0;0,0;46,0
2024-06-26;9094;0,0058;0,0004;0,0004;0,0;49,796;9,902;29,7;1,4166666666666665;51,0;0,0;42,0
2024-06-26;10645;0,0148;0,0008;0,0022;0,0001;49,782;9,932;29,6;1,3611111111111112;54,0;0,0;45,0
2024-06-26;13975;0,0366;0,0019;0,0084;0,0003;49,792;9,946;29,2;1,5277777777777777;58,0;0,0;46,0
2024-06-26;15449;0,0309;0,0013;0,0067;0,0002;49,784;9,934;29,6;1,3611111111111112;54,0;0,0;45,0
2024-06-26;19623;0,0241;0,0019;0,0033;0,0003;49,798;9,928;29,7;1,4444444444444444;56,0;0,0;43,0
2024-06-26;25049;0,0044;0,0003;0,0007;0,0001;49,814;9,918;28,3;1,3055555555555556;58,0;0,0;48,0
2024-06-26;46505;0,0111;0,0009;0,0011;0,0003;49,808;9,968;28,9;1,4166666666666665;51,0;0,0;47,0
2024-06-26;1;0,0262;0,0019;0,0065;0,0004;49,8047;9,95642;29,2;1,5277777777777777;58,0;0,0;46,0
2024-06-27;5456;0,0339;0,0024;0,0074;0,0008;49,802;9,944;26,2;2,0833333333333335;235,0;0,0;65,0
2024-06-27;9094;0,0058;0,0003;0,0004;0,0;49,796;9,902;26,9;1,8611111111111112;234,0;0,1;61,0
2024-06-27;10645;0,0139;0,0006;0,0026;0,0001;49,782;9,932;26,6;1,972222222222222;229,0;0,2;66,0
2024-06-27;13975;0,0355;0,002;0,0089;0,0005;49,792;9,946;26,2;2,0833333333333335;235,0;0,0;65,0
2024-06-27;15449;0,0294;0,0012;0,0067;0,0003;49,784;9,934;26,6;1,972222222222222;229,0;0,2;66,0
2024-06-27;19623;0,0235;0,0016;0,003;0,0002;49,798;9,928;26,3;1,972222222222222;240,0;0,0;65,0
2024-06-27;25049;0,0044;0,0003;0,0007;0,0;49,814;9,918;25,0;1,972222222222222;246,0;0,0;71,0
2024-06-27;46505;0,0125;0,0008;0,0019;0,0002;49,808;9,968;26,3;2,1944444444444446;227,0;0,0;64,0
2024-06-27;1;0,0284;0,0018;0,0063;0,0003;49,8047;9,95642;26,2;2,0833333333333335;235,0;0,0;65,0
2024-06-28;5456;0,0432;0,0022;0,0099;0,0006;49,802;9,944;24,5;3,3055555555555554;265,0;2,8;76,0
2024-06-28;9094;0,0075;0,0003;0,0006;0,0;49,796;9,902;24,8;3,0;268,0;3,0;74,0
2024-06-28;10645;0,0187;0,0007;0,0031;0,0001;49,782;9,932;24,8;3,1111111111111107;266,0;4,0;76,0
2024-06-28;13975;0,0437;0,002;0,011;0,0005;49,792;9,946;24,5;3,3055555555555554;265,0;2,8;76,0
2024-06-28;15449;0,0381;0,0011;0,0076;0,0002;49,784;9,934;24,8;3,1111111111111107;266,0;4,0;76,0
2024-06-28;19623;0,0298;0,0015;0,0039;0,0002;49,798;9,928;24,5;3,3888888888888884;268,0;2,7;76,0
2024-06-28;25049;0,0056;0,0003;0,0009;0,0001;49,814;9,918;23,2;3,5;265,0;2,4;80,0
2024-06-28;46505;0,0163;0,0008;0,0027;0,0002;49,808;9,968;24,4;3,0277777777777777;262,0;2,8;74,0
2024-06-28;1;0,037;0,0019;0,0084;0,0003;49,8047;9,95642;24,5;3,3055555555555554;265,0;2,8;76,0
2024-06-29;5456;0,0371;0,0012;0,0081;0,0003;49,802;9,944;29,9;1,7222222222222223;80,0;0,0;55,0
2024-06-29;9094;0,006;0,0002;0,0005;0,0;49,796;9,902;30,4;1,5;90,0;0,0;52,0
2024-06-29;10645;0,0154;0,0004;0,0025;0,0;49,782;9,932;30,4;1,3888888888888888;90,0;0,0;54,0
2024-06-29;13975;0,0368;0,0011;0,008;0,0003;49,792;9,946;29,9;1,7222222222222223;80,0;0,0;55,0
2024-06-29;15449;0,0311;0,0009;0,0057;0,0002;49,784;9,934;30,4;1,3888888888888888;90,0;0,0;54,0
2024-06-29;19623;0,0254;0,001;0,0035;0,0002;49,798;9,928;30,3;1,8055555555555556;90,0;0,0;53,0
2024-06-29;25049;0,0046;0,0001;0,0008;0,0;49,814;9,918;29,1;1,9166666666666667;96,0;0,0;57,0
2024-06-29;46505;0,0136;0,0005;0,002;0,0001;49,808;9,968;29,7;1,5833333333333333;72,0;0,0;55,0
2024-06-29;1;0,0292;0,0011;0,0059;0,0002;49,8047;9,95642;29,9;1,7222222222222223;80,0;0,0;55,0
2024-06-30;5456;0,0236;0,0007;0,005;0,0001;49,802;9,944;21,8;4,527777777777778;235,0;2,1;74,0
2024-06-30;9094;0,0041;0,0001;0,0003;0,0;49,796;9,902;21,9;3,9166666666666665;232,0;2,7;73,0
2024-06-30;10645;0,0113;0,0002;0,0017;0,0001;49,782;9,932;21,7;4,055555555555555;232,0;2,0;75,0
2024-06-30;13975;0,0278;0,0007;0,0063;0,0003;49,792;9,946;21,8;4,527777777777778;235,0;2,1;74,0
2024-06-30;15449;0,0227;0,0004;0,0041;0,0001;49,784;9,934;21,7;4,055555555555555;232,0;2,0;75,0
2024-06-30;19623;0,0175;0,0005;0,0024;0,0001;49,798;9,928;21,9;4,416666666666667;237,0;2,4;74,0
2024-06-30;25049;0,0031;0,0001;0,0005;0,0;49,814;9,918;20,8;4,75;235,0;3,0;78,0
2024-06-30;46505;0,0091;0,0003;0,0019;0,0001;49,808;9,968;21,6;4,305555555555555;234,0;2,6;73,0
2024-06-30;1;0,02;0,0006;0,0041;0,0002;49,8047;9,95642;21,8;4,527777777777778;235,0;2,1;74,0
2024-07-01;5456;0,0347;0,0023;0,0072;0,0007;49,802;9,944;19,1;3,5833333333333335;283,0;0,1;73,0
2024-07-01;9094;0,0058;0,0003;0,0004;0,0;49,796;9,902;19,0;3,4444444444444446;278,0;0,1;76,0
2024-07-01;10645;0,0136;0,0006;0,0025;0,0001;49,782;9,932;18,9;3,5277777777777777;278,0;0,30000000000000004;79,0
2024-07-01;13975;0,0356;0,0018;0,0085;0,0005;49,792;9,946;19,1;3,5833333333333335;283,0;0,1;73,0
2024-07-01;15449;0,0277;0,001;0,0057;0,0002;49,784;9,934;18,9;3,5277777777777777;278,0;0,30000000000000004;79,0
2024-07-01;19623;0,0232;0,0015;0,0028;0,0002;49,798;9,928;19,0;3,555555555555556;281,0;0,1;75,0
2024-07-01;25049;0,0043;0,0003;0,0007;0,0001;49,814;9,918;17,9;3,555555555555556;280,0;0,0;79,0
2024-07-01;46505;0,0127;0,0008;0,002;0,0002;49,808;9,968;19,2;3,638888888888889;286,0;0,1;72,0
2024-07-01;1;0,0291;0,0016;0,0068;0,0003;49,8047;9,95642;19,1;3,5833333333333335;283,0;0,1;73,0
2024-07-02;5456;0,035;0,0022;0,0072;0,0006;49,802;9,944;17,9;3,3055555555555554;270,0;0,0;62,0
2024-07-02;9094;0,0059;0,0003;0,0004;0,0;49,796;9,902;18,2;3,138888888888889;277,0;0,0;59,0
2024-07-02;10645;0,0153;0,0006;0,0025;0,0001;49,782;9,932;18,1;3,2499999999999996;279,0;0,0;62,0
2024-07-02;13975;0,0361;0,0017;0,0083;0,0004;49,792;9,946;17,9;3,3055555555555554;270,0;0,0;62,0
2024-07-02;15449;0,0313;0,0011;0,0065;0,0002;49,784;9,934;18,1;3,2499999999999996;279,0;0,0;62,0
2024-07-02;19623;0,0244;0,0014;0,0029;0,0002;49,798;9,928;17,8;3,3888888888888884;272,0;0,2;64,0
2024-07-02;25049;0,0045;0,0003;0,0007;0,0001;49,814;9,918;16,9;3,611111111111111;265,0;0,0;66,0
2024-07-02;46505;0,0124;0,0008;0,0019;0,0002;49,808;9,968;17,9;3,333333333333333;277,0;0,0;60,0
2024-07-02;1;0,0282;0,0017;0,0063;0,0003;49,8047;9,95642;17,9;3,3055555555555554;270,0;0,0;62,0
2024-07-03;5456;0,0349;0,0024;0,0073;0,0007;49,802;9,944;18,6;2,6666666666666665;257,0;1,1;57,0
2024-07-03;9094;0,0057;0,0003;0,0004;0,0;49,796;9,902;18,8;2,1666666666666665;248,0;1,1;55,0
2024-07-03;10645;0,0136;0,0006;0,0024;0,0001;49,782;9,932;18,5;2,388888888888889;248,0;1,2;59,0
2024-07-03;13975;0,0349;0,0017;0,0087;0,0004;49,792;9,946;18,6;2,6666666666666665;257,0;1,1;57,0
2024-07-03;15449;0,029;0,001;0,0071;0,0002;49,784;9,934;18,5;2,388888888888889;248,0;1,2;59,0
2024-07-03;19623;0,0243;0,0015;0,0032;0,0002;49,798;9,928;18,6;2,5833333333333335;257,0;1,1;58,0
2024-07-03;25049;0,0044;0,0003;0,0007;0,0001;49,814;9,918;17,5;2,7777777777777777;255,0;1,4;63,0
2024-07-03;46505;0,0125;0,0008;0,002;0,0002;49,808;9,968;18,5;2,6666666666666665;257,0;1,2;55,0
2024-07-03;1;0,0286;0,0018;0,0065;0,0003;49,8047;9,95642;18,6;2,6666666666666665;257,0;1,1;57,0
2024-07-04;5456;0,0367;0,002;0,0077;0,0006;49,802;9,944;16,7;4,277777777777778;233,0;0,8;82,0
2024-07-04;9094;0,0062;0,0003;0,0004;0,0;49,796;9,902;17,3;4,194444444444445;232,0;1,1;78,0
2024-07-04;10645;0,016;0,0007;0,0027;0,0001;49,782;9,932;17,1;4,611111111111112;231,0;0,8999999999999999;80,0
2024-07-04;13975;0,0382;0,0015;0,0089;0,0003;49,792;9,946;16,7;4,277777777777778;233,0;0,8;82,0
2024-07-04;15449;0,033;0,0014;0,0067;0,0003;49,784;9,934;17,1;4,611111111111112;231,0;0,8999999999999999;80,0
2024-07-04;19623;0,0255;0,0015;0,0034;0,0002;49,798;9,928;16,9;4,166666666666667;235,0;0,8999999999999999;82,0
2024-07-04;25049;0,0047;0,0003;0,0007;0,0001;49,814;9,918;16,1;4,722222222222222;234,0;1,0;85,0
2024-07-04;46505;0,013;0,0007;0,0021;0,0001;49,808;9,968;16,6;3,9166666666666665;232,0;0,7;81,0
2024-07-04;1;0,0301;0,0014;0,0068;0,0002;49,8047;9,95642;16,7;4,277777777777778;233,0;0,8;82,0
2024-07-05;5456;0,0424;0,0022;0,0097;0,0007;49,802;9,944;20,5;4,083333333333333;259,0;0,0;51,0
2024-07-05;9094;0,0073;0,0003;0,0006;0,0;49,796;9,902;21,4;3,638888888888889;254,0;0,0;45,0
2024-07-05;10645;0,0177;0,0007;0,003;0,0001;49,782;9,932;21,0;3,9166666666666665;251,0;0,0;49,0
2024-07-05;13975;0,0456;0,0018;0,0113;0,0004;49,792;9,946;20,5;4,083333333333333;259,0;0,0;51,0
2024-07-05;15449;0,0365;0,0012;0,0078;0,0002;49,784;9,934;21,0;3,9166666666666665;251,0;0,0;49,0
2024-07-05;19623;0,03;0,0015;0,0038;0,0002;49,798;9,928;20,6;4,055555555555555;260,0;0,0;51,0
2024-07-05;25049;0,0055;0,0003;0,0009;0,0;49,814;9,918;19,4;4,25;261,0;0,0;57,0
2024-07-05;46505;0,0158;0,0008;0,0025;0,0002;49,808;9,968;20,7;4,0;257,0;0,0;47,0
2024-07-05;1;0,035;0,0017;0,0077;0,0003;49,8047;9,95642;20,5;4,083333333333333;259,0;0,0;51,0
2024-07-06;5456;0,0374;0,0011;0,0086;0,0002;49,802;9,944;27,3;5,833333333333333;235,0;0,0;44,0
2024-07-06;9094;0,0057;0,0002;0,0004;0,0;49,796;9,902;27,9;5,472222222222222;235,0;0,0;42,0
2024-07-06;10645;0,0148;0,0005;0,0023;0,0001;49,782;9,932;27,7;5,805555555555555;234,0;0,0;44,0
2024-07-06;13975;0,0414;0,0014;0,0107;0,0005;49,792;9,946;27,3;5,833333333333333;235,0;0,0;44,0
2024-07-06;15449;0,0304;0,0009;0,0066;0,0002;49,784;9,934;27,7;5,805555555555555;234,0;0,0;44,0
2024-07-06;19623;0,0247;0,0008;0,0028;0,0001;49,798;9,928;27,3;5,805555555555555;238,0;0,0;45,0
2024-07-06;25049;0,0045;0,0001;0,0007;0,0;49,814;9,918;25,9;6,111111111111111;238,0;0,0;49,0
2024-07-06;46505;0,0136;0,0005;0,0021;0,0001;49,808;9,968;27,6;5,611111111111111;235,0;0,0;42,0
2024-07-06;1;0,0288;0,001;0,0059;0,0002;49,8047;9,95642;27,3;5,833333333333333;235,0;0,0;44,0
2024-07-07;5456;0,0274;0,0006;0,0055;0,0002;49,802;9,944;20,2;1,9166666666666667;219,0;0,0;44,0
2024-07-07;9094;0,0049;0,0001;0,0004;0,0;49,796;9,902;20,8;2,8055555555555554;215,0;0,0;40,0
2024-07-07;10645;0,0129;0,0002;0,0021;0,0;49,782;9,932;20,4;2,833333333333333;219,0;0,0;43,0
2024-07-07;13975;0,0292;0,0005;0,0071;0,0001;49,792;9,946;20,2;1,9166666666666667;219,0;0,0;44,0
2024-07-07;15449;0,0265;0,0004;0,0051;0,0001;49,784;9,934;20,4;2,833333333333333;219,0;0,0;43,0
2024-07-07;19623;0,0211;0,0005;0,0027;0,0001;49,798;9,928;20,2;2,5555555555555554;211,0;0,0;44,0
2024-07-07;25049;0,0037;0,0001;0,0006;0,0;49,814;9,918;19,3;2,4722222222222223;207,0;0,0;47,0
2024-07-07;46505;0,0097;0,0003;0,0019;0,0001;49,808;9,968;20,0;1,6944444444444442;220,0;0,0;43,0
2024-07-07;1;0,0219;0,0005;0,0046;0,0001;49,8047;9,95642;20,2;1,9166666666666667;219,0;0,0;44,0
2024-07-08;5456;0,0336;0,0026;0,0067;0,0009;49,802;9,944;24,5;0,41666666666666663;166,0;0,0;40,0
2024-07-08;9094;0,0058;0,0003;0,0004;0,0;49,796;9,902;25,1;2,5833333333333335;193,0;0,0;36,0
2024-07-08;10645;0,0153;0,0007;0,0025;0,0001;49,782;9,932;24,7;2,888888888888889;194,0;0,0;40,0
2024-07-08;13975;0,0371;0,0019;0,009;0,0004;49,792;9,946;24,5;0,41666666666666663;166,0;0,0;40,0
2024-07-08;15449;0,031;0,0012;0,0056;0,0002;49,784;9,934;24,7;2,888888888888889;194,0;0,0;40,0
2024-07-08;19623;0,0241;0,0018;0,0029;0,0002;49,798;9,928;25,0;1,5555555555555554;207,0;0,0;39,0
2024-07-08;25049;0,0044;0,0003;0,0007;0,0;49,814;9,918;23,5;0,5277777777777778;248,0;0,0;46,0
2024-07-08;46505;0,0124;0,0008;0,0018;0,0002;49,808;9,968;24,6;1,6666666666666665;155,0;0,0;39,0
2024-07-08;1;0,0283;0,0017;0,0065;0,0002;49,8047;9,95642;24,5;0,41666666666666663;166,0;0,0;40,0
2024-07-09;5456;0,0335;0,0026;0,007;0,0007;49,802;9,944;30,0;2,75;136,0;0,0;41,0
2024-07-09;9094;0,0058;0,0003;0,0004;0,0;49,796;9,902;30,4;2,611111111111111;140,0;0,0;38,0
2024-07-09;10645;0,0149;0,0007;0,0022;0,0001;49,782;9,932;30,4;2,7777777777777777;142,0;0,0;39,0
2024-07-09;13975;0,0362;0,0021;0,0085;0,0004;49,792;9,946;30,0;2,75;136,0;0,0;41,0
2024-07-09;15449;0,0311;0,0015;0,0064;0,0003;49,784;9,934;30,4;2,7777777777777777;142,0;0,0;39,0
2024-07-09;19623;0,0235;0,0018;0,0027;0,0002;49,798;9,928;30,3;2,888888888888889;136,0;0,0;40,0
2024-07-09;25049;0,0044;0,0003;0,0007;0,0001;49,814;9,918;28,9;2,972222222222222;138,0;0,0;45,0
2024-07-09;46505;0,0124;0,0008;0,0019;0,0002;49,808;9,968;29,8;2,611111111111111;137,0;0,0;40,0
2024-07-09;1;0,0291;0,0018;0,0069;0,0003;49,8047;9,95642;30,0;2,75;136,0;0,0;41,0
2024-07-10;5456;0,034;0,0024;0,0066;0,0007;49,802;9,944;26,6;3,416666666666667;230,0;0,9;61,0
2024-07-10;9094;0,0059;0,0003;0,0004;0,0;49,796;9,902;26,5;3,222222222222222;234,0;0,7;61,0
2024-07-10;10645;0,0153;0,0007;0,0025;0,0001;49,782;9,932;26,3;3,5833333333333335;240,0;1,3;64,0
2024-07-10;13975;0,037;0,0019;0,0092;0,0003;49,792;9,946;26,6;3,416666666666667;230,0;0,9;61,0
2024-07-10;15449;0,0319;0,0014;0,0064;0,0002;49,784;9,934;26,3;3,5833333333333335;240,0;1,3;64,0
2024-07-10;19623;0,0247;0,0016;0,0032;0,0002;49,798;9,928;26,6;3,416666666666667;230,0;0,9;61,0
2024-07-10;25049;0,0045;0,0003;0,0007;0,0001;49,814;9,918;25,4;3,4722222222222223;231,0;0,7;64,0
2024-07-10;46505;0,0126;0,0008;0,0019;0,0002;49,808;9,968;26,2;3,0555555555555554;229,0;1,9;61,0
2024-07-10;1;0,0289;0,0018;0,0067;0,0003;49,8047;9,95642;26,6;3,416666666666667;230,0;0,9;61,0
2024-07-11;5456;0,0359;0,0026;0,0077;0,0008;49,802;9,944;25,3;1,972222222222222;246,0;4,5;61,0
2024-07-11;9094;0,0062;0,0003;0,0004;0,0;49,796;9,902;25,6;1,777777777777778;232,0;5,2;58,0
2024-07-11;10645;0,0163;0,0007;0,0028;0,0001;49,782;9,932;25,3;2,055555555555556;223,0;5,2;62,0
2024-07-11;13975;0,0393;0,0019;0,0094;0,0003;49,792;9,946;25,3;1,972222222222222;246,0;4,5;61,0
2024-07-11;15449;0,0334;0,0013;0,0068;0,0002;49,784;9,934;25,3;2,055555555555556;223,0;5,2;62,0
2024-07-11;19623;0,0255;0,0016;0,0031;0,0002;49,798;9,928;25,3;2,0;243,0;4,800000000000001;62,0
2024-07-11;25049;0,0046;0,0003;0,0007;0,0001;49,814;9,918;23,9;2,0277777777777777;250,0;5,1;67,0
2024-07-11;46505;0,0131;0,0008;0,0019;0,0002;49,808;9,968;25,3;1,9166666666666667;231,0;4,3;60,0
2024-07-11;1;0,0296;0,0019;0,0068;0,0003;49,8047;9,95642;25,3;1,972222222222222;246,0;4,5;61,0
2024-07-12;5456;0,0426;0,0021;0,009;0,0006;49,802;9,944;26,8;4,555555555555555;237,0;0,39999999999999997;58,0
2024-07-12;9094;0,0076;0,0003;0,0006;0,0;49,796;9,902;27,3;4,416666666666667;237,0;0,30000000000000004;56,0
2024-07-12;10645;0,0189;0,0007;0,003;0,0001;49,782;9,932;27,2;4,75;235,0;0,3;57,0
2024-07-12;13975;0,0495;0,0019;0,0142;0,0004;49,792;9,946;26,8;4,555555555555555;237,0;0,39999999999999997;58,0
2024-07-12;15449;0,0387;0,0013;0,0084;0,0002;49,784;9,934;27,2;4,75;235,0;0,3;57,0
2024-07-12;19623;0,0302;0,0014;0,0038;0,0002;49,798;9,928;26,7;4,694444444444444;241,0;0,39999999999999997;60,0
2024-07-12;25049;0,0056;0,0002;0,0009;0,0;49,814;9,918;25,1;5,0;241,0;0,39999999999999997;67,0
2024-07-12;46505;0,0142;0,0007;0,0023;0,0002;49,808;9,968;26,9;4,194444444444445;237,0;0,39999999999999997;56,0
2024-07-12;1;0,0331;0,0016;0,0078;0,0003;49,8047;9,95642;26,8;4,555555555555555;237,0;0,39999999999999997;58,0
2024-07-13;5456;0,0367;0,001;0,0078;0,0002;49,802;9,944;21,5;3,6944444444444446;237,0;0,0;48,0
2024-07-13;9094;0,006;0,0002;0,0004;0,0;49,796;9,902;21,6;3,0277777777777777;243,0;0,0;45,0
2024-07-13;10645;0,0155;0,0004;0,0025;0,0;49,782;9,932;21,7;3,222222222222222;244,0;0,0;47,0
2024-07-13;13975;0,0391;0,0012;0,0098;0,0003;49,792;9,946;21,5;3,6944444444444446;237,0;0,0;48,0
2024-07-13;15449;0,0323;0,0007;0,0068;0,0001;49,784;9,934;21,7;3,222222222222222;244,0;0,0;47,0
2024-07-13;19623;0,0249;0,0008;0,0033;0,0002;49,798;9,928;21,5;3,5277777777777777;241,0;0,0;48,0
2024-07-13;25049;0,0045;0,0001;0,0007;0,0;49,814;9,918;20,4;3,9722222222222223;242,0;0,0;51,0
2024-07-13;46505;0,0123;0,0004;0,0019;0,0001;49,808;9,968;21,3;3,4444444444444446;240,0;0,0;46,0
2024-07-13;1;0,0263;0,0009;0,0055;0,0002;49,8047;9,95642;21,5;3,6944444444444446;237,0;0,0;48,0
2024-07-14;5456;0,0264;0,0007;0,0054;0,0002;49,802;9,944;24,5;3,194444444444444;219,0;0,0;35,0
2024-07-14;9094;0,0048;0,0001;0,0004;0,0;49,796;9,902;24,6;3,2499999999999996;223,0;0,3;35,0
2024-07-14;10645;0,0128;0,0003;0,0019;0,0001;49,782;9,932;24,5;3,3888888888888884;225,0;1,2;36,0
2024-07-14;13975;0,0312;0,0006;0,007;0,0002;49,792;9,946;24,5;3,194444444444444;219,0;0,0;35,0
2024-07-14;15449;0,026;0,0006;0,0051;0,0001;49,784;9,934;24,5;3,3888888888888884;225,0;1,2;36,0
2024-07-14;19623;0,0206;0,0006;0,003;0,0001;49,798;9,928;24,4;3,555555555555556;220,0;0,0;36,0
2024-07-14;25049;0,0036;0,0001;0,0006;0,0;49,814;9,918;23,3;3,75;226,0;0,0;39,0
2024-07-14;46505;0,0092;0,0002;0,0022;0,0001;49,808;9,968;24,4;3,0;217,0;0,7;33,0
2024-07-14;1;0,0213;0,0005;0,0047;0,0002;49,8047;9,95642;24,5;3,194444444444444;219,0;0,0;35,0
2024-07-15;5456;0,0354;0,0022;0,0072;0,0006;49,802;9,944;27,4;1,611111111111111;97,0;0,0;41,0
2024-07-15;9094;0,006;0,0003;0,0004;0,0;49,796;9,902;28,2;1,5555555555555554;135,0;0,0;36,0
2024-07-15;10645;0,015;0,0007;0,0025;0,0001;49,782;9,932;28,3;1,8055555555555556;146,0;0,0;37,0
2024-07-15;13975;0,0393;0,0019;0,01;0,0004;49,792;9,946;27,4;1,611111111111111;97,0;0,0;41,0
2024-07-15;15449;0,0307;0,0013;0,0059;0,0003;49,784;9,934;28,3;1,8055555555555556;146,0;0,0;37,0
2024-07-15;19623;0,0245;0,0015;0,0029;0,0003;49,798;9,928;27,7;1,5555555555555554;105,0;0,0;40,0
2024-07-15;25049;0,0046;0,0003;0,0008;0,0001;49,814;9,918;26,4;1,5277777777777777;101,0;0,0;45,0
2024-07-15;46505;0,0115;0,0007;0,0016;0,0002;49,808;9,968;27,4;1,5833333333333333;108,0;0,0;40,0
2024-07-15;1;0,0274;0,0016;0,0067;0,0003;49,8047;9,95642;27,4;1,611111111111111;97,0;0,0;41,0
2024-07-16;5456;0,0333;0,0023;0,0068;0,0006;49,802;9,944;24,7;5,0;244,0;1,9;51,0
2024-07-16;9094;0,0059;0,0003;0,0004;0,0;49,796;9,902;25,2;4,472222222222222;241,0;1,8;49,0
2024-07-16;10645;0,0152;0,0007;0,0025;0,0001;49,782;9,932;25,0;4,833333333333333;240,0;1,7999999999999998;51,0
2024-07-16;13975;0,0363;0,0023;0,0087;0,0005;49,792;9,946;24,7;5,0;244,0;1,9;51,0
2024-07-16;15449;0,0316;0,0013;0,0065;0,0002;49,784;9,934;25,0;4,833333333333333;240,0;1,7999999999999998;51,0
2024-07-16;19623;0,0239;0,0016;0,0032;0,0002;49,798;9,928;24,7;5,0;244,0;1,9;51,0
2024-07-16;25049;0,0044;0,0003;0,0007;0,0001;49,814;9,918;23,6;5,361111111111112;243,0;2,0;54,0
2024-07-16;46505;0,0115;0,0007;0,0015;0,0002;49,808;9,968;24,6;4,777777777777778;244,0;1,9;50,0
2024-07-16;1;0,0276;0,0016;0,0071;0,0003;49,8047;9,95642;24,7;5,0;244,0;1,9;51,0
2024-07-17;5456;0,034;0,0026;0,0074;0,0009;49,802;9,944;24,2;3,3888888888888884;270,0;0,0;45,0
2024-07-17;9094;0,0059;0,0004;0,0004;0,0;49,796;9,902;24,4;3,0;272,0;0,0;43,0
2024-07-17;10645;0,0155;0,0008;0,0026;0,0001;49,782;9,932;24,1;3,194444444444444;272,0;0,0;46,0
2024-07-17;13975;0,0377;0,0021;0,0089;0,0004;49,792;9,946;24,2;3,3888888888888884;270,0;0,0;45,0
2024-07-17;15449;0,032;0,0016;0,0067;0,0002;49,784;9,934;24,1;3,194444444444444;272,0;0,0;46,0
2024-07-17;19623;0,0249;0,0018;0,0032;0,0003;49,798;9,928;24,4;3,416666666666667;273,0;0,0;45,0
2024-07-17;25049;0,0045;0,0003;0,0007;0,0001;49,814;9,918;23,1;3,6944444444444446;273,0;0,0;49,0
2024-07-17;46505;0,0114;0,0008;0,0017;0,0002;49,808;9,968;24,0;3,194444444444444;272,0;0,0;44,0
2024-07-17;1;0,0252;0,0017;0,0058;0,0003;49,8047;9,95642;24,2;3,3888888888888884;270,0;0,0;45,0
2024-07-18;5456;0,0339;0,0025;0,0075;0,0009;49,802;9,944;25,9;2,7777777777777777;69,0;0,0;41,0
2024-07-18;9094;0,0061;0,0003;0,0004;0,0;49,796;9,902;26,3;2,611111111111111;67,0;0,0;39,0
2024-07-18;10645;0,0159;0,0008;0,0027;0,0001;49,782;9,932;26,3;2,638888888888889;65,0;0,0;41,0
2024-07-18;13975;0,0389;0,0023;0,0092;0,0005;49,792;9,946;25,9;2,7777777777777777;69,0;0,0;41,0
2024-07-18;15449;0,0327;0,0014;0,0064;0,0002;49,784;9,934;26,3;2,638888888888889;65,0;0,0;41,0
2024-07-18;19623;0,0241;0,0016;0,0033;0,0002;49,798;9,928;26,2;2,75;71,0;0,0;41,0
2024-07-18;25049;0,0045;0,0003;0,0007;0,0001;49,814;9,918;24,9;2,8055555555555554;73,0;0,0;46,0
2024-07-18;46505;0,0117;0,0007;0,0018;0,0001;49,808;9,968;25,7;2,638888888888889;65,0;0,0;41,0
2024-07-18;1;0,0277;0,0017;0,0069;0,0003;49,8047;9,95642;25,9;2,7777777777777777;69,0;0,0;41,0
2024-07-19;5456;0,0412;0,0022;0,0089;0,0007;49,802;9,944;28,4;2,2777777777777777;67,0;0,0;43,0
2024-07-19;9094;0,0074;0,0003;0,0006;0,0;49,796;9,902;28,7;2,055555555555556;67,0;0,0;41,0
2024-07-19;10645;0,018;0,0008;0,0027;0,0001;49,782;9,932;28,7;1,972222222222222;66,0;0,0;43,0
2024-07-19;13975;0,0457;0,0022;0,0116;0,0005;49,792;9,946;28,4;2,2777777777777777;67,0;0,0;43,0
2024-07-19;15449;0,0367;0,0016;0,0076;0,0003;49,784;9,934;28,7;1,972222222222222;66,0;0,0;43,0
2024-07-19;19623;0,03;0,0016;0,0038;0,0002;49,798;9,928;28,6;2,2222222222222223;72,0;0,0;43,0
2024-07-19;25049;0,0056;0,0003;0,0009;0,0;49,814;9,918;27,4;2,1944444444444446;74,0;0,0;46,0
2024-07-19;46505;0,0143;0,0006;0,0023;0,0002;49,808;9,968;28,0;2,138888888888889;62,0;0,0;44,0
2024-07-19;1;0,0333;0,0014;0,008;0,0002;49,8047;9,95642;28,4;2,2777777777777777;67,0;0,0;43,0
2024-07-20;5456;0,033;0,0011;0,0074;0,0003;49,802;9,944;30,6;1,75;149,0;0,0;35,0
2024-07-20;9094;0,0058;0,0002;0,0004;0,0;49,796;9,902;30,8;2,055555555555556;166,0;0,0;34,0
2024-07-20;10645;0,0143;0,0004;0,0021;0,0001;49,782;9,932;30,9;2,1666666666666665;167,0;0,0;35,0
2024-07-20;13975;0,0357;0,0011;0,0094;0,0003;49,792;9,946;30,6;1,75;149,0;0,0;35,0
2024-07-20;15449;0,0287;0,0008;0,0058;0,0001;49,784;9,934;30,9;2,1666666666666665;167,0;0,0;35,0
2024-07-20;19623;0,0241;0,0009;0,0034;0,0001;49,798;9,928;30,9;1,972222222222222;165,0;0,0;34,0
2024-07-20;25049;0,0043;0,0001;0,0007;0,0;49,814;9,918;29,5;1,8333333333333333;167,0;0,0;39,0
2024-07-20;46505;0,01;0,0004;0,0019;0,0001;49,808;9,968;30,4;1,6388888888888888;142,0;0,0;36,0
2024-07-20;1;0,0147;0,0006;0,0027;0,0002;49,8047;9,95642;30,6;1,75;149,0;0,0;35,0
2024-07-21;5456;0,0258;0,0006;0,0049;0,0001;49,802;9,944;26,5;1,8888888888888888;273,0;0,0;62,0
2024-07-21;9094;0,0044;0,0001;0,0003;0,0;49,796;9,902;26,9;1,611111111111111;277,0;0,0;59,0
2024-07-21;10645;0,0124;0,0003;0,0018;0,0001;49,782;9,932;27,0;1,7222222222222223;277,0;0,0;61,0
2024-07-21;13975;0,031;0,0008;0,0069;0,0003;49,792;9,946;26,5;1,8888888888888888;273,0;0,0;62,0
2024-07-21;15449;0,0254;0,0005;0,0047;0,0002;49,784;9,934;27,0;1,7222222222222223;277,0;0,0;61,0
2024-07-21;19623;0,0204;0,0005;0,0028;0,0001;49,798;9,928;26,6;1,8055555555555556;276,0;0,0;61,0
2024-07-21;25049;0,0034;0,0001;0,0005;0,0;49,814;9,918;25,3;1,8055555555555556;273,0;0,0;66,0
2024-07-21;46505;0,0091;0,0003;0,0022;0,0001;49,808;9,968;26,6;1,8055555555555556;276,0;0,0;60,0
2024-07-21;1;0,0208;0,0005;0,0045;0,0002;49,8047;9,95642;26,5;1,8888888888888888;273,0;0,0;62,0
2024-07-22;5456;0,0353;0,0025;0,0072;0,0008;49,802;9,944;24,8;3,611111111111111;276,0;0,0;55,0
2024-07-22;9094;0,0058;0,0003;0,0004;0,0;49,796;9,902;24,9;3,1111111111111107;272,0;0,0;54,0
2024-07-22;10645;0,0139;0,0006;0,0025;0,0001;49,782;9,932;25,0;3,1111111111111107;266,0;0,0;56,0
2024-07-22;13975;0,0375;0,002;0,0099;0,0004;49,792;9,946;24,8;3,611111111111111;276,0;0,0;55,0
2024-07-22;15449;0,0293;0,0012;0,0069;0,0002;49,784;9,934;25,0;3,1111111111111107;266,0;0,0;56,0
2024-07-22;19623;0,0234;0,0017;0,0027;0,0003;49,798;9,928;24,7;3,611111111111111;276,0;0,0;56,0
2024-07-22;25049;0,0044;0,0003;0,0007;0,0001;49,814;9,918;23,2;3,7222222222222223;278,0;0,0;62,0
2024-07-22;46505;0,0117;0,0008;0,0017;0,0001;49,808;9,968;24,7;3,3055555555555554;273,0;0,0;53,0
2024-07-22;1;0,0278;0,0017;0,0069;0,0003;49,8047;9,95642;24,8;3,611111111111111;276,0;0,0;55,0
2024-07-23;5456;0,0272;0,0023;0,0073;0,0009;49,802;9,944;24,2;4,333333333333333;244,0;0,0;48,0
2024-07-23;9094;0,0058;0,0003;0,0004;0,0;49,796;9,902;24,5;3,083333333333333;245,0;0,0;48,0
2024-07-23;10645;0,0153;0,0007;0,0026;0,0001;49,782;9,932;24,4;3,3888888888888884;246,0;0,0;50,0
2024-07-23;13975;0,0356;0,0019;0,0088;0,0004;49,792;9,946;24,2;4,333333333333333;244,0;0,0;48,0
2024-07-23;15449;0,0329;0,0013;0,0072;0,0002;49,784;9,934;24,4;3,3888888888888884;246,0;0,0;50,0
2024-07-23;19623;0,0236;0,0016;0,003;0,0002;49,798;9,928;24,1;3,888888888888889;247,0;0,0;50,0
2024-07-23;25049;0,0042;0,0003;0,0007;0,0001;49,814;9,918;22,9;3,888888888888889;247,0;0,0;55,0
2024-07-23;46505;0,0111;0,0008;0,0017;0,0001;49,808;9,968;24,5;3,944444444444444;243,0;0,0;46,0
2024-07-23;1;0,0261;0,0018;0,0065;0,0003;49,8047;9,95642;24,2;4,333333333333333;244,0;0,0;48,0
2024-07-24;5456;0,0332;0,0022;0,0075;0,0007;49,802;9,944;21,5;3,5;290,0;0,0;57,0
2024-07-24;9094;0,006;0,0003;0,0004;0,0;49,796;9,902;21,8;3,333333333333333;286,0;0,0;54,0
2024-07-24;10645;0,0147;0,0006;0,0027;0,0001;49,782;9,932;21,8;3,3611111111111107;280,0;0,0;56,0
2024-07-24;13975;0,0375;0,0019;0,0096;0,0004;49,792;9,946;21,5;3,5;290,0;0,0;57,0
2024-07-24;15449;0,0313;0,0012;0,0073;0,0003;49,784;9,934;21,8;3,3611111111111107;280,0;0,0;56,0
2024-07-24;19623;0,0239;0,0016;0,003;0,0003;49,798;9,928;21,3;3,6944444444444446;289,0;0,0;58,0
2024-07-24;25049;0,0044;0,0003;0,0007;0,0;49,814;9,918;20,1;3,7222222222222223;290,0;0,0;63,0
2024-07-24;46505;0,0113;0,0008;0,0017;0,0001;49,808;9,968;21,5;3,1666666666666665;288,0;0,0;55,0
2024-07-24;1;0,0266;0,0019;0,0065;0,0004;49,8047;9,95642;21,5;3,5;290,0;0,0;57,0
2024-07-25;5456;0,0347;0,0026;0,008;0,0009;49,802;9,944;24,5;1,1111111111111112;63,0;0,0;43,0
2024-07-25;9094;0,0059;0,0003;0,0004;0,0;49,796;9,902;24,8;0,6666666666666666;63,0;0,0;39,0
2024-07-25;10645;0,0153;0,0008;0,0025;0,0001;49,782;9,932;24,7;1,1111111111111112;100,0;0,0;41,0
2024-07-25;13975;0,0398;0,0023;0,0107;0,0005;49,792;9,946;24,5;1,1111111111111112;63,0;0,0;43,0
2024-07-25;15449;0,0317;0,0016;0,0066;0,0003;49,784;9,934;24,7;1,1111111111111112;100,0;0,0;41,0
2024-07-25;19623;0,0242;0,0015;0,0034;0,0002;49,798;9,928;24,5;0,8333333333333333;14,0;0,0;42,0
2024-07-25;25049;0,0044;0,0003;0,0007;0,0001;49,814;9,918;23,2;1,0;6,0;0,0;46,0
2024-07-25;46505;0,012;0,0007;0,0019;0,0002;49,808;9,968;24,2;1,611111111111111;86,0;0,0;43,0
2024-07-25;1;0,0277;0,0017;0,0067;0,0003;49,8047;9,95642;24,5;1,1111111111111112;63,0;0,0;43,0
2024-07-26;5456;0,0418;0,002;0,0086;0,0006;49,802;9,944;20,0;1,1944444444444444;312,0;1,4;78,0
2024-07-26;9094;0,0074;0,0003;0,0006;0,0;49,796;9,902;20,6;1,0833333333333333;292,0;1,4;77,0
2024-07-26;10645;0,0186;0,0007;0,0032;0,0001;49,782;9,932;20,6;1,3055555555555556;279,0;1,4;78,0
2024-07-26;13975;0,0483;0,0019;0,0143;0,0004;49,792;9,946;20,0;1,1944444444444444;312,0;1,4;78,0
2024-07-26;15449;0,0378;0,0015;0,0079;0,0005;49,784;9,934;20,6;1,3055555555555556;279,0;1,4;78,0
2024-07-26;19623;0,0295;0,0015;0,0029;0,0002;49,798;9,928;20,0;1,1388888888888888;315,0;1,4;81,0
2024-07-26;25049;0,0056;0,0002;0,0009;0,0;49,814;9,918;18,9;0,8611111111111112;324,0;1,8;86,0
2024-07-26;46505;0,0146;0,0007;0,0023;0,0002;49,808;9,968;19,9;1,3333333333333333;312,0;1,5;77,0
2024-07-26;1;0,0338;0,0016;0,0082;0,0003;49,8047;9,95642;20,0;1,1944444444444444;312,0;1,4;78,0
2024-07-27;5456;0,0382;0,0012;0,0101;0,0004;49,802;9,944;23,7;1,6944444444444442;267,0;29,900000000000002;70,0
2024-07-27;9094;0,006;0,0002;0,0006;0,0;49,796;9,902;24,1;1,8055555555555556;264,0;26,3;67,0
2024-07-27;10645;0,0146;0,0004;0,0029;0,0001;49,782;9,932;24,3;1,8055555555555556;251,0;24,8;68,0
2024-07-27;13975;0,0353;0,001;0,0083;0,0002;49,792;9,946;23,7;1,6944444444444442;267,0;29,900000000000002;70,0
2024-07-27;15449;0,0305;0,0006;0,0065;0,0001;49,784;9,934;24,3;1,8055555555555556;251,0;24,8;68,0
2024-07-27;19623;0,0238;0,0008;0,003;0,0002;49,798;9,928;23,6;1,6944444444444442;267,0;30,400000000000002;72,0
2024-07-27;25049;0,0044;0,0001;0,0007;0,0;49,814;9,918;22,5;1,5;262,0;33,3;77,0
2024-07-27;46505;0,0125;0,0004;0,002;0,0001;49,808;9,968;23,8;1,5555555555555554;255,0;27,5;67,0
2024-07-27;1;0,0271;0,0009;0,0056;0,0002;49,8047;9,95642;23,7;1,6944444444444442;267,0;29,900000000000002;70,0
2024-07-28;5456;0,0265;0,0007;0,0054;0,0002;49,802;9,944;22,1;2,833333333333333;321,0;1,3;50,0
2024-07-28;9094;0,0045;0,0001;0,0004;0,0;49,796;9,902;22,4;2,694444444444444;312,0;1,4000000000000001;49,0
2024-07-28;10645;0,0116;0,0003;0,0018;0,0;49,782;9,932;22,3;3,2499999999999996;313,0;1,4000000000000001;51,0
2024-07-28;13975;0,0294;0,0006;0,0066;0,0002;49,792;9,946;22,1;2,833333333333333;321,0;1,3;50,0
2024-07-28;15449;0,0239;0,0006;0,0048;0,0001;49,784;9,934;22,3;3,2499999999999996;313,0;1,4000000000000001;51,0
2024-07-28;19623;0,0203;0,0006;0,0027;0,0001;49,798;9,928;22,1;2,75;314,0;1,4;52,0
2024-07-28;25049;0,0033;0,0001;0,0006;0,0;49,814;9,918;21,2;2,972222222222222;318,0;1,4;54,0
2024-07-28;46505;0,0089;0,0002;0,002;0,0001;49,808;9,968;22,2;2,861111111111111;324,0;1,3;47,0
2024-07-28;1;0,0206;0,0004;0,0044;0,0001;49,8047;9,95642;22,1;2,833333333333333;321,0;1,3;50,0
2024-07-29;5456;0,026;0,0017;0,0068;0,0004;49,802;9,944;25,1;2,2222222222222223;85,0;0,0;43,0
2024-07-29;9094;0,005;0,0003;0,0004;0,0;49,796;9,902;25,4;2,0;84,0;0,0;41,0
2024-07-29;10645;0,0147;0,0008;0,0024;0,0001;49,782;9,932;25,2;1,972222222222222;75,0;0,0;44,0
2024-07-29;13975;0,0362;0,0022;0,0089;0,0005;49,792;9,946;25,1;2,2222222222222223;85,0;0,0;43,0
2024-07-29;15449;0,0325;0,0018;0,0079;0,0005;49,784;9,934;25,2;1,972222222222222;75,0;0,0;44,0
2024-07-29;19623;0,0218;0,0015;0,0026;0,0002;49,798;9,928;25,3;2,1944444444444446;87,0;0,0;43,0
2024-07-29;25049;0,0037;0,0002;0,0007;0,0;49,814;9,918;24,2;2,305555555555556;88,0;0,0;48,0
2024-07-29;46505;0,0107;0,0007;0,0017;0,0001;49,808;9,968;24,9;2,0277777777777777;81,0;0,0;42,0
2024-07-29;1;0,0242;0,0015;0,0062;0,0003;49,8047;9,95642;25,1;2,2222222222222223;85,0;0,0;43,0
2024-07-30;5456;0,0316;0,0024;0,0076;0,0009;49,802;9,944;28,4;2,611111111111111;148,0;0,0;39,0
2024-07-30;9094;0,0056;0,0003;0,0004;0,0;49,796;9,902;28,7;2,611111111111111;148,0;0,0;38,0
2024-07-30;10645;0,0151;0,0008;0,0024;0,0001;49,782;9,932;28,7;2,638888888888889;151,0;0,0;39,0
2024-07-30;13975;0,0353;0,0018;0,0086;0,0004;49,792;9,946;28,4;2,611111111111111;148,0;0,0;39,0
2024-07-30;15449;0,0332;0,0019;0,0082;0,0006;49,784;9,934;28,7;2,638888888888889;151,0;0,0;39,0
2024-07-30;19623;0,0205;0,0012;0,0031;0,0002;49,798;9,928;28,6;2,694444444444444;149,0;0,0;39,0
2024-07-30;25049;0,0041;0,0003;0,0007;0,0001;49,814;9,918;27,4;2,7777777777777777;150,0;0,0;42,0
2024-07-30;46505;0,011;0,0008;0,0016;0,0002;49,808;9,968;28,1;2,5277777777777777;146,0;0,0;40,0
2024-07-30;1;0,0258;0,0018;0,0064;0,0003;49,8047;9,95642;28,4;2,611111111111111;148,0;0,0;39,0
2024-07-31;5456;0,0349;0,0026;0,0074;0,0008;49,802;9,944;31,3;0,0;180,0;0,0;38,0
2024-07-31;9094;0,0058;0,0003;0,0005;0,0;49,796;9,902;31,6;0,8611111111111112;225,0;0,0;36,0
2024-07-31;10645;0,0149;0,0007;0,0025;0,0001;49,782;9,932;31,5;0,6388888888888888;219,0;0,0;38,0
2024-07-31;13975;0,0364;0,0018;0,0085;0,0004;49,792;9,946;31,3;0,0;180,0;0,0;38,0
2024-07-31;15449;0,0319;0,0014;0,0075;0,0003;49,784;9,934;31,5;0,6388888888888888;219,0;0,0;38,0
2024-07-31;19623;0,0243;0,0016;0,0029;0,0002;49,798;9,928;31,5;0,5277777777777778;248,0;0,0;37,0
2024-07-31;25049;0,0044;0,0003;0,0008;0,0001;49,814;9,918;30,1;0,6111111111111112;270,0;0,0;42,0
2024-07-31;46505;0,0114;0,0007;0,0016;0,0001;49,808;9,968;31,0;0,1388888888888889;135,0;0,0;37,0
2024-07-31;1;0,0275;0,0017;0,0068;0,0003;49,8047;9,95642;31,3;0,0;180,0;0,0;38,0
2024-08-01;5456;0,0357;0,0023;0,0079;0,0008;49,802;9,944;28,2;0,6388888888888888;129,0;0,0;53,0
2024-08-01;9094;0,0059;0,0003;0,0004;0,0;49,796;9,902;28,8;0,8055555555555555;173,0;0,0;50,0
2024-08-01;10645;0,0157;0,0008;0,0026;0,0002;49,782;9,932;28,3;0,7222222222222222;164,0;0,0;53,0
2024-08-01;13975;0,0389;0,0019;0,0097;0,0005;49,792;9,946;28,2;0,6388888888888888;129,0;0,0;53,0
2024-08-01;15449;0,0337;0,0017;0,0082;0,0004;49,784;9,934;28,3;0,7222222222222222;164,0;0,0;53,0
2024-08-01;19623;0,025;0,0014;0,003;0,0002;49,798;9,928;28,5;0,6666666666666666;153,0;0,0;51,0
2024-08-01;25049;0,0045;0,0003;0,0007;0,0;49,814;9,918;27,0;0,5277777777777778;158,0;0,0;58,0
2024-08-01;46505;0,0114;0,0007;0,0017;0,0002;49,808;9,968;28,0;0,6944444444444444;135,0;0,0;53,0
2024-08-01;1;0,0266;0,0015;0,0062;0,0003;49,8047;9,95642;28,2;0,6388888888888888;129,0;0,0;53,0
2024-08-02;5456;0,0408;0,002;0,01;0,0007;49,802;9,944;22,6;2,694444444444444;338,0;0,0;69,0
2024-08-02;9094;0,0068;0,0003;0,0005;0,0;49,796;9,902;23,0;2,638888888888889;335,0;0,0;65,0
2024-08-02;10645;0,0162;0,0006;0,0027;0,0001;49,782;9,932;22,8;2,694444444444444;338,0;0,30000000000000004;68,0
2024-08-02;13975;0,0435;0,0015;0,0117;0,0004;49,792;9,946;22,6;2,694444444444444;338,0;0,0;69,0
2024-08-02;15449;0,0343;0,0011;0,0087;0,0003;49,784;9,934;22,8;2,694444444444444;338,0;0,30000000000000004;68,0
2024-08-02;19623;0,0282;0,0013;0,0038;0,0002;49,798;9,928;22,9;2,833333333333333;337,0;0,0;69,0
2024-08-02;25049;0,0052;0,0002;0,0009;0,0;49,814;9,918;21,7;2,944444444444444;336,0;0,0;74,0
2024-08-02;46505;0,0141;0,0006;0,0024;0,0002;49,808;9,968;22,6;2,5555555555555554;334,0;0,0;67,0
2024-08-02;1;0,032;0,0014;0,0075;0,0002;49,8047;9,95642;22,6;2,694444444444444;338,0;0,0;69,0
2024-08-03;5456;0,0337;0,0009;0,0077;0,0002;49,802;9,944;25,7;2,1666666666666665;236,0;0,0;61,0
2024-08-03;9094;0,0054;0,0001;0,0003;0,0;49,796;9,902;26,0;1,972222222222222;229,0;0,0;59,0
2024-08-03;10645;0,0141;0,0004;0,0022;0,0001;49,782;9,932;25,7;2,055555555555556;223,0;0,0;62,0
2024-08-03;13975;0,0331;0,0007;0,0074;0,0002;49,792;9,946;25,7;2,1666666666666665;236,0;0,0;61,0
2024-08-03;15449;0,0301;0,0009;0,0064;0,0003;49,784;9,934;25,7;2,055555555555556;223,0;0,0;62,0
2024-08-03;19623;0,0215;0,0008;0,0028;0,0002;49,798;9,928;25,7;2,1666666666666665;236,0;0,0;62,0
2024-08-03;25049;0,0041;0,0001;0,0007;0,0;49,814;9,918;24,5;2,3333333333333335;239,0;0,0;67,0
2024-08-03;46505;0,0117;0,0004;0,0021;0,0001;49,808;9,968;25,6;2,055555555555556;227,0;0,0;60,0
2024-08-03;1;0,0248;0,0008;0,005;0,0001;49,8047;9,95642;25,7;2,1666666666666665;236,0;0,0;61,0
2024-08-04;5456;0,023;0,0006;0,0054;0,0001;49,802;9,944;22,9;3,9722222222222223;260,0;0,0;63,0
2024-08-04;9094;0,004;0,0001;0,0003;0,0;49,796;9,902;23,5;3,555555555555556;260,0;0,0;59,0
2024-08-04;10645;0,011;0,0003;0,0017;0,0001;49,782;9,932;23,2;3,555555555555556;259,0;0,1;62,0
2024-08-04;13975;0,025;0,0006;0,0049;0,0002;49,792;9,946;22,9;3,9722222222222223;260,0;0,0;63,0
2024-08-04;15449;0,0227;0,0006;0,0043;0,0001;49,784;9,934;23,2;3,555555555555556;259,0;0,1;62,0
2024-08-04;19623;0,0167;0,0005;0,0024;0,0001;49,798;9,928;22,7;3,8333333333333335;263,0;0,2;64,0
2024-08-04;25049;0,003;0,0001;0,0005;0,0;49,814;9,918;21,5;4,055555555555555;260,0;0,0;69,0
2024-08-04;46505;0,008;0,0003;0,002;0,0001;49,808;9,968;22,8;3,75;261,0;0,0;61,0
2024-08-04;1;0,0185;0,0005;0,004;0,0002;49,8047;9,95642;22,9;3,9722222222222223;260,0;0,0;63,0
2024-08-05;5456;0,0334;0,0022;0,0071;0,0007;49,802;9,944;21,8;0,6666666666666666;63,0;0,0;60,0
2024-08-05;9094;0,0056;0,0003;0,0004;0,0;49,796;9,902;22,4;0,6388888888888888;51,0;0,0;55,0
2024-08-05;10645;0,0153;0,0008;0,0025;0,0001;49,782;9,932;22,2;0,6666666666666666;63,0;0,0;58,0
2024-08-05;13975;0,0356;0,0017;0,0079;0,0005;49,792;9,946;21,8;0,6666666666666666;63,0;0,0;60,0
2024-08-05;15449;0,0328;0,0017;0,0076;0,0004;49,784;9,934;22,2;0,6666666666666666;63,0;0,0;58,0
2024-08-05;19623;0,0238;0,0015;0,0028;0,0002;49,798;9,928;21,9;0,6388888888888888;39,0;0,0;60,0
2024-08-05;25049;0,0043;0,0003;0,0007;0,0;49,814;9,918;20,8;0,5;37,0;0,0;64,0
2024-08-05;46505;0,0112;0,0007;0,0017;0,0001;49,808;9,968;21,6;0,9444444444444444;58,0;0,0;59,0
2024-08-05;1;0,026;0,0013;0,0062;0,0003;49,8047;9,95642;21,8;0,6666666666666666;63,0;0,0;60,0
2024-08-06;5456;0,031;0,0024;0,0066;0,0007;49,802;9,944;26,5;2,0;117,0;0,0;49,0
2024-08-06;9094;0,0054;0,0003;0,0004;0,0;49,796;9,902;27,0;1,8888888888888888;115,0;0,0;47,0
2024-08-06;10645;0,0146;0,0008;0,0025;0,0001;49,782;9,932;26,8;1,75;114,0;0,0;50,0
2024-08-06;13975;0,0335;0,0018;0,008;0,0004;49,792;9,946;26,5;2,0;117,0;0,0;49,0
2024-08-06;15449;0,0311;0,0017;0,0074;0,0004;49,784;9,934;26,8;1,75;114,0;0,0;50,0
2024-08-06;19623;0,0215;0,0015;0,0027;0,0003;49,798;9,928;26,7;2,055555555555556;119,0;0,0;48,0
2024-08-06;25049;0,0041;0,0003;0,0007;0,0001;49,814;9,918;25,6;2,138888888888889;118,0;0,0;52,0
2024-08-06;46505;0,0107;0,0007;0,0016;0,0001;49,808;9,968;26,3;1,8333333333333333;112,0;0,0;49,0
2024-08-06;1;0,0248;0,0015;0,0059;0,0003;49,8047;9,95642;26,5;2,0;117,0;0,0;49,0
2024-08-07;5456;0,0322;0,0023;0,0068;0,0008;49,802;9,944;28,0;3,5277777777777777;263,0;0,0;50,0
2024-08-07;9094;0,0055;0,0003;0,0004;0,0;49,796;9,902;28,5;3,222222222222222;265,0;0,0;47,0
2024-08-07;10645;0,0145;0,0007;0,0023;0,0001;49,782;9,932;28,2;3,4722222222222223;258,0;0,0;48,0
2024-08-07;13975;0,0354;0,0018;0,0083;0,0005;49,792;9,946;28,0;3,5277777777777777;263,0;0,0;50,0
2024-08-07;15449;0,0307;0,0015;0,0067;0,0004;49,784;9,934;28,2;3,4722222222222223;258,0;0,0;48,0
2024-08-07;19623;0,0223;0,0013;0,003;0,0002;49,798;9,928;28,2;3,5;265,0;0,0;49,0
2024-08-07;25049;0,0041;0,0003;0,0007;0,0001;49,814;9,918;26,9;3,7222222222222223;264,0;0,0;52,0
2024-08-07;46505;0,011;0,0007;0,0018;0,0001;49,808;9,968;28,0;3,4444444444444446;262,0;0,0;47,0
2024-08-07;1;0,0252;0,0016;0,0059;0,0003;49,8047;9,95642;28,0;3,5277777777777777;263,0;0,0;50,0
2024-08-08;5456;0,0338;0,0023;0,0071;0,0008;49,802;9,944;22,4;2,388888888888889;272,0;0,0;59,0
2024-08-08;9094;0,0055;0,0003;0,0004;0,0;49,796;9,902;22,3;2,111111111111111;270,0;0,0;60,0
2024-08-08;10645;0,0135;0,0006;0,0023;0,0001;49,782;9,932;22,2;2,2222222222222223;275,0;0,0;65,0
2024-08-08;13975;0,0346;0,0014;0,0083;0,0004;49,792;9,946;22,4;2,388888888888889;272,0;0,0;59,0
2024-08-08;15449;0,0291;0,0013;0,0076;0,0003;49,784;9,934;22,2;2,2222222222222223;275,0;0,0;65,0
2024-08-08;19623;0,0229;0,0014;0,0027;0,0002;49,798;9,928;22,3;2,388888888888889;272,0;0,0;61,0
2024-08-08;25049;0,0042;0,0003;0,0007;0,0001;49,814;9,918;21,0;2,5;275,0;0,0;69,0
2024-08-08;46505;0,0112;0,0007;0,0016;0,0001;49,808;9,968;22,3;2,305555555555556;272,0;0,0;56,0
2024-08-08;1;0,0263;0,0017;0,0064;0,0003;49,8047;9,95642;22,4;2,388888888888889;272,0;0,0;59,0
2024-08-09;5456;0,0377;0,0023;0,0084;0,0006;49,802;9,944;26,5;3,75;228,0;0,0;46,0
2024-08-09;9094;0,0066;0,0003;0,0005;0,0;49,796;9,902;26,7;3,2499999999999996;225,0;0,0;45,0
2024-08-09;10645;0,0168;0,0007;0,0026;0,0001;49,782;9,932;26,5;3,611111111111111;222,0;0,0;47,0
2024-08-09;13975;0,0412;0,0019;0,0101;0,0005;49,792;9,946;26,5;3,75;228,0;0,0;46,0
2024-08-09;15449;0,0342;0,0012;0,0077;0,0002;49,784;9,934;26,5;3,611111111111111;222,0;0,0;47,0
2024-08-09;19623;0,0267;0,0014;0,0035;0,0002;49,798;9,928;26,4;3,611111111111111;231,0;0,0;47,0
2024-08-09;25049;0,005;0,0002;0,0008;0,0;49,814;9,918;25,0;3,7777777777777777;233,0;0,0;53,0
2024-08-09;46505;0,0131;0,0007;0,0023;0,0002;49,808;9,968;26,4;3,611111111111111;224,0;0,0;45,0
2024-08-09;1;0,03;0,0017;0,007;0,0003;49,8047;9,95642;26,5;3,75;228,0;0,0;46,0
2024-08-10;5456;0,0329;0,0011;0,0083;0,0003;49,802;9,944;27,2;4,527777777777778;262,0;0,0;53,0
2024-08-10;9094;0,0055;0,0002;0,0004;0,0;49,796;9,902;27,4;4,027777777777778;263,0;0,0;50,0
2024-08-10;10645;0,014;0,0004;0,0022;0,0001;49,782;9,932;27,6;4,25;262,0;0,0;51,0
2024-08-10;13975;0,0319;0,0009;0,0068;0,0003;49,792;9,946;27,2;4,527777777777778;262,0;0,0;53,0
2024-08-10;15449;0,0289;0,0007;0,0059;0,0001;49,784;9,934;27,6;4,25;262,0;0,0;51,0
2024-08-10;19623;0,0222;0,0008;0,0033;0,0002;49,798;9,928;26,9;4,416666666666667;266,0;0,0;54,0
2024-08-10;25049;0,0041;0,0001;0,0006;0,0;49,814;9,918;25,6;4,527777777777778;264,0;0,0;59,0
2024-08-10;46505;0,0113;0,0004;0,0022;0,0001;49,808;9,968;27,2;4,416666666666667;264,0;0,0;50,0
2024-08-10;1;0,0243;0,0008;0,0049;0,0002;49,8047;9,95642;27,2;4,527777777777778;262,0;0,0;53,0
2024-08-11;5456;0,0216;0,0006;0,0046;0,0002;49,802;9,944;28,4;1,777777777777778;38,0;0,0;40,0
2024-08-11;9094;0,0039;0,0001;0,0003;0,0;49,796;9,902;28,7;1,6944444444444442;28,0;0,0;38,0
2024-08-11;10645;0,0114;0,0003;0,0017;0,0001;49,782;9,932;28,5;1,8055555555555556;34,0;0,0;40,0
2024-08-11;13975;0,0255;0,0005;0,005;0,0002;49,792;9,946;28,4;1,777777777777778;38,0;0,0;40,0
2024-08-11;15449;0,0236;0,0005;0,0048;0,0001;49,784;9,934;28,5;1,8055555555555556;34,0;0,0;40,0
2024-08-11;19623;0,0159;0,0004;0,002;0,0001;49,798;9,928;28,5;1,6666666666666665;33,0;0,0;40,0
2024-08-11;25049;0,0029;0,0001;0,0005;0,0;49,814;9,918;27,0;1,4444444444444444;25,0;0,0;47,0
2024-08-11;46505;0,0082;0,0002;0,002;0,0001;49,808;9,968;28,1;1,8611111111111112;36,0;0,0;40,0
2024-08-11;1;0,0186;0,0004;0,004;0,0002;49,8047;9,95642;28,4;1,777777777777778;38,0;0,0;40,0
2024-08-12;5456;0,0305;0,0024;0,007;0,0007;49,802;9,944;30,4;1,4166666666666665;94,0;0,0;44,0
2024-08-12;9094;0,0052;0,0003;0,0004;0,0;49,796;9,902;31,1;1,25;104,0;0,0;41,0
2024-08-12;10645;0,0136;0,0007;0,0021;0,0001;49,782;9,932;30,9;1,2777777777777777;108,0;0,0;42,0
2024-08-12;13975;0,0332;0,0016;0,0074;0,0004;49,792;9,946;30,4;1,4166666666666665;94,0;0,0;44,0
2024-08-12;15449;0,0291;0,0012;0,0067;0,0003;49,784;9,934;30,9;1,2777777777777777;108,0;0,0;42,0
2024-08-12;19623;0,0212;0,0014;0,0024;0,0002;49,798;9,928;30,8;1,4166666666666665;98,0;0,0;42,0
2024-08-12;25049;0,004;0,0003;0,0007;0,0;49,814;9,918;29,3;1,3055555555555556;99,0;0,0;48,0
2024-08-12;46505;0,0109;0,0008;0,0016;0,0002;49,808;9,968;30,3;1,4166666666666665;94,0;0,0;43,0
2024-08-12;1;0,0255;0,0019;0,0062;0,0004;49,8047;9,95642;30,4;1,4166666666666665;94,0;0,0;44,0
2024-08-13;5456;0,031;0,0023;0,0066;0,0008;49,802;9,944;32,4;0,9166666666666666;96,0;0,0;45,0
2024-08-13;9094;0,0051;0,0003;0,0004;0,0;49,796;9,902;33,2;0,6388888888888888;108,0;0,0;41,0
2024-08-13;10645;0,0137;0,0007;0,0023;0,0001;49,782;9,932;32,9;0,7222222222222222;124,0;0,0;43,0
2024-08-13;13975;0,0331;0,0013;0,0076;0,0003;49,792;9,946;32,4;0,9166666666666666;96,0;0,0;45,0
2024-08-13;15449;0,0289;0,0014;0,0068;0,0003;49,784;9,934;32,9;0,7222222222222222;124,0;0,0;43,0
2024-08-13;19623;0,0219;0,0013;0,0026;0,0001;49,798;9,928;32,8;0,8055555555555555;83,0;0,0;44,0
2024-08-13;25049;0,0039;0,0002;0,0006;0,0001;49,814;9,918;31,0;0,6111111111111112;90,0;0,0;51,0
2024-08-13;46505;0,0103;0,0006;0,0015;0,0001;49,808;9,968;32,3;0,9166666666666666;77,0;0,0;44,0
2024-08-13;1;0,0246;0,0014;0,006;0,0003;49,8047;9,95642;32,4;0,9166666666666666;96,0;0,0;45,0
2024-08-14;5456;0,0312;0,0026;0,0067;0,0009;49,802;9,944;28,5;2,4166666666666665;253,0;0,0;59,0
2024-08-14;9094;0,0051;0,0003;0,0004;0,0;49,796;9,902;28,9;2,25;249,0;0,0;56,0
2024-08-14;10645;0,0146;0,0007;0,0023;0,0001;49,782;9,932;28,6;2,4722222222222223;249,0;0,0;59,0
2024-08-14;13975;0,0347;0,0017;0,008;0,0004;49,792;9,946;28,5;2,4166666666666665;253,0;0,0;59,0
2024-08-14;15449;0,0314;0,0014;0,0076;0,0003;49,784;9,934;28,6;2,4722222222222223;249,0;0,0;59,0
2024-08-14;19623;0,0211;0,0013;0,0028;0,0001;49,798;9,928;28,6;2,4166666666666665;253,0;0,0;59,0
2024-08-14;25049;0,0039;0,0003;0,0006;0,0001;49,814;9,918;27,1;2,4166666666666665;253,0;0,0;65,0
2024-08-14;46505;0,0114;0,0008;0,0017;0,0002;49,808;9,968;28,6;2,3333333333333335;250,0;0,0;57,0
2024-08-14;1;0,0268;0,0019;0,0067;0,0004;49,8047;9,95642;28,5;2,4166666666666665;253,0;0,0;59,0
2024-08-15;5456;0,0194;0,0007;0,0047;0,0001;49,802;9,944;26,8;2,305555555555556;252,0;0,0;50,0
2024-08-15;9094;0,0034;0,0001;0,0003;0,0;49,796;9,902;27,0;1,972222222222222;246,0;0,0;50,0
2024-08-15;10645;0,0092;0,0003;0,0014;0,0001;49,782;9,932;26,9;2,25;238,0;0,0;53,0
2024-08-15;13975;0,0213;0,0007;0,0044;0,0003;49,792;9,946;26,8;2,305555555555556;252,0;0,0;50,0
2024-08-15;15449;0,0191;0,0006;0,0036;0,0001;49,784;9,934;26,9;2,25;238,0;0,0;53,0
2024-08-15;19623;0,014;0,0005;0,002;0,0001;49,798;9,928;27,0;2,2777777777777777;255,0;0,0;50,0
2024-08-15;25049;0,0025;0,0001;0,0004;0,0;49,814;9,918;25,6;2,305555555555556;252,0;0,0;56,0
2024-08-15;46505;0,0069;0,0002;0,0015;0,0001;49,808;9,968;26,7;2,2222222222222223;252,0;0,0;48,0
2024-08-15;1;0,0159;0,0005;0,0035;0,0002;49,8047;9,95642;26,8;2,305555555555556;252,0;0,0;50,0
2024-08-16;5456;0,0359;0,0019;0,0077;0,0006;49,802;9,944;28,7;3,7222222222222223;250,0;0,0;46,0
2024-08-16;9094;0,006;0,0002;0,0005;0,0;49,796;9,902;28,8;3,138888888888889;248,0;0,0;45,0
2024-08-16;10645;0,0153;0,0006;0,0022;0,0001;49,782;9,932;28,8;3,4444444444444446;248,0;0,0;46,0
2024-08-16;13975;0,0368;0,0015;0,0082;0,0004;49,792;9,946;28,7;3,7222222222222223;250,0;0,0;46,0
2024-08-16;15449;0,0319;0,0013;0,0075;0,0003;49,784;9,934;28,8;3,4444444444444446;248,0;0,0;46,0
2024-08-16;19623;0,0239;0,0012;0,003;0,0002;49,798;9,928;28,9;3,5833333333333335;252,0;0,0;46,0
2024-08-16;25049;0,0046;0,0002;0,0008;0,0;49,814;9,918;27,4;3,638888888888889;254,0;0,0;51,0
2024-08-16;46505;0,0124;0,0006;0,0021;0,0001;49,808;9,968;28,5;3,7222222222222223;246,0;0,0;44,0
2024-08-16;1;0,0275;0,0012;0,006;0,0002;49,8047;9,95642;28,7;3,7222222222222223;250,0;0,0;46,0
2024-08-17;5456;0,0312;0,0011;0,0067;0,0002;49,802;9,944;27,0;3,1111111111111107;264,0;0,0;51,0
2024-08-17;9094;0,0051;0,0002;0,0003;0,0;49,796;9,902;27,4;2,944444444444444;260,0;0,0;48,0
2024-08-17;10645;0,0131;0,0004;0,0018;0,0001;49,782;9,932;27,3;3,1666666666666665;259,0;0,0;50,0
2024-08-17;13975;0,0311;0,001;0,0059;0,0003;49,792;9,946;27,0;3,1111111111111107;264,0;0,0;51,0
2024-08-17;15449;0,0271;0,0009;0,0057;0,0002;49,784;9,934;27,3;3,1666666666666665;259,0;0,0;50,0
2024-08-17;19623;0,0211;0,0008;0,0027;0,0002;49,798;9,928;27,2;3,138888888888889;263,0;0,0;50,0
2024-08-17;25049;0,0038;0,0001;0,0006;0,0;49,814;9,918;25,6;3,5277777777777777;263,0;0,0;56,0
2024-08-17;46505;0,0112;0,0004;0,0022;0,0001;49,808;9,968;26,9;3,416666666666667;267,0;0,0;50,0
2024-08-17;1;0,0238;0,0009;0,0047;0,0002;49,8047;9,95642;27,0;3,1111111111111107;264,0;0,0;51,0
2024-08-18;5456;0,0206;0,0006;0,0042;0,0001;49,802;9,944;22,1;2,3333333333333335;301,0;1,1;82,0
2024-08-18;9094;0,0035;0,0001;0,0003;0,0;49,796;9,902;22,5;2,1944444444444446;317,0;0,6;77,0
2024-08-18;10645;0,0105;0,0002;0,0015;0,0001;49,782;9,932;22,6;2,0;307,0;0,9;78,0
2024-08-18;13975;0,0239;0,0006;0,0049;0,0003;49,792;9,946;22,1;2,3333333333333335;301,0;1,1;82,0
2024-08-18;15449;0,0222;0,0004;0,0048;0,0001;49,784;9,934;22,6;2,0;307,0;0,9;78,0
2024-08-18;19623;0,0149;0,0004;0,0021;0,0001;49,798;9,928;21,9;2,4722222222222223;310,0;0,7999999999999999;83,0
2024-08-18;25049;0,0027;0,0001;0,0004;0,0;49,814;9,918;20,7;2,4722222222222223;313,0;0,7;87,0
2024-08-18;46505;0,0075;0,0002;0,0019;0,0001;49,808;9,968;22,2;2,0277777777777777;303,0;1,0;80,0
2024-08-18;1;0,017;0,0005;0,0035;0,0002;49,8047;9,95642;22,1;2,3333333333333335;301,0;1,1;82,0
2024-08-19;5456;0,0324;0,0021;0,0065;0,0006;49,802;9,944;21,8;2,5555555555555554;48,0;0,0;56,0
2024-08-19;9094;0,0051;0,0003;0,0004;0,0;49,796;9,902;22,3;2,4166666666666665;45,0;0,0;52,0
2024-08-19;10645;0,0137;0,0007;0,002;0,0001;49,782;9,932;22,2;2,4722222222222223;47,0;0,0;55,0
2024-08-19;13975;0,033;0,0015;0,0072;0,0003;49,792;9,946;21,8;2,5555555555555554;48,0;0,0;56,0
2024-08-19;15449;0,0296;0,0016;0,0073;0,0004;49,784;9,934;22,2;2,4722222222222223;47,0;0,0;55,0
2024-08-19;19623;0,0212;0,0013;0,0026;0,0002;49,798;9,928;22,0;2,4166666666666665;48,0;0,0;56,0
2024-08-19;25049;0,0039;0,0002;0,0007;0,0001;49,814;9,918;21,0;2,4166666666666665;48,0;0,0;59,0
2024-08-19;46505;0,0106;0,0007;0,0016;0,0002;49,808;9,968;21,6;2,5555555555555554;48,0;0,0;55,0
2024-08-19;1;0,0241;0,0015;0,0054;0,0003;49,8047;9,95642;21,8;2,5555555555555554;48,0;0,0;56,0
2024-08-20;5456;0,0287;0,0021;0,0058;0,0005;49,802;9,944;22,8;2,25;167,0;0,0;64,0
2024-08-20;9094;0,0049;0,0003;0,0004;0,0;49,796;9,902;23,0;2,3333333333333335;173,0;0,0;63,0
2024-08-20;10645;0,0131;0,0007;0,0021;0,0001;49,782;9,932;22,8;2,3333333333333335;173,0;0,0;65,0
2024-08-20;13975;0,0306;0,0015;0,0071;0,0004;49,792;9,946;22,8;2,25;167,0;0,0;64,0
2024-08-20;15449;0,0277;0,0012;0,0063;0,0002;49,784;9,934;22,8;2,3333333333333335;173,0;0,0;65,0
2024-08-20;19623;0,02;0,0013;0,0027;0,0002;49,798;9,928;22,9;2,3333333333333335;170,0;0,0;64,0
2024-08-20;25049;0,0037;0,0002;0,0006;0,0;49,814;9,918;21,8;2,2777777777777777;165,0;0,0;69,0
2024-08-20;46505;0,0101;0,0007;0,0016;0,0002;49,808;9,968;22,6;2,361111111111111;168,0;0,0;63,0
2024-08-20;1;0,0239;0,0016;0,0059;0,0003;49,8047;9,95642;22,8;2,25;167,0;0,0;64,0
2024-08-21;5456;0,0307;0,0022;0,0066;0,0008;49,802;9,944;20,9;4,305555555555555;282,0;0,1;44,0
2024-08-21;9094;0,005;0,0003;0,0004;0,0;49,796;9,902;21,4;3,4444444444444446;296,0;0,1;41,0
2024-08-21;10645;0,0131;0,0007;0,002;0,0001;49,782;9,932;21,3;3,861111111111111;291,0;0,1;43,0
2024-08-21;13975;0,0322;0,0018;0,007;0,0004;49,792;9,946;20,9;4,305555555555555;282,0;0,1;44,0
2024-08-21;15449;0,0272;0,0013;0,0062;0,0002;49,784;9,934;21,3;3,861111111111111;291,0;0,1;43,0
2024-08-21;19623;0,0197;0,0012;0,0023;0,0002;49,798;9,928;20,9;4,027777777777778;289,0;0,1;46,0
2024-08-21;25049;0,0037;0,0002;0,0006;0,0001;49,814;9,918;19,7;3,9166666666666665;289,0;0,2;49,0
2024-08-21;46505;0,0101;0,0007;0,0016;0,0001;49,808;9,968;20,8;4,5;282,0;0,1;42,0
2024-08-21;1;0,0244;0,0015;0,006;0,0003;49,8047;9,95642;20,9;4,305555555555555;282,0;0,1;44,0
2024-08-22;5456;0,0312;0,0023;0,0066;0,0007;49,802;9,944;21,8;2,055555555555556;227,0;0,0;45,0
2024-08-22;9094;0,0051;0,0003;0,0004;0,0;49,796;9,902;22,0;1,777777777777778;218,0;0,0;44,0
2024-08-22;10645;0,0135;0,0007;0,0022;0,0001;49,782;9,932;22,1;2,0;217,0;0,0;45,0
2024-08-22;13975;0,0322;0,0017;0,0069;0,0005;49,792;9,946;21,8;2,055555555555556;227,0;0,0;45,0
2024-08-22;15449;0,028;0,0014;0,0061;0,0004;49,784;9,934;22,1;2,0;217,0;0,0;45,0
2024-08-22;19623;0,021;0,0013;0,0026;0,0002;49,798;9,928;21,8;1,9166666666666667;227,0;0,0;46,0
2024-08-22;25049;0,0039;0,0002;0,0007;0,0001;49,814;9,918;20,7;2,055555555555556;227,0;0,0;50,0
2024-08-22;46505;0,0106;0,0006;0,0019;0,0001;49,808;9,968;21,8;2,055555555555556;223,0;0,0;44,0
2024-08-22;1;0,0247;0,0015;0,0057;0,0003;49,8047;9,95642;21,8;2,055555555555556;227,0;0,0;45,0
2024-08-23;5456;0,0352;0,0025;0,0084;0,0008;49,802;9,944;26,3;4,888888888888889;223,0;0,0;36,0
2024-08-23;9094;0,006;0,0003;0,0005;0,0;49,796;9,902;26,7;4,277777777777778;217,0;0,0;34,0
2024-08-23;10645;0,0158;0,0006;0,0025;0,0001;49,782;9,932;26,8;4,694444444444444;218,0;0,0;35,0
2024-08-23;13975;0,0372;0,0017;0,0079;0,0005;49,792;9,946;26,3;4,888888888888889;223,0;0,0;36,0
2024-08-23;15449;0,0334;0,0011;0,0075;0,0002;49,784;9,934;26,8;4,694444444444444;218,0;0,0;35,0
2024-08-23;19623;0,0241;0,0013;0,0031;0,0002;49,798;9,928;26,5;4,666666666666667;222,0;0,0;36,0
2024-08-23;25049;0,0045;0,0002;0,0008;0,0001;49,814;9,918;25,1;4,944444444444445;222,0;0,0;40,0
2024-08-23;46505;0,0122;0,0007;0,0024;0,0002;49,808;9,968;26,3;4,666666666666667;222,0;0,0;35,0
2024-08-23;1;0,0275;0,0016;0,006;0,0003;49,8047;9,95642;26,3;4,888888888888889;223,0;0,0;36,0
2024-08-24;5456;0,0305;0,001;0,0067;0,0002;49,802;9,944;30,9;3,611111111111111;175,0;0,0;36,0
2024-08-24;9094;0,005;0,0002;0,0004;0,0;49,796;9,902;31,3;3,5;175,0;0,0;34,0
2024-08-24;10645;0,0134;0,0005;0,002;0,0001;49,782;9,932;31,5;3,8055555555555554;180,0;0,0;34,0
2024-08-24;13975;0,0305;0,0009;0,0062;0,0003;49,792;9,946;30,9;3,611111111111111;175,0;0,0;36,0
2024-08-24;15449;0,0285;0,001;0,0062;0,0002;49,784;9,934;31,5;3,8055555555555554;180,0;0,0;34,0
2024-08-24;19623;0,0206;0,0007;0,0031;0,0001;49,798;9,928;31,2;3,7222222222222223;174,0;0,0;35,0
2024-08-24;25049;0,0037;0,0001;0,0006;0,0;49,814;9,918;29,8;3,8333333333333335;171,0;0,0;39,0
2024-08-24;46505;0,0106;0,0004;0,0019;0,0001;49,808;9,968;30,9;3,416666666666667;175,0;0,0;35,0
2024-08-24;1;0,0232;0,0009;0,0049;0,0002;49,8047;9,95642;30,9;3,611111111111111;175,0;0,0;36,0
2024-08-25;5456;0,0203;0,0004;0,0042;0,0001;49,802;9,944;20,6;3,138888888888889;277,0;4,699999999999999;49,0
2024-08-25;9094;0,0035;0,0001;0,0003;0,0;49,796;9,902;20,9;3,194444444444444;274,0;4,8;45,0
2024-08-25;10645;0,0101;0,0003;0,0014;0,0001;49,782;9,932;20,8;3,3055555555555554;275,0;4,3;47,0
2024-08-25;13975;0,0233;0,0007;0,0044;0,0002;49,792;9,946;20,6;3,138888888888889;277,0;4,699999999999999;49,0
2024-08-25;15449;0,0211;0,0005;0,0045;0,0001;49,784;9,934;20,8;3,3055555555555554;275,0;4,3;47,0
2024-08-25;19623;0,0143;0,0004;0,0019;0,0001;49,798;9,928;20,7;3,416666666666667;275,0;4,9;48,0
2024-08-25;25049;0,0026;0,0001;0,0005;0,0;49,814;9,918;19,6;3,7222222222222223;275,0;5,1000000000000005;53,0
2024-08-25;46505;0,0075;0,0002;0,0019;0,0001;49,808;9,968;20,5;3,0277777777777777;276,0;4,300000000000001;47,0
2024-08-25;1;0,0172;0,0004;0,0037;0,0002;49,8047;9,95642;20,6;3,138888888888889;277,0;4,699999999999999;49,0
2024-08-26;5456;0,029;0,0025;0,006;0,0008;49,802;9,944;21,7;0,6666666666666666;333,0;0,0;45,0
2024-08-26;9094;0,0046;0,0003;0,0003;0,0;49,796;9,902;22,1;0,7777777777777777;320,0;0,0;40,0
2024-08-26;10645;0,0134;0,0007;0,0022;0,0001;49,782;9,932;22,1;0,6111111111111112;270,0;0,0;42,0
2024-08-26;13975;0,0322;0,0019;0,007;0,0005;49,792;9,946;21,7;0,6666666666666666;333,0;0,0;45,0
2024-08-26;15449;0,0286;0,0015;0,0064;0,0003;49,784;9,934;22,1;0,6111111111111112;270,0;0,0;42,0
2024-08-26;19623;0,0188;0,0012;0,0027;0,0002;49,798;9,928;21,7;0,8611111111111112;324,0;0,0;45,0
2024-08-26;25049;0,0036;0,0002;0,0006;0,0;49,814;9,918;20,2;0,5833333333333334;329,0;0,0;53,0
2024-08-26;46505;0,0102;0,0007;0,0017;0,0002;49,808;9,968;21,5;0,9166666666666666;13,0;0,0;44,0
2024-08-26;1;0,0235;0,0015;0,0056;0,0003;49,8047;9,95642;21,7;0,6666666666666666;333,0;0,0;45,0
2024-08-27;5456;0,0292;0,0022;0,0062;0,0007;49,802;9,944;24,7;2,888888888888889;76,0;0,0;49,0
2024-08-27;9094;0,0047;0,0003;0,0004;0,0;49,796;9,902;25,0;2,694444444444444;75,0;0,0;46,0
2024-08-27;10645;0,0129;0,0008;0,0021;0,0001;49,782;9,932;25,2;2,7222222222222223;73,0;0,0;47,0
2024-08-27;13975;0,0309;0,0018;0,0068;0,0004;49,792;9,946;24,7;2,888888888888889;76,0;0,0;49,0
2024-08-27;15449;0,0276;0,0016;0,0063;0,0003;49,784;9,934;25,2;2,7222222222222223;73,0;0,0;47,0
2024-08-27;19623;0,0194;0,0014;0,0026;0,0002;49,798;9,928;25,0;3,0277777777777777;81,0;0,0;48,0
2024-08-27;25049;0,0036;0,0003;0,0006;0,0001;49,814;9,918;23,6;3,1111111111111107;84,0;0,0;53,0
2024-08-27;46505;0,0099;0,0007;0,0015;0,0001;49,808;9,968;24,6;2,75;71,0;0,0;49,0
2024-08-27;1;0,0231;0,0015;0,0055;0,0003;49,8047;9,95642;24,7;2,888888888888889;76,0;0,0;49,0
2024-08-28;5456;0,0305;0,0024;0,0068;0,0008;49,802;9,944;27,4;2,1666666666666665;124,0;0,0;52,0
2024-08-28;9094;0,0047;0,0003;0,0004;0,0;49,796;9,902;27,6;2,0;127,0;0,0;50,0
2024-08-28;10645;0,0134;0,0008;0,002;0,0001;49,782;9,932;27,7;1,9166666666666667;129,0;0,0;51,0
2024-08-28;13975;0,0318;0,0017;0,0071;0,0004;49,792;9,946;27,4;2,1666666666666665;124,0;0,0;52,0
2024-08-28;15449;0,0284;0,0016;0,0069;0,0004;49,784;9,934;27,7;1,9166666666666667;129,0;0,0;51,0
2024-08-28;19623;0,0195;0,0014;0,0025;0,0002;49,798;9,928;27,5;2,2777777777777777;128,0;0,0;51,0
2024-08-28;25049;0,0037;0,0003;0,0006;0,0001;49,814;9,918;26,4;2,4722222222222223;130,0;0,0;55,0
2024-08-28;46505;0,0104;0,0007;0,0016;0,0002;49,808;9,968;27,0;2,0277777777777777;123,0;0,0;52,0
2024-08-28;1;0,0247;0,0017;0,0059;0,0003;49,8047;9,95642;27,4;2,1666666666666665;124,0;0,0;52,0
2024-08-29;5456;0,031;0,0022;0,0069;0,0008;49,802;9,944;31,2;0,8333333333333333;194,0;0,0;38,0
2024-08-29;9094;0,0046;0,0003;0,0004;0,0;49,796;9,902;31,4;0,6944444444444444;188,0;0,0;38,0
2024-08-29;10645;0,014;0,0007;0,0022;0,0001;49,782;9,932;31,5;0,8611111111111112;201,0;0,0;38,0
2024-08-29;13975;0,0328;0,0017;0,0069;0,0005;49,792;9,946;31,2;0,8333333333333333;194,0;0,0;38,0
2024-08-29;15449;0,0299;0,0014;0,0067;0,0002;49,784;9,934;31,5;0,8611111111111112;201,0;0,0;38,0
2024-08-29;19623;0,0207;0,0014;0,003;0,0002;49,798;9,928;31,3;0,7222222222222222;196,0;0,0;39,0
2024-08-29;25049;0,0038;0,0002;0,0007;0,0001;49,814;9,918;29,7;0,6111111111111112;189,0;0,0;45,0
2024-08-29;46505;0,0099;0,0006;0,0018;0,0002;49,808;9,968;31,0;0,6944444444444444;188,0;0,0;37,0
2024-08-29;1;0,0238;0,0014;0,0054;0,0003;49,8047;9,95642;31,2;0,8333333333333333;194,0;0,0;38,0
2024-08-30;5456;0,037;0,0024;0,0089;0,0008;49,802;9,944;30,1;0,9444444444444444;58,0;0,0;45,0
2024-08-30;9094;0,006;0,0003;0,0005;0,0;49,796;9,902;30,7;0,9166666666666666;49,0;0,0;42,0
2024-08-30;10645;0,0166;0,0007;0,0026;0,0001;49,782;9,932;30,6;0,8611111111111112;45,0;0,0;43,0
2024-08-30;13975;0,04;0,002;0,009;0,0005;49,792;9,946;30,1;0,9444444444444444;58,0;0,0;45,0
2024-08-30;15449;0,0349;0,0015;0,0079;0,0003;49,784;9,934;30,6;0,8611111111111112;45,0;0,0;43,0
2024-08-30;19623;0,0238;0,0012;0,0031;0,0002;49,798;9,928;30,6;0,8611111111111112;54,0;0,0;44,0
2024-08-30;25049;0,0045;0,0002;0,0008;0,0;49,814;9,918;29,2;0,7222222222222222;56,0;0,0;49,0
2024-08-30;46505;0,0123;0,0008;0,0023;0,0002;49,808;9,968;29,7;1,0;37,0;0,0;46,0
2024-08-30;1;0,0297;0,0017;0,0071;0,0003;49,8047;9,95642;30,1;0,9444444444444444;58,0;0,0;45,0
2024-08-31;5456;0,033;0,0011;0,0079;0,0003;49,802;9,944;27,1;3,944444444444444;54,0;0,0;53,0
2024-08-31;9094;0,005;0,0001;0,0004;0,0;49,796;9,902;27,4;3,4444444444444446;54,0;0,0;51,0
2024-08-31;10645;0,0143;0,0004;0,0024;0,0001;49,782;9,932;27,6;3,555555555555556;52,0;0,0;52,0
2024-08-31;13975;0,0329;0,0012;0,0075;0,0003;49,792;9,946;27,1;3,944444444444444;54,0;0,0;53,0
2024-08-31;15449;0,0305;0,0009;0,0066;0,0002;49,784;9,934;27,6;3,555555555555556;52,0;0,0;52,0
2024-08-31;19623;0,021;0,0007;0,003;0,0001;49,798;9,928;27,5;3,7777777777777777;58,0;0,0;52,0
2024-08-31;25049;0,004;0,0001;0,0007;0,0;49,814;9,918;26,2;3,944444444444444;60,0;0,0;56,0
2024-08-31;46505;0,0107;0,0004;0,002;0,0001;49,808;9,968;26,9;3,6944444444444446;52,0;0,0;53,0
2024-08-31;1;0,0245;0,0009;0,0051;0,0002;49,8047;9,95642;27,1;3,944444444444444;54,0;0,0;53,0
