date;station_id;prox_kumulativ_car;prox_kumulativ_truck;IDW_car;IDW_truck;lat;lon;icon_temp_2m;icon_wind_speed;icon_wind_direction;icon_precip_12h;icon_relative_humidity;x_utm;y_utm;MAIAC_AOD;S5P_NO2;S5P_UVAI;ERA5_BLH;tpi_300m;tpi_1500m;ndvi;PM25_Target
2024-05-01;5456;0,0216;0,0004;0,0049;0,0001;49,802;9,944;24,2;3,305555555555556;95,0;0,0;42,0;567930,6533392705;5517043,993212319;;3,4009583032460336e-05;-0,5331665836275121;1137,18408203125;9,2957763671875;-19,87542724609375;0,0381515292022492;12,10125
2024-05-01;10645;0,011;0,0002;0,0017;0,0;49,782;9,932;24,5;3,138888888888889;99,0;0,0;41,0;567094,7661046094;5514809,631751885;;3,4009583032460336e-05;-0,5424846969545394;1137,18408203125;-4,616546630859375;-38,04154968261719;0,1821644231677055;3,8535714285714286
2024-05-01;13975;0,0241;0,0005;0,0049;0,0002;49,792;9,946;24,2;3,305555555555556;95,0;0,0;42,0;568088,5932671656;5515934,024955345;;3,400958303245618e-05;-0,5424846969544732;1137,18408203125;-7,100112915039063;-11,455413818359377;0,0696085571580175;2,575833333333333
2024-05-01;15449;0,0228;0,0004;0,0043;0,0001;49,784;9,934;24,5;3,138888888888889;99,0;0,0;41,0;567235,976097938;5515033,77807713;;3,400958303245618e-05;-0,5411417079897339;1137,18408203125;8,532821655273438;-18,42616271972656;0,171084050503042;2,3912765957446807
2024-05-01;19623;0,0168;0,0004;0,0025;0,0001;49,798;9,928;24,3;3,5277777777777777;98,0;0,0;42,0;566784,8051692393;5516584,912229571;;3,400958303245618e-05;-0,5331665836274472;1137,18408203125;-7,9800262451171875;-36,69145202636719;0,0886252300302141;4,301020408163265
2024-05-01;25049;0,003;0,0001;0,0005;0,0;49,814;9,918;23,3;3,7222222222222223;98,0;0,0;44,0;566043,3787976378;5518354,912347081;;3,4009582211012846e-05;-0,5454667613039412;1137,18408203125;-31,044219970703125;-60,89303588867188;0,217509622697109;5,718260869565218
2024-05-01;1;0,02;0,0004;0,0048;0,0001;49,8047;9,95642;24,2;3,305555555555556;95,0;0,0;42,0;568820,5605106109;5517355,496720748;;3,4009583032460336e-05;-0,5419856711402645;1137,18408203125;6,3877716064453125;0,1705322265625;0,188156131700969;10,0
2024-05-02;5456;0,0339;0,0027;0,0074;0,0009;49,802;9,944;24,2;3,055555555555556;101,0;0,0;44,0;567930,6533392705;5517043,993212319;;3,553311398718838e-05;-0,2452067006331938;1749,4351806640625;9,2957763671875;-19,87542724609375;0,0381515292022492;10,915416666666667
2024-05-02;10645;0,0157;0,0008;0,0028;0,0001;49,782;9,932;24,5;2,833333333333333;108,0;0,0;44,0;567094,7661046094;5514809,631751885;0,258;5,411255551735445e-05;-0,3752638402798329;1749,4351806640625;-4,616546630859375;-38,04154968261719;0,1821644231677055;3,2511904761904766
2024-05-02;13975;0,0367;0,0019;0,0082;0,0005;49,792;9,946;24,2;3,055555555555556;101,0;0,0;44,0;568088,5932671656;5515934,024955345;0,2665;3,5533113987184045e-05;-0,2387539409100941;1749,4351806640625;-7,100112915039063;-11,455413818359377;0,0696085571580175;2,2394
2024-05-02;15449;0,0323;0,0013;0,0063;0,0002;49,784;9,934;24,5;2,833333333333333;108,0;0,0;44,0;567235,976097938;5515033,77807713;0,282;5,209293981810551e-05;-0,3396875264317195;1749,4351806640625;8,532821655273438;-18,42616271972656;0,171084050503042;2,8422916666666667
2024-05-02;19623;0,0234;0,0015;0,0032;0,0002;49,798;9,928;24,2;3,222222222222222;106,0;0,0;45,0;566784,8051692393;5516584,912229571;0,181;5,26225405863002e-05;-0,3782333795666468;1749,4351806640625;-7,9800262451171875;-36,69145202636719;0,0886252300302141;4,165918367346939
2024-05-02;25049;0,0044;0,0003;0,0007;0,0;49,814;9,918;23,4;3,305555555555556;104,0;0,0;47,0;566043,3787976378;5518354,912347081;0,181;3,3186044755820195e-05;-0,3504096129606276;1749,4351806640625;-31,044219970703125;-60,89303588867188;0,217509622697109;5,33204081632653
2024-05-02;1;0,029;0,002;0,0066;0,0003;49,8047;9,95642;24,2;3,055555555555556;101,0;0,0;44,0;568820,5605106109;5517355,496720748;0,164;3,553311398718838e-05;-0,2387539409101232;1749,4351806640625;6,3877716064453125;0,1705322265625;0,188156131700969;8,5
2024-05-03;5456;0,0404;0,0021;0,0093;0,0007;49,802;9,944;13,3;4,027777777777778;256,0;0,5;71,0;567930,6533392705;5517043,993212319;;;-0,8694059848786213;990,85107421875;9,2957763671875;-19,87542724609375;0,0381515292022492;8,977083333333333
2024-05-03;9094;0,0072;0,0003;0,0006;0,0;49,796;9,902;13,4;3,8055555555555554;252,0;0,1;68,0;564916,3789284342;5516339,731191984;;;-0,9242214560509746;990,85107421875;23,65252685546875;-17,410202026367188;0,1838420725163118;1,1391666666666667
2024-05-03;10645;0,017;0,0006;0,0032;0,0001;49,782;9,932;13,3;4,083333333333333;248,0;0,1;70,0;567094,7661046094;5514809,631751885;;;-0,3093691317588544;990,85107421875;-4,616546630859375;-38,04154968261719;0,1821644231677055;0,8623809523809524
2024-05-03;13975;0,0408;0,0017;0,0099;0,0004;49,792;9,946;13,3;4,027777777777778;256,0;0,5;71,0;568088,5932671656;5515934,024955345;;;-0,69773721784727;990,85107421875;-7,100112915039063;-11,455413818359377;0,0696085571580175;0,37166666666666665
2024-05-03;15449;0,036;0,001;0,0081;0,0002;49,784;9,934;13,3;4,083333333333333;248,0;0,1;70,0;567235,976097938;5515033,77807713;;;-0,866439685868659;990,85107421875;8,532821655273438;-18,42616271972656;0,171084050503042;1,3510416666666665
2024-05-03;19623;0,0284;0,0014;0,0039;0,0002;49,798;9,928;13,1;4,111111111111112;257,0;0,3;72,0;566784,8051692393;5516584,912229571;;;-0,8694059848785152;990,85107421875;-7,9800262451171875;-36,69145202636719;0,0886252300302141;1,1495833333333334
2024-05-03;25049;0,0054;0,0002;0,0009;0,0;49,814;9,918;12,2;4,416666666666667;257,0;0,3;75,0;566043,3787976378;5518354,912347081;;;-0,8694059848785152;990,85107421875;-31,044219970703125;-60,89303588867188;0,217509622697109;1,5671428571428572
2024-05-03;1;0,0345;0,0016;0,0077;0,0003;49,8047;9,95642;13,3;4,027777777777778;256,0;0,5;71,0;568820,5605106109;5517355,496720748;;;-0,8694059848786213;990,85107421875;6,3877716064453125;0,1705322265625;0,188156131700969;1,5
2024-05-04;5456;0,0362;0,001;0,0077;0,0003;49,802;9,944;16,5;2,5277777777777777;124,0;0,0;55,0;567930,6533392705;5517043,993212319;;3,1378545827468066e-05;-1,5926876068116724;1101,417724609375;9,2957763671875;-19,87542724609375;0,0381515292022492;10,794166666666667
2024-05-04;10645;0,0149;0,0004;0,0025;0,0001;49,782;9,932;16,2;2,2777777777777777;119,0;0,0;58,0;567094,7661046094;5514809,631751885;;4,659948535846051e-05;-1,806437015533616;1101,417724609375;-4,616546630859375;-38,04154968261719;0,1821644231677055;1,3446511627906976
2024-05-04;13975;0,036;0,0008;0,0081;0,0002;49,792;9,946;16,5;2,5277777777777777;124,0;0,0;55,0;568088,5932671656;5515934,024955345;;3,432113198525302e-05;-1,7939624278996258;1101,417724609375;-7,100112915039063;-11,455413818359377;0,0696085571580175;0,8408163265306123
2024-05-04;15449;0,0306;0,0007;0,0061;0,0001;49,784;9,934;16,2;2,2777777777777777;119,0;0,0;58,0;567235,976097938;5515033,77807713;;3,934039008862507e-05;-1,7044966933782089;1101,417724609375;8,532821655273438;-18,42616271972656;0,171084050503042;4,544081632653061
2024-05-04;19623;0,0242;0,0007;0,0034;0,0001;49,798;9,928;16,2;2,583333333333333;126,0;0,0;54,0;566784,8051692393;5516584,912229571;;3,137854582746423e-05;-1,592687606811478;1101,417724609375;-7,9800262451171875;-36,69145202636719;0,0886252300302141;1,590204081632653
2024-05-04;25049;0,0045;0,0001;0,0007;0,0;49,814;9,918;15,3;2,2777777777777777;128,0;0,0;57,0;566043,3787976378;5518354,912347081;;3,137854582746423e-05;-1,592687606811478;1101,417724609375;-31,044219970703125;-60,89303588867188;0,217509622697109;2,170204081632653
2024-05-04;1;0,0276;0,001;0,0054;0,0002;49,8047;9,95642;16,5;2,5277777777777777;124,0;0,0;55,0;568820,5605106109;5517355,496720748;;2,258090535178992e-05;-1,4373524188996705;1101,417724609375;6,3877716064453125;0,1705322265625;0,188156131700969;3,0
2024-05-05;5456;0,0233;0,0004;0,005;0,0001;49,802;9,944;16,5;3,333333333333333;231,0;4,1;75,0;567930,6533392705;5517043,993212319;;;-0,4705267399549924;642,7227783203125;9,2957763671875;-19,87542724609375;0,0381515292022492;9,293181818181818
2024-05-05;10645;0,0112;0,0002;0,0015;0,0;49,782;9,932;16,2;3,8333333333333335;221,0;4,3;78,0;567094,7661046094;5514809,631751885;;;-0,5483103767037905;642,7227783203125;-4,616546630859375;-38,04154968261719;0,1821644231677055;0,8134210526315789
2024-05-05;13975;0,0263;0,0004;0,0055;0,0001;49,792;9,946;16,5;3,333333333333333;231,0;4,1;75,0;568088,5932671656;5515934,024955345;;;-0,5484887679340835;642,7227783203125;-7,100112915039063;-11,455413818359377;0,0696085571580175;0,40886363636363643
2024-05-05;15449;0,0233;0,0004;0,0045;0,0001;49,784;9,934;16,2;3,8333333333333335;221,0;4,3;78,0;567235,976097938;5515033,77807713;;;-0,5483103767037234;642,7227783203125;8,532821655273438;-18,42616271972656;0,171084050503042;0,9418181818181818
2024-05-05;19623;0,0177;0,0003;0,0027;0,0001;49,798;9,928;16,2;3,416666666666667;232,0;4,7;79,0;566784,8051692393;5516584,912229571;;;-0,5052156671413104;642,7227783203125;-7,9800262451171875;-36,69145202636719;0,0886252300302141;0,975
2024-05-05;25049;0,003;0,0001;0,0004;0,0;49,814;9,918;15,3;3,305555555555556;241,0;5,5;81,0;566043,3787976378;5518354,912347081;;;-0,4432176483788213;642,7227783203125;-31,044219970703125;-60,89303588867188;0,217509622697109;1,1638636363636363
2024-05-05;1;0,0193;0,0004;0,0039;0,0002;49,8047;9,95642;16,5;3,333333333333333;231,0;4,1;75,0;568820,5605106109;5517355,496720748;;;-0,6980534129952984;642,7227783203125;6,3877716064453125;0,1705322265625;0,188156131700969;2,0
2024-05-06;5456;0,034;0,0019;0,0072;0,0007;49,802;9,944;16,9;2,25;225,0;3,7;79,0;567930,6533392705;5517043,993212319;;;-0,6622421797007738;515,964111328125;9,2957763671875;-19,87542724609375;0,0381515292022492;11,515
2024-05-06;10645;0,015;0,0006;0,0024;0,0001;49,782;9,932;17,0;1,9166666666666667;231,0;3,3;79,0;567094,7661046094;5514809,631751885;;;-0,2575534582138302;515,964111328125;-4,616546630859375;-38,04154968261719;0,1821644231677055;1,098095238095238
2024-05-06;13975;0,0366;0,0014;0,0087;0,0004;49,792;9,946;16,9;2,25;225,0;3,7;79,0;568088,5932671656;5515934,024955345;;;-0,5509947193388344;515,964111328125;-7,100112915039063;-11,455413818359377;0,0696085571580175;0,6712244897959184
2024-05-06;15449;0,0307;0,001;0,006;0,0002;49,784;9,934;17,0;1,9166666666666667;231,0;3,3;79,0;567235,976097938;5515033,77807713;;;-0,3204396236574947;515,964111328125;8,532821655273438;-18,42616271972656;0,171084050503042;1,1525
2024-05-06;19623;0,0232;0,0013;0,0029;0,0002;49,798;9,928;16,9;2,055555555555556;227,0;3,8;81,0;566784,8051692393;5516584,912229571;;;-0,4815981760620933;515,964111328125;-7,9800262451171875;-36,69145202636719;0,0886252300302141;1,4259183673469389
2024-05-06;25049;0,0044;0,0002;0,0007;0,0001;49,814;9,918;16,1;2,1944444444444446;223,0;4,6;84,0;566043,3787976378;5518354,912347081;;;-0,7698646462339679;515,964111328125;-31,044219970703125;-60,89303588867188;0,217509622697109;2,0326530612244897
2024-05-06;1;0,0282;0,0014;0,0063;0,0003;49,8047;9,95642;16,9;2,25;225,0;3,7;79,0;568820,5605106109;5517355,496720748;;;-0,7286479845643725;515,964111328125;6,3877716064453125;0,1705322265625;0,188156131700969;3,0
2024-05-07;5456;0,0343;0,0025;0,0074;0,0009;49,802;9,944;14,8;3,944444444444444;54,0;0,0;69,0;567930,6533392705;5517043,993212319;;;-0,7465770840645534;642,9775390625;9,2957763671875;-19,87542724609375;0,0381515292022492;11,363124999999998
2024-05-07;10645;0,0149;0,0007;0,0025;0,0001;49,782;9,932;15,0;3,3888888888888884;47,0;0,0;70,0;567094,7661046094;5514809,631751885;;;-0,6420055031777028;642,9775390625;-4,616546630859375;-38,04154968261719;0,1821644231677055;1,3207142857142857
2024-05-07;13975;0,0351;0,0017;0,0083;0,0004;49,792;9,946;14,8;3,944444444444444;54,0;0,0;69,0;568088,5932671656;5515934,024955345;;;-0,6420055031776245;642,9775390625;-7,100112915039063;-11,455413818359377;0,0696085571580175;0,9616666666666668
2024-05-07;15449;0,0313;0,0012;0,0071;0,0002;49,784;9,934;15,0;3,3888888888888884;47,0;0,0;70,0;567235,976097938;5515033,77807713;;;-0,6593383385955357;642,9775390625;8,532821655273438;-18,42616271972656;0,171084050503042;5,29468085106383
2024-05-07;19623;0,0236;0,0014;0,0032;0,0002;49,798;9,928;15,0;3,75;56,0;0,0;69,0;566784,8051692393;5516584,912229571;;;-0,7465770840644623;642,9775390625;-7,9800262451171875;-36,69145202636719;0,0886252300302141;1,746530612244898
2024-05-07;25049;0,0044;0,0003;0,0007;0,0001;49,814;9,918;14,0;3,861111111111111;53,0;0,0;75,0;566043,3787976378;5518354,912347081;;;-0,6980135186451828;642,9775390625;-31,044219970703125;-60,89303588867188;0,217509622697109;3,1335416666666664
2024-05-07;1;0,0291;0,0018;0,0068;0,0003;49,8047;9,95642;14,8;3,944444444444444;54,0;0,0;69,0;568820,5605106109;5517355,496720748;;;-0,7454573759025842;642,9775390625;6,3877716064453125;0,1705322265625;0,188156131700969;4,0
2024-05-08;5456;0,0359;0,0022;0,008;0,0007;49,802;9,944;14,4;2,75;33,0;0,0;66,0;567930,6533392705;5517043,993212319;;;-0,5303844213486214;829,6437377929688;9,2957763671875;-19,87542724609375;0,0381515292022492;15,211041666666667
2024-05-08;10645;0,0147;0,0006;0,0026;0,0001;49,782;9,932;14,6;2,861111111111111;36,0;0,0;63,0;567094,7661046094;5514809,631751885;;;-0,5477379560471093;829,6437377929688;-4,616546630859375;-38,04154968261719;0,1821644231677055;4,931162790697674
2024-05-08;13975;0,0373;0,0017;0,0091;0,0005;49,792;9,946;14,4;2,75;33,0;0,0;66,0;568088,5932671656;5515934,024955345;;;-0,4638107799206205;829,6437377929688;-7,100112915039063;-11,455413818359377;0,0696085571580175;4,7667346938775506
2024-05-08;15449;0,031;0,001;0,0075;0,0002;49,784;9,934;14,6;2,861111111111111;36,0;0,0;63,0;567235,976097938;5515033,77807713;;;-0,5477379560470425;829,6437377929688;8,532821655273438;-18,42616271972656;0,171084050503042;2,8406382978723403
2024-05-08;19623;0,0244;0,0013;0,0033;0,0002;49,798;9,928;14,2;2,5;29,0;0,0;70,0;566784,8051692393;5516584,912229571;;;-0,5324747731324597;829,6437377929688;-7,9800262451171875;-36,69145202636719;0,0886252300302141;6,078936170212765
2024-05-08;25049;0,0046;0,0003;0,0007;0,0;49,814;9,918;13,1;2,555555555555556;31,0;0,0;75,0;566043,3787976378;5518354,912347081;;;-0,5303844213485566;829,6437377929688;-31,044219970703125;-60,89303588867188;0,217509622697109;8,996530612244898
2024-05-08;1;0,0304;0,0017;0,0068;0,0003;49,8047;9,95642;14,4;2,75;33,0;0,0;66,0;568820,5605106109;5517355,496720748;;;-0,4360379278660228;829,6437377929688;6,3877716064453125;0,1705322265625;0,188156131700969;7,5
2024-05-09;5456;0,0229;0,0006;0,005;0,0001;49,802;9,944;18,3;2,4444444444444446;71,0;0,0;39,0;567930,6533392705;5517043,993212319;0,2785;2,9125558285161783e-05;-0,6728264093399677;1846,4326171875;9,2957763671875;-19,87542724609375;0,0381515292022492;9,127916666666666
2024-05-09;10645;0,0114;0,0003;0,0018;0,0;49,782;9,932;18,6;2,4722222222222223;50,0;0,0;38,0;567094,7661046094;5514809,631751885;0,218;2,9125558285161783e-05;-0,6728264093399677;1846,4326171875;-4,616546630859375;-38,04154968261719;0,1821644231677055;2,3719444444444444
2024-05-09;13975;0,0262;0,0007;0,0054;0,0002;49,792;9,946;18,3;2,4444444444444446;71,0;0,0;39,0;568088,5932671656;5515934,024955345;0,267;2,9125558285158225e-05;-0,6728264093398855;1846,4326171875;-7,100112915039063;-11,455413818359377;0,0696085571580175;1,538125
2024-05-09;15449;0,0228;0,0005;0,0038;0,0001;49,784;9,934;18,6;2,4722222222222223;50,0;0,0;38,0;567235,976097938;5515033,77807713;0,227;2,9125558285158225e-05;-0,6728264093398855;1846,4326171875;8,532821655273438;-18,42616271972656;0,171084050503042;2,442857142857143
2024-05-09;19623;0,017;0,0005;0,0025;0,0001;49,798;9,928;18,3;2,4166666666666665;73,0;0,0;40,0;566784,8051692393;5516584,912229571;0,3025;2,9125558285158225e-05;-0,6728264093398855;1846,4326171875;-7,9800262451171875;-36,69145202636719;0,0886252300302141;2,7916666666666665
2024-05-09;25049;0,003;0,0001;0,0005;0,0;49,814;9,918;17,5;2,4444444444444446;81,0;0,0;44,0;566043,3787976378;5518354,912347081;0,308;2,5846099517395605e-05;-0,6975321144339713;1846,4326171875;-31,044219970703125;-60,89303588867188;0,217509622697109;3,6402040816326533
2024-05-09;1;0,0209;0,0004;0,0046;0,0001;49,8047;9,95642;18,3;2,4444444444444446;71,0;0,0;39,0;568820,5605106109;5517355,496720748;0,255;2,9125558285161783e-05;-0,6728264093399677;1846,4326171875;6,3877716064453125;0,1705322265625;0,188156131700969;6,5
2024-05-10;5456;0,0405;0,0023;0,0087;0,0007;49,802;9,944;20,6;2,111111111111111;45,0;0,0;39,0;567930,6533392705;5517043,993212319;;2,6800728887175904e-05;-0,414848706058014;1846,0538330078125;9,2957763671875;-19,87542724609375;0,0381515292022492;9,528125000000001
2024-05-10;10645;0,0183;0,0008;0,0029;0,0001;49,782;9,932;21,3;1,777777777777778;47,0;0,0;35,0;567094,7661046094;5514809,631751885;;2,8261911211305147e-05;-0,524914026260425;1846,0538330078125;-4,616546630859375;-38,04154968261719;0,1821644231677055;2,0204651162790697
2024-05-10;13975;0,0429;0,0019;0,0103;0,0004;49,792;9,946;20,6;2,111111111111111;45,0;0,0;39,0;568088,5932671656;5515934,024955345;;4,025043956177732e-05;-0,4187130274921742;1846,0538330078125;-7,100112915039063;-11,455413818359377;0,0696085571580175;1,302857142857143
2024-05-10;15449;0,0376;0,0017;0,0074;0,0004;49,784;9,934;21,3;1,777777777777778;47,0;0,0;35,0;567235,976097938;5515033,77807713;;2,826191087144737e-05;-0,519634609144109;1846,0538330078125;8,532821655273438;-18,42616271972656;0,171084050503042;2,6997916666666666
2024-05-10;19623;0,0296;0,0015;0,0042;0,0002;49,798;9,928;20,6;2,055555555555556;67,0;0,0;40,0;566784,8051692393;5516584,912229571;0,364;2,826191121130169e-05;-0,524914026260361;1846,0538330078125;-7,9800262451171875;-36,69145202636719;0,0886252300302141;2,485918367346939
2024-05-10;25049;0,0055;0,0003;0,0009;0,0;49,814;9,918;19,8;2,138888888888889;79,0;0,0;43,0;566043,3787976378;5518354,912347081;;2,7701390995618184e-05;-0,5660455970851117;1846,0538330078125;-31,044219970703125;-60,89303588867188;0,217509622697109;3,2344897959183676
2024-05-10;1;0,0335;0,0018;0,0073;0,0003;49,8047;9,95642;20,6;2,111111111111111;45,0;0,0;39,0;568820,5605106109;5517355,496720748;0,362;4,229759569736383e-05;-0,4226119200678169;1846,0538330078125;6,3877716064453125;0,1705322265625;0,188156131700969;7,5
2024-05-11;5456;0,0367;0,0011;0,0085;0,0003;49,802;9,944;21,6;2,1944444444444446;66,0;0,0;42,0;567930,6533392705;5517043,993212319;;2,991644123540307e-05;-0,5580858774483726;1778,8753662109375;9,2957763671875;-19,87542724609375;0,0381515292022492;8,61265306122449
2024-05-11;10645;0,015;0,0004;0,0025;0,0001;49,782;9,932;22,0;2,055555555555556;67,0;0,0;41,0;567094,7661046094;5514809,631751885;;3,7966658055669454e-05;-0,4667174071073968;1778,8753662109375;-4,616546630859375;-38,04154968261719;0,1821644231677055;2,8064285714285715
2024-05-11;13975;0,036;0,001;0,0078;0,0003;49,792;9,946;21,6;2,1944444444444446;66,0;0,0;42,0;568088,5932671656;5515934,024955345;;3,75451361555005e-05;-0,4633186008595406;1778,8753662109375;-7,100112915039063;-11,455413818359377;0,0696085571580175;2,0068
2024-05-11;15449;0,03;0,0006;0,0057;0,0001;49,784;9,934;22,0;2,055555555555556;67,0;0,0;41,0;567235,976097938;5515033,77807713;;3,796665805566482e-05;-0,4667174071073399;1778,8753662109375;8,532821655273438;-18,42616271972656;0,171084050503042;4,973958333333333
2024-05-11;19623;0,0255;0,0009;0,0039;0,0001;49,798;9,928;21,6;2,111111111111111;65,0;0,0;44,0;566784,8051692393;5516584,912229571;;3,231382967176833e-05;-0,5340005210015966;1778,8753662109375;-7,9800262451171875;-36,69145202636719;0,0886252300302141;3,5231250000000003
2024-05-11;25049;0,0047;0,0001;0,0007;0,0;49,814;9,918;20,5;2,111111111111111;65,0;0,0;48,0;566043,3787976378;5518354,912347081;;2,9916441235399417e-05;-0,5580858774483044;1778,8753662109375;-31,044219970703125;-60,89303588867188;0,217509622697109;4,666170212765958
2024-05-11;1;0,0283;0,0009;0,0057;0,0002;49,8047;9,95642;21,6;2,1944444444444446;66,0;0,0;42,0;568820,5605106109;5517355,496720748;;3,170960775767741e-05;-0,5293572078878526;1778,8753662109375;6,3877716064453125;0,1705322265625;0,188156131700969;10,5
2024-05-12;5456;0,0283;0,0008;0,0065;0,0002;49,802;9,944;23,7;1,6666666666666663;123,0;0,0;38,0;567930,6533392705;5517043,993212319;;2,2646530851491047e-05;-0,6803519427776973;1842,58447265625;9,2957763671875;-19,87542724609375;0,0381515292022492;8,355625
2024-05-12;10645;0,0134;0,0003;0,0021;0,0001;49,782;9,932;23,8;1,7222222222222223;126,0;0,0;37,0;567094,7661046094;5514809,631751885;0,246;2,0805362103199904e-05;-0,7007129666631928;1842,58447265625;-4,616546630859375;-38,04154968261719;0,1821644231677055;2,8886046511627907
2024-05-12;13975;0,0315;0,0008;0,0067;0,0002;49,792;9,946;23,7;1,6666666666666663;123,0;0,0;38,0;568088,5932671656;5515934,024955345;0,221;2,0545519873848527e-05;-0,6698669791221427;1842,58447265625;-7,100112915039063;-11,455413818359377;0,0696085571580175;2,1341666666666668
2024-05-12;15449;0,0272;0,0007;0,0049;0,0001;49,784;9,934;23,8;1,7222222222222223;126,0;0,0;37,0;567235,976097938;5515033,77807713;0,23;2,0551865827816948e-05;-0,6947668076575939;1842,58447265625;8,532821655273438;-18,42616271972656;0,171084050503042;1,4529787234042555
2024-05-12;19623;0,0215;0,0006;0,0033;0,0001;49,798;9,928;23,4;1,805555555555556;124,0;0,0;40,0;566784,8051692393;5516584,912229571;;1,6583303141015274e-05;-0,6305240802695982;1842,58447265625;-7,9800262451171875;-36,69145202636719;0,0886252300302141;3,913265306122449
2024-05-12;25049;0,0038;0,0001;0,0006;0,0;49,814;9,918;22,2;2,055555555555556;104,0;0,0;46,0;566043,3787976378;5518354,912347081;0,321;2,2814503868556408e-05;-0,6831666315781095;1842,58447265625;-31,044219970703125;-60,89303588867188;0,217509622697109;5,344489795918367
2024-05-12;1;0,0254;0,0006;0,0056;0,0002;49,8047;9,95642;23,7;1,6666666666666663;123,0;0,0;38,0;568820,5605106109;5517355,496720748;0,359;2,217353136785629e-05;-0,6779914871467296;1842,58447265625;6,3877716064453125;0,1705322265625;0,188156131700969;8,0
2024-05-13;5456;0,0337;0,0025;0,0071;0,0008;49,802;9,944;24,3;3,055555555555556;131,0;0,0;38,0;567930,6533392705;5517043,993212319;;3,9486339756941285e-05;-0,5297560555753136;1927,8350830078125;9,2957763671875;-19,87542724609375;0,0381515292022492;10,022083333333333
2024-05-13;10645;0,0148;0,0008;0,0022;0,0001;49,782;9,932;24,4;3,194444444444444;141,0;0,0;40,0;567094,7661046094;5514809,631751885;0,2165;;-0,2614348530769592;1927,8350830078125;-4,616546630859375;-38,04154968261719;0,1821644231677055;3,20047619047619
2024-05-13;13975;0,0356;0,002;0,0081;0,0004;49,792;9,946;24,3;3,055555555555556;131,0;0,0;38,0;568088,5932671656;5515934,024955345;0,2245;;-0,2614348530769273;1927,8350830078125;-7,100112915039063;-11,455413818359377;0,0696085571580175;2,4175
2024-05-13;15449;0,0306;0,0016;0,0062;0,0003;49,784;9,934;24,4;3,194444444444444;141,0;0,0;40,0;567235,976097938;5515033,77807713;0,192;;-0,2614348530769273;1927,8350830078125;8,532821655273438;-18,42616271972656;0,171084050503042;2,3345833333333332
2024-05-13;19623;0,0228;0,0015;0,0029;0,0002;49,798;9,928;24,2;3,1111111111111107;138,0;0,0;39,0;566784,8051692393;5516584,912229571;0,2545;;-0,2614348530769273;1927,8350830078125;-7,9800262451171875;-36,69145202636719;0,0886252300302141;4,0922448979591834
2024-05-13;25049;0,0043;0,0003;0,0007;0,0001;49,814;9,918;23,1;3,0277777777777777;136,0;0,0;43,0;566043,3787976378;5518354,912347081;0,3325;3,948633820982537e-05;-0,6852264404296678;1927,8350830078125;-31,044219970703125;-60,89303588867188;0,217509622697109;5,046122448979592
2024-05-13;1;0,029;0,0018;0,0067;0,0003;49,8047;9,95642;24,3;3,055555555555556;131,0;0,0;38,0;568820,5605106109;5517355,496720748;0,223;3,948633734452717e-05;-0,4362967159742117;1927,8350830078125;6,3877716064453125;0,1705322265625;0,188156131700969;9,5
2024-05-14;5456;0,0322;0,0024;0,007;0,0007;49,802;9,944;24,7;3,7777777777777777;112,0;0,0;37,0;567930,6533392705;5517043,993212319;0,148;3,605665915529581e-05;-0,4475185573101462;2218,517822265625;9,2957763671875;-19,87542724609375;0,0381515292022492;9,815624999999999
2024-05-14;10645;0,0149;0,0009;0,0024;0,0001;49,782;9,932;25,1;3,888888888888889;116,0;0,0;35,0;567094,7661046094;5514809,631751885;;3,4514644314691703e-05;-0,4633389757253665;2218,517822265625;-4,616546630859375;-38,04154968261719;0,1821644231677055;2,599767441860465
2024-05-14;13975;0,0352;0,0022;0,0079;0,0005;49,792;9,946;24,7;3,7777777777777777;112,0;0,0;37,0;568088,5932671656;5515934,024955345;0,1885;3,2875461122765046e-05;-0,4495690864918006;2218,517822265625;-7,100112915039063;-11,455413818359377;0,0696085571580175;2,2567346938775508
2024-05-14;15449;0,0314;0,0017;0,0067;0,0004;49,784;9,934;25,1;3,888888888888889;116,0;0,0;35,0;567235,976097938;5515033,77807713;0,138;3,6056659155291406e-05;-0,4475185573100915;2218,517822265625;8,532821655273438;-18,42616271972656;0,171084050503042;2,797446808510638
2024-05-14;19623;0,0225;0,0016;0,0029;0,0003;49,798;9,928;24,8;4,111111111111112;113,0;0,0;36,0;566784,8051692393;5516584,912229571;0,217;3,6056659155291406e-05;-0,4475185573100915;2218,517822265625;-7,9800262451171875;-36,69145202636719;0,0886252300302141;3,2862500000000003
2024-05-14;25049;0,0043;0,0003;0,0007;0,0001;49,814;9,918;23,6;4,222222222222222;112,0;0,0;40,0;566043,3787976378;5518354,912347081;0,2126666666666666;3,6056659155291406e-05;-0,4475185573100915;2218,517822265625;-31,044219970703125;-60,89303588867188;0,217509622697109;4,000204081632653
2024-05-14;1;0,0274;0,0018;0,0062;0,0003;49,8047;9,95642;24,7;3,7777777777777777;112,0;0,0;37,0;568820,5605106109;5517355,496720748;0,145;1,3657508747644887e-05;-0,4619565492510759;2218,517822265625;6,3877716064453125;0,1705322265625;0,188156131700969;9,5
2024-05-15;5456;0,034;0,0024;0,0073;0,0007;49,802;9,944;22,0;1,6666666666666663;163,0;0,0;46,0;567930,6533392705;5517043,993212319;;5,948355828878095e-05;-1,3906166553498611;830,6434326171875;9,2957763671875;-19,87542724609375;0,0381515292022492;9,880625
2024-05-15;10645;0,0151;0,0008;0,0024;0,0001;49,782;9,932;22,2;1,5;172,0;0,0;46,0;567094,7661046094;5514809,631751885;;4,934439130011476e-05;-1,3417731523515048;830,6434326171875;-4,616546630859375;-38,04154968261719;0,1821644231677055;1,9627906976744187
2024-05-15;13975;0,0368;0,0017;0,0082;0,0004;49,792;9,946;22,0;1,6666666666666663;163,0;0,0;46,0;568088,5932671656;5515934,024955345;;4,9120833647344174e-05;-1,3784936702156227;830,6434326171875;-7,100112915039063;-11,455413818359377;0,0696085571580175;1,4035416666666667
2024-05-15;15449;0,0308;0,0015;0,006;0,0003;49,784;9,934;22,2;1,5;172,0;0,0;46,0;567235,976097938;5515033,77807713;;5,261380883901206e-05;-1,3683803655795648;830,6434326171875;8,532821655273438;-18,42616271972656;0,171084050503042;2,2583333333333333
2024-05-15;19623;0,0235;0,0015;0,003;0,0002;49,798;9,928;22,0;1,777777777777778;164,0;0,0;46,0;566784,8051692393;5516584,912229571;;5,181536482418405e-05;-1,372336530295766;830,6434326171875;-7,9800262451171875;-36,69145202636719;0,0886252300302141;2,4583673469387755
2024-05-15;25049;0,0045;0,0003;0,0007;0,0001;49,814;9,918;21,1;1,8888888888888888;162,0;0,0;49,0;566043,3787976378;5518354,912347081;;5,860428493727134e-05;-1,388520564934441;830,6434326171875;-31,044219970703125;-60,89303588867188;0,217509622697109;2,830612244897959
2024-05-15;1;0,0296;0,0017;0,0068;0,0003;49,8047;9,95642;22,0;1,6666666666666663;163,0;0,0;46,0;568820,5605106109;5517355,496720748;;5,948355828878095e-05;-1,3906166553498611;830,6434326171875;6,3877716064453125;0,1705322265625;0,188156131700969;8,5
2024-05-16;5456;0,0363;0,0023;0,008;0,0009;49,802;9,944;17,2;2,1944444444444446;129,0;1,6;70,0;567930,6533392705;5517043,993212319;;;-0,8623606916517825;779,9595336914062;9,2957763671875;-19,87542724609375;0,0381515292022492;13,687872340425534
2024-05-16;10645;0,0159;0,0007;0,0026;0,0001;49,782;9,932;17,4;2,1944444444444446;137,0;2,4;71,0;567094,7661046094;5514809,631751885;;;-0,969205409288497;779,9595336914062;-4,616546630859375;-38,04154968261719;0,1821644231677055;2,2045238095238098
2024-05-16;13975;0,0375;0,0017;0,009;0,0004;49,792;9,946;17,2;2,1944444444444446;129,0;1,6;70,0;568088,5932671656;5515934,024955345;;;-0,9719610835504724;779,9595336914062;-7,100112915039063;-11,455413818359377;0,0696085571580175;4,784130434782608
2024-05-16;15449;0,0334;0,0014;0,0073;0,0003;49,784;9,934;17,4;2,1944444444444446;137,0;2,4;71,0;567235,976097938;5515033,77807713;;;-0,9692054092883786;779,9595336914062;8,532821655273438;-18,42616271972656;0,171084050503042;2,4635555555555557
2024-05-16;19623;0,0232;0,0012;0,0032;0,0002;49,798;9,928;17,2;2,1944444444444446;129,0;2,4000000000000004;71,0;566784,8051692393;5516584,912229571;;;-0,8872984734607984;779,9595336914062;-7,9800262451171875;-36,69145202636719;0,0886252300302141;3,996521739130435
2024-05-16;25049;0,0046;0,0002;0,0008;0,0001;49,814;9,918;16,4;2,1944444444444446;129,0;2,6;75,0;566043,3787976378;5518354,912347081;;;-0,8567388740136817;779,9595336914062;-31,044219970703125;-60,89303588867188;0,217509622697109;5,891304347826087
2024-05-16;1;0,0299;0,0018;0,0066;0,0003;49,8047;9,95642;17,2;2,1944444444444446;129,0;1,6;70,0;568820,5605106109;5517355,496720748;;;-0,934075188647573;779,9595336914062;6,3877716064453125;0,1705322265625;0,188156131700969;4,5
2024-05-17;5456;0,0423;0,0019;0,009;0,0005;49,802;9,944;15,2;2,638888888888889;169,0;2,7;84,0;567930,6533392705;5517043,993212319;;;-0,6030389187106889;503,7294921875;9,2957763671875;-19,87542724609375;0,0381515292022492;11,867755102040816
2024-05-17;10645;0,0194;0,0007;0,0031;0,0001;49,782;9,932;14,6;3,333333333333333;213,0;2,9;83,0;567094,7661046094;5514809,631751885;;;-0,6260456740856756;503,7294921875;-4,616546630859375;-38,04154968261719;0,1821644231677055;1,8648837209302325
2024-05-17;13975;0,0471;0,0019;0,0117;0,0005;49,792;9,946;15,2;2,638888888888889;169,0;2,7;84,0;568088,5932671656;5515934,024955345;;;-0,5873242467641663;503,7294921875;-7,100112915039063;-11,455413818359377;0,0696085571580175;1,2855102040816326
2024-05-17;15449;0,0404;0,0014;0,0082;0,0003;49,784;9,934;14,6;3,333333333333333;213,0;2,9;83,0;567235,976097938;5515033,77807713;;;-0,6260456740855992;503,7294921875;8,532821655273438;-18,42616271972656;0,171084050503042;2,666808510638298
2024-05-17;19623;0,03;0,0014;0,0042;0,0002;49,798;9,928;15,1;2,888888888888889;178,0;2,7;85,0;566784,8051692393;5516584,912229571;;;-0,6260456740855992;503,7294921875;-7,9800262451171875;-36,69145202636719;0,0886252300302141;3,059791666666667
2024-05-17;25049;0,0058;0,0002;0,0009;0,0;49,814;9,918;14,6;2,1666666666666665;158,0;3,1;85,0;566043,3787976378;5518354,912347081;;;-0,7816688567399754;503,7294921875;-31,044219970703125;-60,89303588867188;0,217509622697109;5,2371428571428575
2024-05-17;1;0,036;0,0015;0,008;0,0003;49,8047;9,95642;15,2;2,638888888888889;169,0;2,7;84,0;568820,5605106109;5517355,496720748;;;-0,5040919888671171;503,7294921875;6,3877716064453125;0,1705322265625;0,188156131700969;2,5
2024-05-18;5456;0,0378;0,0011;0,008;0,0003;49,802;9,944;15,8;3,083333333333333;241,0;0,0;72,0;567930,6533392705;5517043,993212319;;;-1,3436972950003034;628,9815673828125;9,2957763671875;-19,87542724609375;0,0381515292022492;9,058958333333333
2024-05-18;10645;0,0146;0,0004;0,0023;0,0001;49,782;9,932;16,1;3,055555555555556;238,0;0,0;73,0;567094,7661046094;5514809,631751885;;;-1,053177803754905;628,9815673828125;-4,616546630859375;-38,04154968261719;0,1821644231677055;0,7427906976744185
2024-05-18;13975;0,0379;0,0009;0,0084;0,0002;49,792;9,946;15,8;3,083333333333333;241,0;0,0;72,0;568088,5932671656;5515934,024955345;;;-1,0531778037547763;628,9815673828125;-7,100112915039063;-11,455413818359377;0,0696085571580175;0,35040816326530616
2024-05-18;15449;0,0295;0,0007;0,0065;0,0002;49,784;9,934;16,1;3,055555555555556;238,0;0,0;73,0;567235,976097938;5515033,77807713;;;-1,0531778037547763;628,9815673828125;8,532821655273438;-18,42616271972656;0,171084050503042;1,6574468085106384
2024-05-18;19623;0,0249;0,0007;0,0033;0,0001;49,798;9,928;15,9;3,1666666666666665;246,0;0,0;73,0;566784,8051692393;5516584,912229571;;;-1,206575778152184;628,9815673828125;-7,9800262451171875;-36,69145202636719;0,0886252300302141;1,0202040816326532
2024-05-18;25049;0,0047;0,0001;0,0007;0,0;49,814;9,918;14,8;3,4444444444444446;248,0;0,0;78,0;566043,3787976378;5518354,912347081;;;-1,3117126449651302;628,9815673828125;-31,044219970703125;-60,89303588867188;0,217509622697109;1,1334
2024-05-18;1;0,0294;0,001;0,0056;0,0002;49,8047;9,95642;15,8;3,083333333333333;241,0;0,0;72,0;568820,5605106109;5517355,496720748;;;-1,06030108543986;628,9815673828125;6,3877716064453125;0,1705322265625;0,188156131700969;2,0
2024-05-19;5456;0,0217;0,0005;0,0049;0,0001;49,802;9,944;17,5;3,6944444444444446;232,0;0,4;69,0;567930,6533392705;5517043,993212319;;;-1,0668806952644971;1269,1959228515625;9,2957763671875;-19,87542724609375;0,0381515292022492;10,787291666666667
2024-05-19;10645;0,0089;0,0001;0,0016;0,0;49,782;9,932;17,7;4,027777777777778;228,0;0,3;72,0;567094,7661046094;5514809,631751885;;;-1,066906094551186;1269,1959228515625;-4,616546630859375;-38,04154968261719;0,1821644231677055;1,8639534883720932
2024-05-19;13975;0,0214;0,0004;0,0042;0,0002;49,792;9,946;17,5;3,6944444444444446;232,0;0,4;69,0;568088,5932671656;5515934,024955345;;;-1,0669060945510558;1269,1959228515625;-7,100112915039063;-11,455413818359377;0,0696085571580175;1,5626530612244895
2024-05-19;15449;0,0177;0,0003;0,0035;0,0001;49,784;9,934;17,7;4,027777777777778;228,0;0,3;72,0;567235,976097938;5515033,77807713;;;-1,0669060945510558;1269,1959228515625;8,532821655273438;-18,42616271972656;0,171084050503042;7,460416666666667
2024-05-19;25049;0,0028;0,0001;0,0004;0,0;49,814;9,918;16,8;4,111111111111112;229,0;0,1;74,0;566043,3787976378;5518354,912347081;;;-0,9486921429633822;1269,1959228515625;-31,044219970703125;-60,89303588867188;0,217509622697109;3,9632653061224485
2024-05-19;1;0,0188;0,0004;0,004;0,0001;49,8047;9,95642;17,5;3,6944444444444446;232,0;0,4;69,0;568820,5605106109;5517355,496720748;;;-1,0548182568179467;1269,1959228515625;6,3877716064453125;0,1705322265625;0,188156131700969;4,5
2024-05-20;5456;0,0236;0,0005;0,0052;0,0001;49,802;9,944;20,5;1,2222222222222223;9,0;0,0;53,0;567930,6533392705;5517043,993212319;;2,3784156828122064e-05;-1,0518655606620135;1184,525390625;9,2957763671875;-19,87542724609375;0,0381515292022492;11,17408163265306
2024-05-20;10645;0,0113;0,0002;0,0017;0,0001;49,782;9,932;20,8;0,1388888888888889;315,0;0,0;49,0;567094,7661046094;5514809,631751885;;2,971762660309019e-05;-1,0223826169968606;1184,525390625;-4,616546630859375;-38,04154968261719;0,1821644231677055;3,3911904761904763
2024-05-20;13975;0,026;0,0006;0,0052;0,0002;49,792;9,946;20,5;1,2222222222222223;9,0;0,0;53,0;568088,5932671656;5515934,024955345;0,508;1,889917257358266e-05;-0,9184190630912518;1184,525390625;-7,100112915039063;-11,455413818359377;0,0696085571580175;2,6912244897959186
2024-05-20;15449;0,023;0,0004;0,0043;0,0001;49,784;9,934;20,8;0,1388888888888889;315,0;0,0;49,0;567235,976097938;5515033,77807713;0,5;2,8037741337945383e-05;-1,039096670622954;1184,525390625;8,532821655273438;-18,42616271972656;0,171084050503042;4,898367346938776
2024-05-20;19623;0,017;0,0004;0,0023;0,0001;49,798;9,928;20,4;1,0;360,0;0,0;55,0;566784,8051692393;5516584,912229571;0,3185;2,256824336654908e-05;-1,0935157537460014;1184,525390625;-7,9800262451171875;-36,69145202636719;0,0886252300302141;4,239591836734694
2024-05-20;25049;0,0031;0,0001;0,0005;0,0;49,814;9,918;19,3;1,1111111111111112;10,0;0,0;62,0;566043,3787976378;5518354,912347081;;2,262371584639453e-05;-1,091615586037292;1184,525390625;-31,044219970703125;-60,89303588867188;0,217509622697109;5,7094000000000005
2024-05-20;1;0,0209;0,0006;0,0046;0,0002;49,8047;9,95642;20,5;1,2222222222222223;9,0;0,0;53,0;568820,5605106109;5517355,496720748;;2,62258745351598e-05;-0,9682263731957388;1184,525390625;6,3877716064453125;0,1705322265625;0,188156131700969;7,0
2024-05-21;5456;0,0346;0,0023;0,0074;0,0007;49,802;9,944;20,2;2,25;122,0;0,1;64,0;567930,6533392705;5517043,993212319;;;-0,7927211821079995;325,3284912109375;9,2957763671875;-19,87542724609375;0,0381515292022492;14,969999999999999
2024-05-21;10645;0,0148;0,0008;0,0023;0,0002;49,782;9,932;20,1;2,055555555555556;129,0;0,0;67,0;567094,7661046094;5514809,631751885;;;-0,8213908590522787;325,3284912109375;-4,616546630859375;-38,04154968261719;0,1821644231677055;3,502093023255814
2024-05-21;13975;0,0352;0,0019;0,0079;0,0005;49,792;9,946;20,2;2,25;122,0;0,1;64,0;568088,5932671656;5515934,024955345;;;-0,8050200939178236;325,3284912109375;-7,100112915039063;-11,455413818359377;0,0696085571580175;3,511041666666667
2024-05-21;15449;0,0308;0,0015;0,0063;0,0003;49,784;9,934;20,1;2,055555555555556;129,0;0,0;67,0;567235,976097938;5515033,77807713;;;-0,8073324253812516;325,3284912109375;8,532821655273438;-18,42616271972656;0,171084050503042;3,0034883720930234
2024-05-21;25049;0,0043;0,0003;0,0007;0,0001;49,814;9,918;19,0;2,333333333333333;115,0;0,1;70,0;566043,3787976378;5518354,912347081;;;-0,8316179419779087;325,3284912109375;-31,044219970703125;-60,89303588867188;0,217509622697109;6,655652173913044
2024-05-21;1;0,0283;0,0021;0,0063;0,0004;49,8047;9,95642;20,2;2,25;122,0;0,1;64,0;568820,5605106109;5517355,496720748;;;-0,7927211821079995;325,3284912109375;6,3877716064453125;0,1705322265625;0,188156131700969;11,5
2024-05-22;5456;0,0322;0,0024;0,0068;0,0008;49,802;9,944;17,4;3,3611111111111107;258,0;0,0;67,0;567930,6533392705;5517043,993212319;;;-1,081682885288295;1113,051025390625;9,2957763671875;-19,87542724609375;0,0381515292022492;11,914166666666667
2024-05-22;10645;0,013;0,0006;0,0021;0,0001;49,782;9,932;18,1;3,0277777777777777;264,0;0,0;64,0;567094,7661046094;5514809,631751885;;;-1,2652767449618567;1113,051025390625;-4,616546630859375;-38,04154968261719;0,1821644231677055;1,385813953488372
2024-05-22;13975;0,0323;0,0016;0,0079;0,0004;49,792;9,946;17,4;3,3611111111111107;258,0;0,0;67,0;568088,5932671656;5515934,024955345;;;-1,2596197792591024;1113,051025390625;-7,100112915039063;-11,455413818359377;0,0696085571580175;1,133061224489796
2024-05-22;15449;0,0277;0,0011;0,0063;0,0003;49,784;9,934;18,1;3,0277777777777777;264,0;0,0;64,0;567235,976097938;5515033,77807713;;;-1,2652767449617024;1113,051025390625;8,532821655273438;-18,42616271972656;0,171084050503042;6,150208333333333
2024-05-22;19623;0,0222;0,0015;0,0028;0,0002;49,798;9,928;17,5;3,222222222222222;263,0;0,0;67,0;566784,8051692393;5516584,912229571;;;-1,2652767449617024;1113,051025390625;-7,9800262451171875;-36,69145202636719;0,0886252300302141;1,8222448979591834
2024-05-22;25049;0,0042;0,0003;0,0007;0,0001;49,814;9,918;16,5;3,4444444444444446;260,0;0,0;71,0;566043,3787976378;5518354,912347081;;;-0,9486077618933412;1113,051025390625;-31,044219970703125;-60,89303588867188;0,217509622697109;2,356326530612245
2024-05-22;1;0,0283;0,0018;0,0066;0,0003;49,8047;9,95642;17,4;3,3611111111111107;258,0;0,0;67,0;568820,5605106109;5517355,496720748;;;-1,2745644294360703;1113,051025390625;6,3877716064453125;0,1705322265625;0,188156131700969;3,5
2024-05-23;5456;0,0254;0,0019;0,0073;0,0007;49,802;9,944;21,1;2,0277777777777777;261,0;0,0;47,0;567930,6533392705;5517043,993212319;;;-0,3880759704428198;1239,306396484375;9,2957763671875;-19,87542724609375;0,0381515292022492;14,454285714285714
2024-05-23;10645;0,0144;0,0008;0,0025;0,0002;49,782;9,932;21,1;1,9444444444444444;258,0;0,0;47,0;567094,7661046094;5514809,631751885;0,34;;-0,2861535400152474;1239,306396484375;-4,616546630859375;-38,04154968261719;0,1821644231677055;3,322558139534884
2024-05-23;13975;0,0322;0,0016;0,0081;0,0004;49,792;9,946;21,1;2,0277777777777777;261,0;0,0;47,0;568088,5932671656;5515934,024955345;0,359;;-0,4576733692998798;1239,306396484375;-7,100112915039063;-11,455413818359377;0,0696085571580175;2,9981999999999998
2024-05-23;15449;0,0302;0,0016;0,0062;0,0004;49,784;9,934;21,1;1,9444444444444444;258,0;0,0;47,0;567235,976097938;5515033,77807713;0,338;;-0,2861535400152124;1239,306396484375;8,532821655273438;-18,42616271972656;0,171084050503042;3,3827083333333334
2024-05-23;19623;0,0194;0,0012;0,003;0,0002;49,798;9,928;21,3;2,0;264,0;0,0;47,0;566784,8051692393;5516584,912229571;;;-0,306476087575475;1239,306396484375;-7,9800262451171875;-36,69145202636719;0,0886252300302141;4,1772
2024-05-23;25049;0,004;0,0002;0,0007;0,0001;49,814;9,918;20,3;2,0;264,0;0,0;50,0;566043,3787976378;5518354,912347081;;;-0,5701280006699294;1239,306396484375;-31,044219970703125;-60,89303588867188;0,217509622697109;5,793877551020408
2024-05-23;1;0,0266;0,0017;0,0063;0,0003;49,8047;9,95642;21,1;2,0277777777777777;261,0;0,0;47,0;568820,5605106109;5517355,496720748;;;-0,4906020954554521;1239,306396484375;6,3877716064453125;0,1705322265625;0,188156131700969;9,0
2024-05-24;5456;0,039;0,0022;0,0092;0,0007;49,802;9,944;17,8;1,5555555555555554;230,0;5,8;72,0;567930,6533392705;5517043,993212319;;;-0,9310670495034136;600,175048828125;9,2957763671875;-19,87542724609375;0,0381515292022492;12,539787234042553
2024-05-24;10645;0,0155;0,0006;0,0026;0,0001;49,782;9,932;17,8;1,6388888888888888;227,0;5,6000000000000005;73,0;567094,7661046094;5514809,631751885;;;-0,4685331583023509;600,175048828125;-4,616546630859375;-38,04154968261719;0,1821644231677055;1,1169767441860465
2024-05-24;13975;0,0403;0,0016;0,0096;0,0004;49,792;9,946;17,8;1,5555555555555554;230,0;5,8;72,0;568088,5932671656;5515934,024955345;;;-0,5355609688744103;600,175048828125;-7,100112915039063;-11,455413818359377;0,0696085571580175;0,6481632653061224
2024-05-24;15449;0,0322;0,001;0,0072;0,0002;49,784;9,934;17,8;1,6388888888888888;227,0;5,6000000000000005;73,0;567235,976097938;5515033,77807713;;;-0,4685331583022937;600,175048828125;8,532821655273438;-18,42616271972656;0,171084050503042;5,529574468085106
2024-05-24;19623;0,0254;0,0013;0,0033;0,0002;49,798;9,928;17,6;1,5555555555555554;230,0;5,300000000000001;74,0;566784,8051692393;5516584,912229571;;;-0,674235377322051;600,175048828125;-7,9800262451171875;-36,69145202636719;0,0886252300302141;1,6055102040816327
2024-05-24;25049;0,005;0,0002;0,0009;0,0;49,814;9,918;16,6;1,6944444444444442;230,0;5,2;79,0;566043,3787976378;5518354,912347081;;;-0,9310670495032998;600,175048828125;-31,044219970703125;-60,89303588867188;0,217509622697109;2,0159183673469387
2024-05-24;1;0,032;0,0017;0,0067;0,0003;49,8047;9,95642;17,8;1,5555555555555554;230,0;5,8;72,0;568820,5605106109;5517355,496720748;;;-0,9345748644708212;600,175048828125;6,3877716064453125;0,1705322265625;0,188156131700969;3,0
2024-05-25;5456;0,034;0,0013;0,0074;0,0003;49,802;9,944;19,5;0,9444444444444444;198,0;0,0;60,0;567930,6533392705;5517043,993212319;;;-0,9174600839615726;1504,515380859375;9,2957763671875;-19,87542724609375;0,0381515292022492;11,36875
2024-05-25;10645;0,0121;0,0004;0,0021;0,0001;49,782;9,932;19,5;1,4444444444444444;205,0;0,0;64,0;567094,7661046094;5514809,631751885;;;-1,2269932718157186;1504,515380859375;-4,616546630859375;-38,04154968261719;0,1821644231677055;1,5971428571428572
2024-05-25;13975;0,033;0,001;0,0083;0,0002;49,792;9,946;19,5;0,9444444444444444;198,0;0,0;60,0;568088,5932671656;5515934,024955345;0,421;;-0,9256967439413686;1504,515380859375;-7,100112915039063;-11,455413818359377;0,0696085571580175;1,2094
2024-05-25;15449;0,0247;0,0008;0,0058;0,0002;49,784;9,934;19,5;1,4444444444444444;205,0;0,0;64,0;567235,976097938;5515033,77807713;0,491;;-0,9912068571667724;1504,515380859375;8,532821655273438;-18,42616271972656;0,171084050503042;8,422708333333334
2024-05-25;25049;0,0042;0,0001;0,0007;0,0;49,814;9,918;18,2;1,3333333333333333;207,0;0,0;71,0;566043,3787976378;5518354,912347081;;;-0,9174600839614604;1504,515380859375;-31,044219970703125;-60,89303588867188;0,217509622697109;3,312857142857143
2024-05-25;1;0,0261;0,0011;0,0051;0,0002;49,8047;9,95642;19,5;0,9444444444444444;198,0;0,0;60,0;568820,5605106109;5517355,496720748;;;-0,9174600839615726;1504,515380859375;6,3877716064453125;0,1705322265625;0,188156131700969;4,0
2024-05-26;5456;0,0245;0,0005;0,0053;0,0001;49,802;9,944;23,4;2,333333333333333;160,0;0,0;47,0;567930,6533392705;5517043,993212319;;2,494681029930013e-05;-0,2870937287807733;1491,151123046875;9,2957763671875;-19,87542724609375;0,0381515292022492;8,871666666666666
2024-05-26;10645;0,0113;0,0002;0,0018;0,0;49,782;9,932;23,5;2,4722222222222223;166,0;0,0;48,0;567094,7661046094;5514809,631751885;0,167;6,432352165575741e-06;-0,3766636781568628;1491,151123046875;-4,616546630859375;-38,04154968261719;0,1821644231677055;1,5726315789473684
2024-05-26;13975;0,0342;0,0007;0,0103;0,0002;49,792;9,946;23,4;2,333333333333333;160,0;0,0;47,0;568088,5932671656;5515934,024955345;0,167;2,494681029929708e-05;-0,2870937287807382;1491,151123046875;-7,100112915039063;-11,455413818359377;0,0696085571580175;0,8593877551020408
2024-05-26;15449;0,0228;0,0004;0,0039;0,0001;49,784;9,934;23,5;2,4722222222222223;166,0;0,0;48,0;567235,976097938;5515033,77807713;;1,1709815280725249e-05;-0,3399948220071835;1491,151123046875;8,532821655273438;-18,42616271972656;0,171084050503042;3,9097916666666666
2024-05-26;19623;0,0158;0,0004;0,003;0,0001;49,798;9,928;23,5;2,4444444444444446;161,0;0,0;47,0;566784,8051692393;5516584,912229571;;6,989785938601984e-06;-0,3588582205283487;1491,151123046875;-7,9800262451171875;-36,69145202636719;0,0886252300302141;2,146122448979592
2024-05-26;25049;0,0032;0,0001;0,0006;0,0;49,814;9,918;22,5;2,4166666666666665;163,0;0,0;52,0;566043,3787976378;5518354,912347081;0,209;2,4208188255274748e-05;-0,2956087617482528;1491,151123046875;-31,044219970703125;-60,89303588867188;0,217509622697109;1,956530612244898
2024-05-26;1;0,0201;0,0004;0,0041;0,0001;49,8047;9,95642;23,4;2,333333333333333;160,0;0,0;47,0;568820,5605106109;5517355,496720748;0,2345;2,494681029930013e-05;-0,2870937287807733;1491,151123046875;6,3877716064453125;0,1705322265625;0,188156131700969;4,0
2024-05-27;5456;0,0317;0,0023;0,0067;0,0008;49,802;9,944;20,7;2,055555555555556;209,0;1,8;62,0;567930,6533392705;5517043,993212319;;1,6570276784479304e-05;-1,3128307908774648;1033,188232421875;9,2957763671875;-19,87542724609375;0,0381515292022492;12,023469387755101
2024-05-27;10645;0,0141;0,0007;0,0023;0,0001;49,782;9,932;20,9;1,8888888888888888;212,0;2,0;63,0;567094,7661046094;5514809,631751885;;1,6570276784479304e-05;-1,4344154298306853;1033,188232421875;-4,616546630859375;-38,04154968261719;0,1821644231677055;2,369767441860465
2024-05-27;13975;0,0334;0,0018;0,0075;0,0004;49,792;9,946;20,7;2,055555555555556;209,0;1,8;62,0;568088,5932671656;5515934,024955345;;1,657027678447728e-05;-1,43441542983051;1033,188232421875;-7,100112915039063;-11,455413818359377;0,0696085571580175;1,7108333333333334
2024-05-27;15449;0,0299;0,0012;0,0063;0,0002;49,784;9,934;20,9;1,8888888888888888;212,0;2,0;63,0;567235,976097938;5515033,77807713;;1,657027678447728e-05;-1,43441542983051;1033,188232421875;8,532821655273438;-18,42616271972656;0,171084050503042;2,5854166666666667
2024-05-27;25049;0,004;0,0003;0,0007;0,0001;49,814;9,918;19,8;2,1666666666666665;202,0;1,8;68,0;566043,3787976378;5518354,912347081;;1,6570276734311975e-05;-1,2545649802746868;1033,188232421875;-31,044219970703125;-60,89303588867188;0,217509622697109;4,365918367346939
2024-05-27;1;0,0271;0,0019;0,0061;0,0003;49,8047;9,95642;20,7;2,055555555555556;209,0;1,8;62,0;568820,5605106109;5517355,496720748;;1,6570276784479304e-05;-1,3128307908774648;1033,188232421875;6,3877716064453125;0,1705322265625;0,188156131700969;5,0
2024-05-28;5456;0,0319;0,0024;0,0067;0,0007;49,802;9,944;17,9;4,0;269,0;0,0;45,0;567930,6533392705;5517043,993212319;;;-1,53662316048454;1700,9384765625;9,2957763671875;-19,87542724609375;0,0381515292022492;12,739166666666668
2024-05-28;10645;0,0144;0,0008;0,0024;0,0001;49,782;9,932;18,1;3,888888888888889;270,0;0,0;44,0;567094,7661046094;5514809,631751885;;;-1,7001576855099274;1700,9384765625;-4,616546630859375;-38,04154968261719;0,1821644231677055;0,957906976744186
2024-05-28;13975;0,0328;0,0021;0,0071;0,0005;49,792;9,946;17,9;4,0;269,0;0,0;45,0;568088,5932671656;5515934,024955345;;;-1,700575660676845;1700,9384765625;-7,100112915039063;-11,455413818359377;0,0696085571580175;0,476734693877551
2024-05-28;15449;0,0304;0,0014;0,0064;0,0002;49,784;9,934;18,1;3,888888888888889;270,0;0,0;44,0;567235,976097938;5515033,77807713;;;-1,7007481455802431;1700,9384765625;8,532821655273438;-18,42616271972656;0,171084050503042;5,155106382978723
2024-05-28;25049;0,0041;0,0003;0,0007;0,0001;49,814;9,918;16,6;4,194444444444445;270,0;0,0;51,0;566043,3787976378;5518354,912347081;;;-1,5052352249621914;1700,9384765625;-31,044219970703125;-60,89303588867188;0,217509622697109;1,1570833333333332
2024-05-28;1;0,0279;0,0019;0,0066;0,0003;49,8047;9,95642;17,9;4,0;269,0;0,0;45,0;568820,5605106109;5517355,496720748;;;-1,550838219199485;1700,9384765625;6,3877716064453125;0,1705322265625;0,188156131700969;2,5
2024-05-29;5456;0,0351;0,0024;0,0083;0,0007;49,802;9,944;17,2;3,1666666666666665;215,0;0,4;69,0;567930,6533392705;5517043,993212319;;;0,1790492981672454;852,8965454101562;9,2957763671875;-19,87542724609375;0,0381515292022492;12,55204081632653
2024-05-29;10645;0,0156;0,0008;0,0027;0,0001;49,782;9,932;17,3;3,194444444444444;212,0;0,2;69,0;567094,7661046094;5514809,631751885;;;0,3517215719742645;852,8965454101562;-4,616546630859375;-38,04154968261719;0,1821644231677055;1,4780952380952381
2024-05-29;13975;0,0349;0,002;0,0075;0,0005;49,792;9,946;17,2;3,1666666666666665;215,0;0,4;69,0;568088,5932671656;5515934,024955345;;;0,1790492981672235;852,8965454101562;-7,100112915039063;-11,455413818359377;0,0696085571580175;1,051
2024-05-29;15449;0,0328;0,0014;0,0071;0,0003;49,784;9,934;17,3;3,194444444444444;212,0;0,2;69,0;567235,976097938;5515033,77807713;;;0,2811110283925251;852,8965454101562;8,532821655273438;-18,42616271972656;0,171084050503042;1,658125
2024-05-29;19623;0,0237;0,0016;0,0034;0,0002;49,798;9,928;17,1;3,055555555555556;212,0;0,3;70,0;566784,8051692393;5516584,912229571;;;0,3789011076704356;852,8965454101562;-7,9800262451171875;-36,69145202636719;0,0886252300302141;1,98
2024-05-29;25049;0,0044;0,0003;0,0007;0,0001;49,814;9,918;16,0;3,222222222222222;210,0;0,6;74,0;566043,3787976378;5518354,912347081;;;0,2063238834114534;852,8965454101562;-31,044219970703125;-60,89303588867188;0,217509622697109;2,481
2024-05-29;1;0,0287;0,002;0,0062;0,0003;49,8047;9,95642;17,2;3,1666666666666665;215,0;0,4;69,0;568820,5605106109;5517355,496720748;;;0,1790492981672454;852,8965454101562;6,3877716064453125;0,1705322265625;0,188156131700969;5,5
2024-05-30;5456;0,0213;0,0006;0,0048;0,0001;49,802;9,944;18,3;1,1944444444444444;336,0;14,0;70,0;567930,6533392705;5517043,993212319;;;-1,1130507937966332;1207,4388427734375;9,2957763671875;-19,87542724609375;0,0381515292022492;10,146530612244899
2024-05-30;10645;0,0093;0,0002;0,0015;0,0;49,782;9,932;18,3;1,1944444444444444;336,0;12,7;71,0;567094,7661046094;5514809,631751885;;;-0,0550092078400545;1207,4388427734375;-4,616546630859375;-38,04154968261719;0,1821644231677055;0,8979069767441861
2024-05-30;13975;0,0231;0,0005;0,0051;0,0001;49,792;9,946;18,3;1,1944444444444444;336,0;14,0;70,0;568088,5932671656;5515934,024955345;;;-0,6490234732627683;1207,4388427734375;-7,100112915039063;-11,455413818359377;0,0696085571580175;0,4269387755102041
2024-05-30;15449;0,0191;0,0004;0,0037;0,0;49,784;9,934;18,3;1,1944444444444444;336,0;12,7;71,0;567235,976097938;5515033,77807713;;;-0,3136175518660599;1207,4388427734375;8,532821655273438;-18,42616271972656;0,171084050503042;3,2670833333333333
2024-05-30;25049;0,0027;0,0001;0,0004;0,0;49,814;9,918;17,3;1,3055555555555556;351,0;17,2;77,0;566043,3787976378;5518354,912347081;;;-1,2526044301750938;1207,4388427734375;-31,044219970703125;-60,89303588867188;0,217509622697109;1,2748979591836735
2024-05-30;1;0,0189;0,0005;0,004;0,0002;49,8047;9,95642;18,3;1,1944444444444444;336,0;14,0;70,0;568820,5605106109;5517355,496720748;;;-0,8915479585998732;1207,4388427734375;6,3877716064453125;0,1705322265625;0,188156131700969;2,5
2024-05-31;5456;0,0397;0,002;0,009;0,0006;49,802;9,944;16,7;2,555555555555556;339,0;0,1;76,0;567930,6533392705;5517043,993212319;;;-0,7170236110687926;648,9430541992188;9,2957763671875;-19,87542724609375;0,0381515292022492;13,538163265306123
2024-05-31;10645;0,0181;0,0006;0,0032;0,0001;49,782;9,932;16,7;2,555555555555556;334,0;0,7999999999999999;77,0;567094,7661046094;5514809,631751885;;;-0,6722385883331927;648,9430541992188;-4,616546630859375;-38,04154968261719;0,1821644231677055;3,3899999999999997
2024-05-31;13975;0,0432;0,0015;0,0099;0,0003;49,792;9,946;16,7;2,555555555555556;339,0;0,1;76,0;568088,5932671656;5515934,024955345;;;-0,7171762618412362;648,9430541992188;-7,100112915039063;-11,455413818359377;0,0696085571580175;3,345625
2024-05-31;15449;0,0365;0,001;0,0067;0,0002;49,784;9,934;16,7;2,555555555555556;334,0;0,7999999999999999;77,0;567235,976097938;5515033,77807713;;;-0,6722385883331107;648,9430541992188;8,532821655273438;-18,42616271972656;0,171084050503042;2,413863636363636
2024-05-31;25049;0,0054;0,0002;0,0009;0,0;49,814;9,918;15,6;2,861111111111111;331,0;0,2;82,0;566043,3787976378;5518354,912347081;;;-0,717023611068705;648,9430541992188;-31,044219970703125;-60,89303588867188;0,217509622697109;7,556734693877551
2024-05-31;1;0,0333;0,0019;0,0072;0,0003;49,8047;9,95642;16,7;2,555555555555556;339,0;0,1;76,0;568820,5605106109;5517355,496720748;;;-0,8433238267899348;648,9430541992188;6,3877716064453125;0,1705322265625;0,188156131700969;6,0
2024-06-01;5456;0,0348;0,0009;0,0083;0,0002;49,802;9,944;15,6;3,9722222222222223;315,0;19,3;89,0;567930,6533392705;5517043,993212319;;;-0,807226753322841;548,95654296875;9,2957763671875;-19,87542724609375;0,0381515292022492;5,267551020408163
2024-06-01;13975;0,0337;0,0009;0,0072;0,0003;49,792;9,946;15,6;3,9722222222222223;315,0;19,3;89,0;568088,5932671656;5515934,024955345;;;-0,7239609658717903;548,95654296875;-7,100112915039063;-11,455413818359377;0,0696085571580175;1,75
2024-06-01;15449;0,0301;0,0007;0,0063;0,0002;49,784;9,934;15,9;4,027777777777778;314,0;21,9;89,0;567235,976097938;5515033,77807713;;;-0,6469708383083158;548,95654296875;8,532821655273438;-18,42616271972656;0,171084050503042;6,6152083333333325
2024-06-01;19623;0,023;0,0006;0,0032;0,0001;49,798;9,928;15,6;4,027777777777778;312,0;20,5;90,0;566784,8051692393;5516584,912229571;;;-0,7440289206673096;548,95654296875;-7,9800262451171875;-36,69145202636719;0,0886252300302141;0,4857142857142857
2024-06-01;25049;0,0043;0,0001;0,0007;0,0;49,814;9,918;14,8;4,166666666666667;314,0;20,8;92,0;566043,3787976378;5518354,912347081;;;-0,7894083957447648;548,95654296875;-31,044219970703125;-60,89303588867188;0,217509622697109;4,9983673469387755
2024-06-01;1;0,0263;0,0009;0,005;0,0002;49,8047;9,95642;15,6;3,9722222222222223;315,0;19,3;89,0;568820,5605106109;5517355,496720748;;;-0,8133199214070979;548,95654296875;6,3877716064453125;0,1705322265625;0,188156131700969;2,0
2024-06-02;5456;0,0254;0,0006;0,0059;0,0001;49,802;9,944;18,5;3,333333333333333;21,0;2,1;82,0;567930,6533392705;5517043,993212319;;;-0,2528932995444851;625,0206298828125;9,2957763671875;-19,87542724609375;0,0381515292022492;19,316530612244897
2024-06-02;13975;0,0287;0,0007;0,0069;0,0003;49,792;9,946;18,5;3,333333333333333;21,0;2,1;82,0;568088,5932671656;5515934,024955345;;;-0,4853847622871259;625,0206298828125;-7,100112915039063;-11,455413818359377;0,0696085571580175;9,135744680851063
2024-06-02;15449;0,0215;0,0005;0,0035;0,0001;49,784;9,934;18,4;2,333333333333333;10,0;5,0;85,0;567235,976097938;5515033,77807713;;;-0,9098552176084488;625,0206298828125;8,532821655273438;-18,42616271972656;0,171084050503042;6,6797826086956515
2024-06-02;19623;0,0174;0,0005;0,0022;0,0001;49,798;9,928;18,4;2,4444444444444446;12,0;2,8;84,0;566784,8051692393;5516584,912229571;;;-0,7976313968407955;625,0206298828125;-7,9800262451171875;-36,69145202636719;0,0886252300302141;11,293333333333335
2024-06-02;25049;0,0031;0,0001;0,0005;0,0;49,814;9,918;17,5;2,5;358,0;17,200000000000003;89,0;566043,3787976378;5518354,912347081;;;-0,3010431163897059;625,0206298828125;-31,044219970703125;-60,89303588867188;0,217509622697109;17,24020833333333
2024-06-02;1;0,0194;0,0005;0,0038;0,0002;49,8047;9,95642;18,5;3,333333333333333;21,0;2,1;82,0;568820,5605106109;5517355,496720748;;;-0,2420781403780209;625,0206298828125;6,3877716064453125;0,1705322265625;0,188156131700969;10,5
2024-06-03;5456;0,0332;0,0021;0,007;0,0006;49,802;9,944;15,8;2,1944444444444446;330,0;0,0;68,0;567930,6533392705;5517043,993212319;;;-1,0656434038304112;1093,232177734375;9,2957763671875;-19,87542724609375;0,0381515292022492;16,60625
2024-06-03;13975;0,0333;0,0015;0,0085;0,0004;49,792;9,946;15,8;2,1944444444444446;330,0;0,0;68,0;568088,5932671656;5515934,024955345;;;-1,0481167482806404;1093,232177734375;-7,100112915039063;-11,455413818359377;0,0696085571580175;5,367551020408163
2024-06-03;15449;0,0265;0,001;0,006;0,0002;49,784;9,934;16,2;2,305555555555556;326,0;0,0;67,0;567235,976097938;5515033,77807713;;;-1,1347082214902078;1093,232177734375;8,532821655273438;-18,42616271972656;0,171084050503042;6,9040425531914895
2024-06-03;19623;0,0217;0,0014;0,0028;0,0002;49,798;9,928;16,0;2,055555555555556;331,0;0,0;69,0;566784,8051692393;5516584,912229571;;;-1,1122501194476762;1093,232177734375;-7,9800262451171875;-36,69145202636719;0,0886252300302141;6,6512244897959185
2024-06-03;25049;0,0039;0,0003;0,0007;0,0001;49,814;9,918;15,4;2,0;333,0;0,0;71,0;566043,3787976378;5518354,912347081;;;-1,0951792563113498;1093,232177734375;-31,044219970703125;-60,89303588867188;0,217509622697109;9,681632653061223
2024-06-03;1;0,0281;0,0017;0,0065;0,0003;49,8047;9,95642;15,8;2,1944444444444446;330,0;0,0;68,0;568820,5605106109;5517355,496720748;;;-1,0411989688874264;1093,232177734375;6,3877716064453125;0,1705322265625;0,188156131700969;6,5
2024-06-04;5456;0,0327;0,0023;0,0075;0,0007;49,802;9,944;20,3;2,4722222222222223;243,0;0,0;47,0;567930,6533392705;5517043,993212319;;;-0,9374946951867026;1368,044189453125;9,2957763671875;-19,87542724609375;0,0381515292022492;17,671875
2024-06-04;13975;0,0342;0,002;0,0079;0,0005;49,792;9,946;20,3;2,4722222222222223;243,0;0,0;47,0;568088,5932671656;5515934,024955345;;;-0,596760630135365;1368,044189453125;-7,100112915039063;-11,455413818359377;0,0696085571580175;6,742083333333333
2024-06-04;15449;0,0309;0,0014;0,0067;0,0003;49,784;9,934;20,4;2,5277777777777777;236,0;0,0;48,0;567235,976097938;5515033,77807713;;;-0,937494695186588;1368,044189453125;8,532821655273438;-18,42616271972656;0,171084050503042;2,9360416666666667
2024-06-04;19623;0,0224;0,0015;0,0029;0,0002;49,798;9,928;20,2;2,638888888888889;245,0;0,0;49,0;566784,8051692393;5516584,912229571;;;-0,937494695186588;1368,044189453125;-7,9800262451171875;-36,69145202636719;0,0886252300302141;8,249791666666667
2024-06-04;25049;0,0043;0,0003;0,0007;0,0001;49,814;9,918;19,1;2,583333333333333;242,0;0,0;53,0;566043,3787976378;5518354,912347081;;;-0,940035776760868;1368,044189453125;-31,044219970703125;-60,89303588867188;0,217509622697109;11,231875
2024-06-04;1;0,0275;0,0018;0,0062;0,0003;49,8047;9,95642;20,3;2,4722222222222223;243,0;0,0;47,0;568820,5605106109;5517355,496720748;;;-0,3170821964741049;1368,044189453125;6,3877716064453125;0,1705322265625;0,188156131700969;10,5
2024-06-05;5456;0,0337;0,0023;0,0076;0,0008;49,802;9,944;19,5;4,166666666666667;246,0;0,0;63,0;567930,6533392705;5517043,993212319;;;-1,2336344808207738;1088,290283203125;9,2957763671875;-19,87542724609375;0,0381515292022492;13,684375000000001
2024-06-05;13975;0,0358;0,0016;0,0086;0,0004;49,792;9,946;19,5;4,166666666666667;246,0;0,0;63,0;568088,5932671656;5515934,024955345;;;-1,0041069984435746;1088,290283203125;-7,100112915039063;-11,455413818359377;0,0696085571580175;2,4579591836734695
2024-06-05;15449;0,0321;0,0011;0,0074;0,0002;49,784;9,934;19,5;3,638888888888889;238,0;0,0;65,0;567235,976097938;5515033,77807713;;;-1,0041069984435746;1088,290283203125;8,532821655273438;-18,42616271972656;0,171084050503042;2,9004166666666666
2024-06-05;19623;0,0226;0,0013;0,003;0,0002;49,798;9,928;19,5;4,055555555555555;250,0;0,0;64,0;566784,8051692393;5516584,912229571;;;-1,062197267284209;1088,290283203125;-7,9800262451171875;-36,69145202636719;0,0886252300302141;3,326875
2024-06-05;25049;0,0043;0,0003;0,0007;0,0001;49,814;9,918;18,4;4,361111111111111;250,0;0,0;69,0;566043,3787976378;5518354,912347081;;;-1,24390566349026;1088,290283203125;-31,044219970703125;-60,89303588867188;0,217509622697109;4,149375
2024-06-05;1;0,0286;0,0016;0,0067;0,0003;49,8047;9,95642;19,5;4,166666666666667;246,0;0,0;63,0;568820,5605106109;5517355,496720748;;;-1,1142225566743702;1088,290283203125;6,3877716064453125;0,1705322265625;0,188156131700969;4,5
2024-06-06;5456;0,0345;0,0025;0,0076;0,0009;49,802;9,944;20,7;2,055555555555556;241,0;0,0;56,0;567930,6533392705;5517043,993212319;;3,728890806087641e-05;-0,7286387085915292;1665,8699951171875;9,2957763671875;-19,87542724609375;0,0381515292022492;12,36530612244898
2024-06-06;13975;0,037;0,0018;0,0087;0,0005;49,792;9,946;20,7;2,055555555555556;241,0;0,0;56,0;568088,5932671656;5515934,024955345;;3,728890806087186e-05;-0,7924136249841257;1665,8699951171875;-7,100112915039063;-11,455413818359377;0,0696085571580175;1,0108163265306123
2024-06-06;15449;0,0331;0,0016;0,0065;0,0004;49,784;9,934;21,1;2,1666666666666665;236,0;0,0;54,0;567235,976097938;5515033,77807713;;3,728890806087186e-05;-0,8060226429045505;1665,8699951171875;8,532821655273438;-18,42616271972656;0,171084050503042;4,491914893617022
2024-06-06;19623;0,0228;0,0015;0,003;0,0002;49,798;9,928;20,5;2,0;243,0;0,0;58,0;566784,8051692393;5516584,912229571;;3,636861157384912e-05;-0,7195702310527804;1665,8699951171875;-7,9800262451171875;-36,69145202636719;0,0886252300302141;2,129375
2024-06-06;25049;0,0044;0,0003;0,0007;0,0001;49,814;9,918;19,4;2,111111111111111;245,0;0,0;61,0;566043,3787976378;5518354,912347081;;2,920608531872789e-05;-0,7087950756154068;1665,8699951171875;-31,044219970703125;-60,89303588867188;0,217509622697109;2,1999999999999997
2024-06-06;1;0,0285;0,0018;0,0064;0,0003;49,8047;9,95642;20,7;2,055555555555556;241,0;0,0;56,0;568820,5605106109;5517355,496720748;;3,728890806087641e-05;-0,7286387085915292;1665,8699951171875;6,3877716064453125;0,1705322265625;0,188156131700969;6,0
2024-06-07;5456;0,0405;0,0025;0,0092;0,0009;49,802;9,944;22,1;3,611111111111111;264,0;0,0;36,0;567930,6533392705;5517043,993212319;;3,541750403011824e-05;-0,6288681758547583;2110,903076171875;9,2957763671875;-19,87542724609375;0,0381515292022492;12,5831914893617
2024-06-07;13975;0,0428;0,0021;0,0099;0,0005;49,792;9,946;22,1;3,611111111111111;264,0;0,0;36,0;568088,5932671656;5515934,024955345;0,332;3,542061313055354e-05;-0,4841870144009451;2110,903076171875;-7,100112915039063;-11,455413818359377;0,0696085571580175;3,286170212765957
2024-06-07;15449;0,0382;0,0017;0,0075;0,0003;49,784;9,934;22,4;3,1111111111111107;264,0;0,0;37,0;567235,976097938;5515033,77807713;;3,807550560434396e-05;-0,5180129143326487;2110,903076171875;8,532821655273438;-18,42616271972656;0,171084050503042;5,620416666666666
2024-06-07;19623;0,0276;0,0015;0,0037;0,0002;49,798;9,928;22,1;3,5;267,0;0,0;37,0;566784,8051692393;5516584,912229571;;3,831526851883246e-05;-0,5807657146292126;2110,903076171875;-7,9800262451171875;-36,69145202636719;0,0886252300302141;4,86595744680851
2024-06-07;25049;0,0054;0,0003;0,0009;0,0001;49,814;9,918;21,0;3,638888888888889;262,0;0,0;39,0;566043,3787976378;5518354,912347081;0,373;3,335202479707762e-05;-0,6538394645506529;2110,903076171875;-31,044219970703125;-60,89303588867188;0,217509622697109;6,730833333333333
2024-06-07;1;0,035;0,002;0,0078;0,0003;49,8047;9,95642;22,1;3,611111111111111;264,0;0,0;36,0;568820,5605106109;5517355,496720748;;3,542061313055787e-05;-0,6288294233382337;2110,903076171875;6,3877716064453125;0,1705322265625;0,188156131700969;11,0
2024-06-08;5456;0,0348;0,0011;0,008;0,0003;49,802;9,944;24,5;3,9166666666666665;238,0;0,0;39,0;567930,6533392705;5517043,993212319;0,254;2,308864122824377e-05;-0,218520857393762;1755,496337890625;9,2957763671875;-19,87542724609375;0,0381515292022492;10,283061224489796
2024-06-08;13975;0,0351;0,0011;0,0086;0,0002;49,792;9,946;24,5;3,9166666666666665;238,0;0,0;39,0;568088,5932671656;5515934,024955345;0,185;2,156547729225969e-05;-0,1860480355090374;1755,496337890625;-7,100112915039063;-11,455413818359377;0,0696085571580175;4,070408163265306
2024-06-08;15449;0,0287;0,0009;0,0052;0,0001;49,784;9,934;24,6;3,75;236,0;0,0;40,0;567235,976097938;5515033,77807713;0,187;2,1892102643071536e-05;-0,1930114658284181;1755,496337890625;8,532821655273438;-18,42616271972656;0,171084050503042;6,486249999999999
2024-06-08;19623;0,0226;0,0009;0,0031;0,0002;49,798;9,928;24,6;3,7777777777777777;238,0;0,0;40,0;566784,8051692393;5516584,912229571;0,24;2,3088641228240952e-05;-0,2185208573937353;1755,496337890625;-7,9800262451171875;-36,69145202636719;0,0886252300302141;5,881020408163265
2024-06-08;25049;0,0044;0,0001;0,0007;0,0;49,814;9,918;23,6;3,9166666666666665;238,0;0,0;43,0;566043,3787976378;5518354,912347081;0,231;2,3088641228240952e-05;-0,2185208573937353;1755,496337890625;-31,044219970703125;-60,89303588867188;0,217509622697109;7,959795918367347
2024-06-08;1;0,027;0,0011;0,0052;0,0002;49,8047;9,95642;24,5;3,9166666666666665;238,0;0,0;39,0;568820,5605106109;5517355,496720748;0,223;2,308864122824377e-05;-0,218520857393762;1755,496337890625;6,3877716064453125;0,1705322265625;0,188156131700969;7,5
2024-06-09;5456;0,0256;0,0006;0,0055;0,0001;49,802;9,944;22,0;2,5277777777777777;277,0;0,0;40,0;567930,6533392705;5517043,993212319;;;-0,4664413332939583;1748,114013671875;9,2957763671875;-19,87542724609375;0,0381515292022492;10,159791666666667
2024-06-09;10645;0,0121;0,0002;0,0018;0,0;49,782;9,932;22,1;2,333333333333333;280,0;0,0;40,0;567094,7661046094;5514809,631751885;;;-0,5433964133263143;1748,114013671875;-4,616546630859375;-38,04154968261719;0,1821644231677055;3,9135714285714287
2024-06-09;13975;0,0283;0,0006;0,0057;0,0002;49,792;9,946;22,0;2,5277777777777777;277,0;0,0;40,0;568088,5932671656;5515934,024955345;;;-0,5160033987720349;1748,114013671875;-7,100112915039063;-11,455413818359377;0,0696085571580175;3,289795918367347
2024-06-09;15449;0,0244;0,0005;0,0045;0,0001;49,784;9,934;22,1;2,333333333333333;280,0;0,0;40,0;567235,976097938;5515033,77807713;;;-0,5433964133262479;1748,114013671875;8,532821655273438;-18,42616271972656;0,171084050503042;1,6514583333333333
2024-06-09;19623;0,0183;0,0005;0,0025;0,0001;49,798;9,928;22,0;2,305555555555556;275,0;0,0;40,0;566784,8051692393;5516584,912229571;;;-0,4780198210100418;1748,114013671875;-7,9800262451171875;-36,69145202636719;0,0886252300302141;4,8769387755102045
2024-06-09;25049;0,0033;0,0001;0,0005;0,0;49,814;9,918;20,9;2,111111111111111;273,0;0,0;43,0;566043,3787976378;5518354,912347081;;;-0,4664413332939014;1748,114013671875;-31,044219970703125;-60,89303588867188;0,217509622697109;6,505102040816326
2024-06-09;1;0,0218;0,0005;0,0048;0,0001;49,8047;9,95642;22,0;2,5277777777777777;277,0;0,0;40,0;568820,5605106109;5517355,496720748;;;-0,5896023823884253;1748,114013671875;6,3877716064453125;0,1705322265625;0,188156131700969;7,5
2024-06-10;5456;0,0337;0,0025;0,0071;0,0008;49,802;9,944;21,3;4,583333333333333;247,0;0,0;36,0;567930,6533392705;5517043,993212319;;3,497140278341575e-05;-0,6226505041123018;2000,933837890625;9,2957763671875;-19,87542724609375;0,0381515292022492;12,290208333333332
2024-06-10;10645;0,0151;0,0009;0,0026;0,0001;49,782;9,932;21,0;4,555555555555555;241,0;0,0;36,0;567094,7661046094;5514809,631751885;;;-0,4174436926842126;2000,933837890625;-4,616546630859375;-38,04154968261719;0,1821644231677055;2,0830232558139534
2024-06-10;13975;0,0352;0,0022;0,008;0,0005;49,792;9,946;21,3;4,583333333333333;247,0;0,0;36,0;568088,5932671656;5515934,024955345;;;-0,4174436926841616;2000,933837890625;-7,100112915039063;-11,455413818359377;0,0696085571580175;1,3875
2024-06-10;15449;0,0316;0,0017;0,0067;0,0004;49,784;9,934;21,0;4,555555555555555;241,0;0,0;36,0;567235,976097938;5515033,77807713;;;-0,4174436926841616;2000,933837890625;8,532821655273438;-18,42616271972656;0,171084050503042;2,8172916666666663
2024-06-10;19623;0,0226;0,0016;0,003;0,0002;49,798;9,928;21,5;4,388888888888889;246,0;0,0;35,0;566784,8051692393;5516584,912229571;;3,497140228259955e-05;-0,6115991850887522;2000,933837890625;-7,9800262451171875;-36,69145202636719;0,0886252300302141;2,629583333333333
2024-06-10;25049;0,0043;0,0003;0,0007;0,0001;49,814;9,918;20,3;4,611111111111112;248,0;0,0;38,0;566043,3787976378;5518354,912347081;;3,4971402783411483e-05;-0,6226505041122258;2000,933837890625;-31,044219970703125;-60,89303588867188;0,217509622697109;3,1464583333333334
2024-06-10;1;0,0281;0,002;0,0064;0,0003;49,8047;9,95642;21,3;4,583333333333333;247,0;0,0;36,0;568820,5605106109;5517355,496720748;;3,497140278341575e-05;-0,6226505041123018;2000,933837890625;6,3877716064453125;0,1705322265625;0,188156131700969;6,0
2024-06-11;5456;0,0319;0,0024;0,0066;0,0007;49,802;9,944;16,5;3,611111111111111;275,0;0,0;39,0;567930,6533392705;5517043,993212319;;;-0,49190972452014;1667,046875;9,2957763671875;-19,87542724609375;0,0381515292022492;13,079583333333334
2024-06-11;10645;0,0154;0,0008;0,0026;0,0001;49,782;9,932;16,5;3,638888888888889;278,0;0,0;41,0;567094,7661046094;5514809,631751885;;;-0,235309646729328;1667,046875;-4,616546630859375;-38,04154968261719;0,1821644231677055;1,5851162790697673
2024-06-11;13975;0,0346;0,0021;0,0078;0,0005;49,792;9,946;16,5;3,611111111111111;275,0;0,0;39,0;568088,5932671656;5515934,024955345;;;-0,3101794729009182;1667,046875;-7,100112915039063;-11,455413818359377;0,0696085571580175;1,0616326530612246
2024-06-11;15449;0,0322;0,0016;0,0067;0,0003;49,784;9,934;16,5;3,638888888888889;278,0;0,0;41,0;567235,976097938;5515033,77807713;;;-0,250354395277811;1667,046875;8,532821655273438;-18,42616271972656;0,171084050503042;1,718125
2024-06-11;19623;0,0226;0,0017;0,0029;0,0003;49,798;9,928;16,8;3,8055555555555554;272,0;0,0;40,0;566784,8051692393;5516584,912229571;;;-0,2377504429632816;1667,046875;-7,9800262451171875;-36,69145202636719;0,0886252300302141;1,9418367346938776
2024-06-11;25049;0,0042;0,0003;0,0007;0,0;49,814;9,918;15,8;3,9166666666666665;267,0;0,0;43,0;566043,3787976378;5518354,912347081;;;-0,6380501007813559;1667,046875;-31,044219970703125;-60,89303588867188;0,217509622697109;2,4522448979591838
2024-06-11;1;0,0285;0,0016;0,0068;0,0003;49,8047;9,95642;16,5;3,611111111111111;275,0;0,0;39,0;568820,5605106109;5517355,496720748;;;-0,1900724962513054;1667,046875;6,3877716064453125;0,1705322265625;0,188156131700969;4,0
2024-06-12;5456;0,0334;0,0024;0,007;0,0008;49,802;9,944;18,2;1,3611111111111112;287,0;0,0;40,0;567930,6533392705;5517043,993212319;;;-0,980156958759421;1692,442626953125;9,2957763671875;-19,87542724609375;0,0381515292022492;13,529166666666667
2024-06-12;10645;0,0153;0,0008;0,0025;0,0001;49,782;9,932;18,2;2,2222222222222223;265,0;0,0;42,0;567094,7661046094;5514809,631751885;;1,689646939048152e-05;-0,441890279033339;1692,442626953125;-4,616546630859375;-38,04154968261719;0,1821644231677055;2,143809523809524
2024-06-12;13975;0,036;0,002;0,0087;0,0004;49,792;9,946;18,2;1,3611111111111112;287,0;0,0;40,0;568088,5932671656;5515934,024955345;0,415;1,6896469302991527e-05;-0,9299339408661792;1692,442626953125;-7,100112915039063;-11,455413818359377;0,0696085571580175;1,6302083333333333
2024-06-12;15449;0,032;0,0016;0,0068;0,0003;49,784;9,934;18,2;2,2222222222222223;265,0;0,0;42,0;567235,976097938;5515033,77807713;;;-0,7235316471596491;1692,442626953125;8,532821655273438;-18,42616271972656;0,171084050503042;1,55
2024-06-12;19623;0,0226;0,0017;0,0028;0,0002;49,798;9,928;18,4;1,3888888888888888;270,0;0,0;43,0;566784,8051692393;5516584,912229571;;;-0,536303211028846;1692,442626953125;-7,9800262451171875;-36,69145202636719;0,0886252300302141;3,1981249999999997
2024-06-12;25049;0,0044;0,0003;0,0007;0,0001;49,814;9,918;17,6;1,6666666666666663;287,0;0,0;44,0;566043,3787976378;5518354,912347081;;;-1,0683237910270384;1692,442626953125;-31,044219970703125;-60,89303588867188;0,217509622697109;4,042244897959184
2024-06-12;1;0,0274;0,0019;0,0061;0,0003;49,8047;9,95642;18,2;1,3611111111111112;287,0;0,0;40,0;568820,5605106109;5517355,496720748;0,549;;-0,9871307718146276;1692,442626953125;6,3877716064453125;0,1705322265625;0,188156131700969;6,5
2024-06-13;5456;0,0326;0,0025;0,0067;0,0008;49,802;9,944;17,8;2,111111111111111;262,0;0,0;37,0;567930,6533392705;5517043,993212319;;;-0,7906517382322054;2183,575927734375;9,2957763671875;-19,87542724609375;0,0381515292022492;11,954791666666667
2024-06-13;10645;0,0158;0,0008;0,003;0,0002;49,782;9,932;17,8;1,8333333333333333;283,0;0,0;38,0;567094,7661046094;5514809,631751885;;;-0,857907732239432;2183,575927734375;-4,616546630859375;-38,04154968261719;0,1821644231677055;1,7633333333333334
2024-06-13;13975;0,0362;0,0025;0,0086;0,0007;49,792;9,946;17,8;2,111111111111111;262,0;0,0;37,0;568088,5932671656;5515934,024955345;;;-0,9216063618659708;2183,575927734375;-7,100112915039063;-11,455413818359377;0,0696085571580175;1,1918367346938776
2024-06-13;15449;0,0329;0,0015;0,0069;0,0003;49,784;9,934;17,8;1,8333333333333333;283,0;0,0;38,0;567235,976097938;5515033,77807713;;;-0,9216063618659708;2183,575927734375;8,532821655273438;-18,42616271972656;0,171084050503042;1,1325531914893616
2024-06-13;19623;0,0231;0,0017;0,0032;0,0003;49,798;9,928;18,0;2,111111111111111;270,0;0,0;37,0;566784,8051692393;5516584,912229571;;;-0,8963888139020424;2183,575927734375;-7,9800262451171875;-36,69145202636719;0,0886252300302141;2,2897916666666664
2024-06-13;25049;0,0043;0,0003;0,0007;0,0001;49,814;9,918;16,8;2,333333333333333;263,0;0,0;42,0;566043,3787976378;5518354,912347081;;;-0,7087537348270214;2183,575927734375;-31,044219970703125;-60,89303588867188;0,217509622697109;2,998367346938775
2024-06-13;1;0,0289;0,0022;0,0068;0,0004;49,8047;9,95642;17,8;2,111111111111111;262,0;0,0;37,0;568820,5605106109;5517355,496720748;;;-0,9216063618660836;2183,575927734375;6,3877716064453125;0,1705322265625;0,188156131700969;6,0
2024-06-14;5456;0,0414;0,0021;0,0089;0,0006;49,802;9,944;17,1;4,444444444444445;211,0;0,9;61,0;567930,6533392705;5517043,993212319;;;-0,1241485648572573;1037,1181640625;9,2957763671875;-19,87542724609375;0,0381515292022492;12,622708333333334
2024-06-14;10645;0,0188;0,0007;0,0031;0,0001;49,782;9,932;17,3;4,638888888888888;213,0;0,7;62,0;567094,7661046094;5514809,631751885;;;-0,2160954829545033;1037,1181640625;-4,616546630859375;-38,04154968261719;0,1821644231677055;1,9571428571428573
2024-06-14;13975;0,0435;0,0016;0,0102;0,0003;49,792;9,946;17,1;4,444444444444445;211,0;0,9;61,0;568088,5932671656;5515934,024955345;;;-0,1232573762536013;1037,1181640625;-7,100112915039063;-11,455413818359377;0,0696085571580175;1,5545833333333334
2024-06-14;15449;0,0389;0,0014;0,0083;0,0003;49,784;9,934;17,3;4,638888888888888;213,0;0,7;62,0;567235,976097938;5515033,77807713;;;-0,1839290396836194;1037,1181640625;8,532821655273438;-18,42616271972656;0,171084050503042;4,097916666666666
2024-06-14;19623;0,0295;0,0014;0,0041;0,0002;49,798;9,928;17,1;4,5;212,0;0,8;62,0;566784,8051692393;5516584,912229571;;;-0,2221494615077908;1037,1181640625;-7,9800262451171875;-36,69145202636719;0,0886252300302141;2,6118367346938776
2024-06-14;25049;0,0055;0,0002;0,0009;0,0;49,814;9,918;15,7;4,472222222222222;214,0;0,8;68,0;566043,3787976378;5518354,912347081;;;-0,3716829014147695;1037,1181640625;-31,044219970703125;-60,89303588867188;0,217509622697109;3,3069387755102038
2024-06-14;1;0,0347;0,0017;0,0076;0,0003;49,8047;9,95642;17,1;4,444444444444445;211,0;0,9;61,0;568820,5605106109;5517355,496720748;;;-0,1232573762536164;1037,1181640625;6,3877716064453125;0,1705322265625;0,188156131700969;5,0
2024-06-15;5456;0,0367;0,0012;0,0084;0,0003;49,802;9,944;19,4;6,527777777777778;247,0;10,2;51,0;567930,6533392705;5517043,993212319;;2,163759018003677e-05;-1,1500648260117652;1456,193359375;9,2957763671875;-19,87542724609375;0,0381515292022492;10,372040816326532
2024-06-15;10645;0,0135;0,0004;0,0023;0,0001;49,782;9,932;19,5;6,0;244,0;10,7;50,0;567094,7661046094;5514809,631751885;;2,1637589891956333e-05;-1,1504832733447816;1456,193359375;-4,616546630859375;-38,04154968261719;0,1821644231677055;0,9661904761904762
2024-06-15;13975;0,0346;0,001;0,0076;0,0002;49,792;9,946;19,4;6,527777777777778;247,0;10,2;51,0;568088,5932671656;5515934,024955345;;2,163759018003413e-05;-1,1500648260116249;1456,193359375;-7,100112915039063;-11,455413818359377;0,0696085571580175;0,48530612244897964
2024-06-15;15449;0,0278;0,0007;0,0063;0,0002;49,784;9,934;19,5;6,0;244,0;10,7;50,0;567235,976097938;5515033,77807713;;2,163759018003413e-05;-1,1500648260116249;1456,193359375;8,532821655273438;-18,42616271972656;0,171084050503042;1,5170833333333331
2024-06-15;19623;0,0241;0,0009;0,0031;0,0002;49,798;9,928;19,4;6,194444444444445;249,0;10,4;52,0;566784,8051692393;5516584,912229571;;2,1637589988071063e-05;-1,1512551153428656;1456,193359375;-7,9800262451171875;-36,69145202636719;0,0886252300302141;1,26125
2024-06-15;25049;0,0045;0,0001;0,0007;0,0;49,814;9,918;18,2;6,583333333333333;248,0;9,9;57,0;566043,3787976378;5518354,912347081;;2,163759016983076e-05;-0,943854386887484;1456,193359375;-31,044219970703125;-60,89303588867188;0,217509622697109;1,2859183673469388
2024-06-15;1;0,0281;0,0008;0,0057;0,0002;49,8047;9,95642;19,4;6,527777777777778;247,0;10,2;51,0;568820,5605106109;5517355,496720748;;2,163759018003677e-05;-1,1500648260117652;1456,193359375;6,3877716064453125;0,1705322265625;0,188156131700969;3,0
2024-06-16;5456;0,0253;0,0006;0,0057;0,0001;49,802;9,944;21,0;5,111111111111111;219,0;0,1;43,0;567930,6533392705;5517043,993212319;;;-1,3234022322682346;1547,997802734375;9,2957763671875;-19,87542724609375;0,0381515292022492;10,09469387755102
2024-06-16;10645;0,012;0,0003;0,0017;0,0;49,782;9,932;21,1;4,388888888888889;215,0;0,1;45,0;567094,7661046094;5514809,631751885;;;-1,587501247647456;1547,997802734375;-4,616546630859375;-38,04154968261719;0,1821644231677055;0,9492857142857142
2024-06-16;13975;0,0274;0,0007;0,0054;0,0002;49,792;9,946;21,0;5,111111111111111;219,0;0,1;43,0;568088,5932671656;5515934,024955345;;;-2,054740428924501;1547,997802734375;-7,100112915039063;-11,455413818359377;0,0696085571580175;0,5424489795918368
2024-06-16;15449;0,0247;0,0005;0,0046;0,0001;49,784;9,934;21,1;4,388888888888889;215,0;0,1;45,0;567235,976097938;5515033,77807713;;;-1,8823193589931624;1547,997802734375;8,532821655273438;-18,42616271972656;0,171084050503042;1,3631250000000001
2024-06-16;19623;0,0185;0,0005;0,0026;0,0001;49,798;9,928;20,9;4,888888888888889;221,0;0,2;44,0;566784,8051692393;5516584,912229571;;;-1,6279032477330315;1547,997802734375;-7,9800262451171875;-36,69145202636719;0,0886252300302141;1,2708163265306123
2024-06-16;25049;0,0033;0,0001;0,0005;0,0;49,814;9,918;19,7;5,166666666666667;224,0;0,3;47,0;566043,3787976378;5518354,912347081;;;-1,1526297330855992;1547,997802734375;-31,044219970703125;-60,89303588867188;0,217509622697109;1,0706122448979591
2024-06-16;1;0,0214;0,0005;0,0045;0,0001;49,8047;9,95642;21,0;5,111111111111111;219,0;0,1;43,0;568820,5605106109;5517355,496720748;;;-1,8476138799515864;1547,997802734375;6,3877716064453125;0,1705322265625;0,188156131700969;4,0
2024-06-17;5456;0,0335;0,0022;0,0074;0,0007;49,802;9,944;21,9;3,5;243,0;5,6;65,0;567930,6533392705;5517043,993212319;;;-0,5741330385208666;1379,6859130859375;9,2957763671875;-19,87542724609375;0,0381515292022492;12,47375
2024-06-17;10645;0,0133;0,0006;0,0025;0,0001;49,782;9,932;22,1;3,416666666666667;238,0;6,2;64,0;567094,7661046094;5514809,631751885;;;-0,6112550627440786;1379,6859130859375;-4,616546630859375;-38,04154968261719;0,1821644231677055;0,6771428571428572
2024-06-17;13975;0,0339;0,0018;0,0083;0,0004;49,792;9,946;21,9;3,5;243,0;5,6;65,0;568088,5932671656;5515934,024955345;;;-0,6112550627440039;1379,6859130859375;-7,100112915039063;-11,455413818359377;0,0696085571580175;0,2812244897959184
2024-06-17;15449;0,0279;0,001;0,0063;0,0002;49,784;9,934;22,1;3,416666666666667;238,0;6,2;64,0;567235,976097938;5515033,77807713;;;-0,6112550627440039;1379,6859130859375;8,532821655273438;-18,42616271972656;0,171084050503042;1,5599999999999998
2024-06-17;19623;0,0217;0,0014;0,0027;0,0002;49,798;9,928;21,8;3,3611111111111107;243,0;5,7;66,0;566784,8051692393;5516584,912229571;;;-0,5951459689153864;1379,6859130859375;-7,9800262451171875;-36,69145202636719;0,0886252300302141;1,0014285714285713
2024-06-17;25049;0,0042;0,0002;0,0007;0,0001;49,814;9,918;20,5;3,5277777777777777;245,0;5,2;70,0;566043,3787976378;5518354,912347081;;;-0,5542624047041849;1379,6859130859375;-31,044219970703125;-60,89303588867188;0,217509622697109;0,9444897959183673
2024-06-17;1;0,0284;0,0018;0,0066;0,0003;49,8047;9,95642;21,9;3,5;243,0;5,6;65,0;568820,5605106109;5517355,496720748;;;-0,5741330385208666;1379,6859130859375;6,3877716064453125;0,1705322265625;0,188156131700969;3,0
2024-06-18;5456;0,0321;0,0025;0,0069;0,0007;49,802;9,944;26,9;2,7777777777777777;154,0;0,0;52,0;567930,6533392705;5517043,993212319;;2,18366876652019e-05;-0,6370236128569244;1732,4676513671875;9,2957763671875;-19,87542724609375;0,0381515292022492;10,782857142857143
2024-06-18;10645;0,015;0,0007;0,0024;0,0001;49,782;9,932;27,3;2,944444444444444;156,0;0,0;51,0;567094,7661046094;5514809,631751885;0,287;2,7573140373138272e-05;-0,737392901411486;1732,4676513671875;-4,616546630859375;-38,04154968261719;0,1821644231677055;1,895714285714286
2024-06-18;13975;0,0344;0,0019;0,0077;0,0004;49,792;9,946;26,9;2,7777777777777777;154,0;0,0;52,0;568088,5932671656;5515934,024955345;0,284;2,661202729454604e-05;-0,6418142142563831;1732,4676513671875;-7,100112915039063;-11,455413818359377;0,0696085571580175;1,2155102040816328
2024-06-18;15449;0,0307;0,0013;0,0064;0,0002;49,784;9,934;27,3;2,944444444444444;156,0;0,0;51,0;567235,976097938;5515033,77807713;0,288;2,183668766519924e-05;-0,6370236128568467;1732,4676513671875;8,532821655273438;-18,42616271972656;0,171084050503042;1,6527083333333332
2024-06-18;19623;0,022;0,0015;0,0029;0,0002;49,798;9,928;27,1;2,9166666666666665;153,0;0,0;52,0;566784,8051692393;5516584,912229571;0,314;2,183668766519924e-05;-0,6370236128568467;1732,4676513671875;-7,9800262451171875;-36,69145202636719;0,0886252300302141;2,686458333333333
2024-06-18;25049;0,0043;0,0003;0,0007;0,0001;49,814;9,918;25,8;3,0;154,0;0,0;57,0;566043,3787976378;5518354,912347081;0,355;2,183668766519924e-05;-0,6370236128568467;1732,4676513671875;-31,044219970703125;-60,89303588867188;0,217509622697109;2,5744897959183675
2024-06-18;1;0,0278;0,0017;0,0065;0,0003;49,8047;9,95642;26,9;2,7777777777777777;154,0;0,0;52,0;568820,5605106109;5517355,496720748;;2,18366876652019e-05;-0,6370236128569244;1732,4676513671875;6,3877716064453125;0,1705322265625;0,188156131700969;9,0
2024-06-19;5456;0,0326;0,0021;0,0074;0,0007;49,802;9,944;22,2;2,888888888888889;272,0;0,9;76,0;567930,6533392705;5517043,993212319;;;-0,8513610213995776;523,9229736328125;9,2957763671875;-19,87542724609375;0,0381515292022492;18,085416666666667
2024-06-19;9094;0,0057;0,0003;0,0004;0,0;49,796;9,902;22,5;2,9166666666666665;276,0;0,8999999999999999;72,0;564916,3789284342;5516339,731191984;;;-0,8513610213995917;523,9229736328125;23,65252685546875;-17,410202026367188;0,1838420725163118;5,234
2024-06-19;10645;0,0142;0,0005;0,0026;0,0001;49,782;9,932;22,4;2,9166666666666665;276,0;0,8;73,0;567094,7661046094;5514809,631751885;;;-0,6807357873196176;523,9229736328125;-4,616546630859375;-38,04154968261719;0,1821644231677055;3,7573809523809523
2024-06-19;13975;0,0351;0,0016;0,0086;0,0003;49,792;9,946;22,2;2,888888888888889;272,0;0,9;76,0;568088,5932671656;5515934,024955345;;;-0,5756137384336744;523,9229736328125;-7,100112915039063;-11,455413818359377;0,0696085571580175;3,145918367346939
2024-06-19;15449;0,0302;0,0009;0,0073;0,0001;49,784;9,934;22,4;2,9166666666666665;276,0;0,8;73,0;567235,976097938;5515033,77807713;;;-0,7288701568392134;523,9229736328125;8,532821655273438;-18,42616271972656;0,171084050503042;2,2710416666666666
2024-06-19;19623;0,0219;0,0013;0,0029;0,0002;49,798;9,928;22,1;3,0277777777777777;276,0;0,8999999999999999;77,0;566784,8051692393;5516584,912229571;;;-0,8513610213994737;523,9229736328125;-7,9800262451171875;-36,69145202636719;0,0886252300302141;6,633541666666667
2024-06-19;25049;0,0042;0,0003;0,0007;0,0001;49,814;9,918;20,9;3,1111111111111107;270,0;0,8999999999999999;85,0;566043,3787976378;5518354,912347081;;;-0,8513610213994737;523,9229736328125;-31,044219970703125;-60,89303588867188;0,217509622697109;7,291428571428572
2024-06-19;1;0,0275;0,0018;0,0062;0,0003;49,8047;9,95642;22,2;2,888888888888889;272,0;0,9;76,0;568820,5605106109;5517355,496720748;;;-0,741642395730146;523,9229736328125;6,3877716064453125;0,1705322265625;0,188156131700969;8,5
2024-06-20;5456;0,0336;0,0022;0,0073;0,0007;49,802;9,944;21,8;2,9166666666666665;86,0;0,0;67,0;567930,6533392705;5517043,993212319;;;-0,6809194813221777;587,7984619140625;9,2957763671875;-19,87542724609375;0,0381515292022492;14,923333333333334
2024-06-20;10645;0,0144;0,0007;0,0028;0,0001;49,782;9,932;22,1;2,611111111111111;90,0;0,0;66,0;567094,7661046094;5514809,631751885;;;-0,8409972664531972;587,7984619140625;-4,616546630859375;-38,04154968261719;0,1821644231677055;4,205714285714286
2024-06-20;13975;0,0348;0,0018;0,008;0,0004;49,792;9,946;21,8;2,9166666666666665;86,0;0,0;67,0;568088,5932671656;5515934,024955345;;;-0,5948565006255934;587,7984619140625;-7,100112915039063;-11,455413818359377;0,0696085571580175;4,029591836734694
2024-06-20;15449;0,0293;0,0013;0,0057;0,0003;49,784;9,934;22,1;2,611111111111111;90,0;0,0;66,0;567235,976097938;5515033,77807713;;;-0,8383323154183304;587,7984619140625;8,532821655273438;-18,42616271972656;0,171084050503042;1,65625
2024-06-20;19623;0,0238;0,0015;0,0033;0,0002;49,798;9,928;22,0;3,0;90,0;0,0;66,0;566784,8051692393;5516584,912229571;;;-0,8383633494376896;587,7984619140625;-7,9800262451171875;-36,69145202636719;0,0886252300302141;5,254583333333334
2024-06-20;25049;0,0044;0,0003;0,0007;0,0001;49,814;9,918;20,9;3,1111111111111107;94,0;0,0;72,0;566043,3787976378;5518354,912347081;;;-0,8134434755520564;587,7984619140625;-31,044219970703125;-60,89303588867188;0,217509622697109;6,744285714285715
2024-06-20;1;0,0284;0,0018;0,0063;0,0003;49,8047;9,95642;21,8;2,9166666666666665;86,0;0,0;67,0;568820,5605106109;5517355,496720748;;;-0,594856500625666;587,7984619140625;6,3877716064453125;0,1705322265625;0,188156131700969;8,0
2024-06-21;5456;0,0432;0,002;0,0103;0,0007;49,802;9,944;23,0;2,694444444444444;184,0;1,3;80,0;567930,6533392705;5517043,993212319;;;-0,523423969745685;651,4761962890625;9,2957763671875;-19,87542724609375;0,0381515292022492;21,437234042553193
2024-06-21;10645;0,019;0,0007;0,003;0,0001;49,782;9,932;23,2;2,7222222222222223;186,0;2,1;79,0;567094,7661046094;5514809,631751885;;;-0,4575470163764642;651,4761962890625;-4,616546630859375;-38,04154968261719;0,1821644231677055;9,795714285714286
2024-06-21;13975;0,046;0,0019;0,011;0,0005;49,792;9,946;23,0;2,694444444444444;184,0;1,3;80,0;568088,5932671656;5515934,024955345;;;-0,4914590115713302;651,4761962890625;-7,100112915039063;-11,455413818359377;0,0696085571580175;10,756326530612244
2024-06-21;15449;0,0386;0,0012;0,0081;0,0002;49,784;9,934;23,2;2,7222222222222223;186,0;2,1;79,0;567235,976097938;5515033,77807713;;;-0,5229770525121649;651,4761962890625;8,532821655273438;-18,42616271972656;0,171084050503042;10,025
2024-06-21;19623;0,0308;0,0014;0,004;0,0002;49,798;9,928;22,9;2,805555555555556;178,0;1,3;81,0;566784,8051692393;5516584,912229571;;;-0,523423969745621;651,4761962890625;-7,9800262451171875;-36,69145202636719;0,0886252300302141;12,872291666666667
2024-06-21;25049;0,0057;0,0002;0,0009;0,0;49,814;9,918;22,0;3,0;176,0;1,4;83,0;566043,3787976378;5518354,912347081;;;-0,523423969745621;651,4761962890625;-31,044219970703125;-60,89303588867188;0,217509622697109;17,417708333333334
2024-06-21;1;0,0353;0,0018;0,0077;0,0003;49,8047;9,95642;23,0;2,694444444444444;184,0;1,3;80,0;568820,5605106109;5517355,496720748;;;-0,5198972132757407;651,4761962890625;6,3877716064453125;0,1705322265625;0,188156131700969;12,0
2024-06-22;5456;0,0363;0,0011;0,0078;0,0003;49,802;9,944;20,1;2,972222222222222;230,0;0,1;60,0;567930,6533392705;5517043,993212319;;;-0,3413589642862845;1162,0242919921875;9,2957763671875;-19,87542724609375;0,0381515292022492;11,760416666666666
2024-06-22;10645;0,0159;0,0005;0,0024;0,0001;49,782;9,932;20,4;2,833333333333333;231,0;0,1;59,0;567094,7661046094;5514809,631751885;;;-0,3086435496807387;1162,0242919921875;-4,616546630859375;-38,04154968261719;0,1821644231677055;2,1526190476190474
2024-06-22;13975;0,0362;0,0009;0,0076;0,0002;49,792;9,946;20,1;2,972222222222222;230,0;0,1;60,0;568088,5932671656;5515934,024955345;;;-0,5272086416680796;1162,0242919921875;-7,100112915039063;-11,455413818359377;0,0696085571580175;1,5540816326530613
2024-06-22;15449;0,0339;0,001;0,0076;0,0002;49,784;9,934;20,4;2,833333333333333;231,0;0,1;59,0;567235,976097938;5515033,77807713;;;-0,362077118075757;1162,0242919921875;8,532821655273438;-18,42616271972656;0,171084050503042;5,567083333333334
2024-06-22;19623;0,0255;0,0009;0,003;0,0001;49,798;9,928;20,1;2,9166666666666665;232,0;0,1;61,0;566784,8051692393;5516584,912229571;;;-0,3824917029189026;1162,0242919921875;-7,9800262451171875;-36,69145202636719;0,0886252300302141;3,186875
2024-06-22;25049;0,0047;0,0001;0,0007;0,0;49,814;9,918;18,9;2,972222222222222;230,0;0,1;65,0;566043,3787976378;5518354,912347081;;;-0,1969156497356282;1162,0242919921875;-31,044219970703125;-60,89303588867188;0,217509622697109;4,116326530612245
2024-06-22;1;0,0279;0,001;0,0056;0,0002;49,8047;9,95642;20,1;2,972222222222222;230,0;0,1;60,0;568820,5605106109;5517355,496720748;;;-0,3108543008566193;1162,0242919921875;6,3877716064453125;0,1705322265625;0,188156131700969;5,5
2024-06-23;5456;0,0259;0,0006;0,0055;0,0001;49,802;9,944;22,3;1,777777777777778;47,0;0,0;55,0;567930,6533392705;5517043,993212319;;;-0,9092092514038936;1170,7315673828125;9,2957763671875;-19,87542724609375;0,0381515292022492;10,919791666666667
2024-06-23;10645;0,012;0,0003;0,0016;0,0;49,782;9,932;22,0;1,7222222222222223;36,0;0,0;56,0;567094,7661046094;5514809,631751885;;;-0,832731485366899;1170,7315673828125;-4,616546630859375;-38,04154968261719;0,1821644231677055;3,6345238095238095
2024-06-23;13975;0,0278;0,0006;0,0054;0,0002;49,792;9,946;22,3;1,777777777777778;47,0;0,0;55,0;568088,5932671656;5515934,024955345;;;-0,8835862708710127;1170,7315673828125;-7,100112915039063;-11,455413818359377;0,0696085571580175;3,0136734693877547
2024-06-23;15449;0,0244;0,0005;0,0045;0,0001;49,784;9,934;22,0;1,7222222222222223;36,0;0,0;56,0;567235,976097938;5515033,77807713;;;-0,8327314853667975;1170,7315673828125;8,532821655273438;-18,42616271972656;0,171084050503042;3,065
2024-06-23;19623;0,0202;0,0006;0,0025;0,0001;49,798;9,928;22,5;1,6944444444444442;50,0;0,0;54,0;566784,8051692393;5516584,912229571;;;-0,909120943409266;1170,7315673828125;-7,9800262451171875;-36,69145202636719;0,0886252300302141;4,640408163265306
2024-06-23;25049;0,0035;0,0001;0,0006;0,0;49,814;9,918;21,6;1,7222222222222223;54,0;0,0;57,0;566043,3787976378;5518354,912347081;;2,766908252172188e-05;-0,9919152004610424;1170,7315673828125;-31,044219970703125;-60,89303588867188;0,217509622697109;6,062291666666667
2024-06-23;1;0,0214;0,0005;0,0044;0,0001;49,8047;9,95642;22,3;1,777777777777778;47,0;0,0;55,0;568820,5605106109;5517355,496720748;;;-1,005434664176692;1170,7315673828125;6,3877716064453125;0,1705322265625;0,188156131700969;9,5
2024-06-24;5456;0,0288;0,0021;0,0066;0,0007;49,802;9,944;25,1;4,555555555555555;52,0;0,0;43,0;567930,6533392705;5517043,993212319;0,208;3,3477806096057856e-05;-0,8422828903891273;1651,4127197265625;9,2957763671875;-19,87542724609375;0,0381515292022492;9,946250000000001
2024-06-24;10645;0,015;0,0008;0,0024;0,0002;49,782;9,932;25,8;3,222222222222222;68,0;0,0;40,0;567094,7661046094;5514809,631751885;0,185;2,4037280127233744e-05;-0,7304453253746716;1651,4127197265625;-4,616546630859375;-38,04154968261719;0,1821644231677055;1,8373170731707316
2024-06-24;13975;0,0348;0,0024;0,0081;0,0006;49,792;9,946;25,1;4,555555555555555;52,0;0,0;43,0;568088,5932671656;5515934,024955345;0,183;3,083442607021337e-05;-0,7923120260238421;1651,4127197265625;-7,100112915039063;-11,455413818359377;0,0696085571580175;1,1289795918367347
2024-06-24;15449;0,0314;0,0014;0,0065;0,0003;49,784;9,934;25,8;3,222222222222222;68,0;0,0;40,0;567235,976097938;5515033,77807713;0,1903333333333333;2,52062868648644e-05;-0,7410854661779358;1651,4127197265625;8,532821655273438;-18,42616271972656;0,171084050503042;2,5014583333333333
2024-06-24;19623;0,0231;0,0016;0,0031;0,0002;49,798;9,928;25,3;4,138888888888889;58,0;0,0;41,0;566784,8051692393;5516584,912229571;0,173;2,656369929975397e-05;-0,7653076318413095;1651,4127197265625;-7,9800262451171875;-36,69145202636719;0,0886252300302141;2,451041666666667
2024-06-24;25049;0,0043;0,0003;0,0007;0,0001;49,814;9,918;23,9;3,9722222222222223;56,0;0,0;46,0;566043,3787976378;5518354,912347081;0,2;2,883755951188422e-05;-0,9454376995563236;1651,4127197265625;-31,044219970703125;-60,89303588867188;0,217509622697109;2,6369387755102043
2024-06-24;1;0,0261;0,0018;0,0067;0,0004;49,8047;9,95642;25,1;4,555555555555555;52,0;0,0;43,0;568820,5605106109;5517355,496720748;0,1965;3,3694255762387424e-05;-0,8374711573124716;1651,4127197265625;6,3877716064453125;0,1705322265625;0,188156131700969;7,0
2024-06-25;5456;0,0327;0,0029;0,007;0,0009;49,802;9,944;26,7;4,361111111111111;70,0;0,0;39,0;567930,6533392705;5517043,993212319;;3,942973213967963e-05;-0,1483473261924569;1614,26416015625;9,2957763671875;-19,87542724609375;0,0381515292022492;10,517755102040816
2024-06-25;10645;0,015;0,0008;0,0024;0,0001;49,782;9,932;27,1;4,027777777777778;67,0;0,0;37,0;567094,7661046094;5514809,631751885;0,054;3,338062742841742e-05;-0,1926127225160779;1614,26416015625;-4,616546630859375;-38,04154968261719;0,1821644231677055;2,998048780487805
2024-06-25;13975;0,0357;0,0022;0,0087;0,0004;49,792;9,946;26,7;4,361111111111111;70,0;0,0;39,0;568088,5932671656;5515934,024955345;0,0825;3,79035482183088e-05;-0,0382443293929089;1614,26416015625;-7,100112915039063;-11,455413818359377;0,0696085571580175;2,146326530612245
2024-06-25;15449;0,031;0,0015;0,006;0,0002;49,784;9,934;27,1;4,027777777777778;67,0;0,0;37,0;567235,976097938;5515033,77807713;0,075;3,351819472982175e-05;-0,1879175168622813;1614,26416015625;8,532821655273438;-18,42616271972656;0,171084050503042;2,613958333333333
2024-06-25;19623;0,023;0,0017;0,003;0,0003;49,798;9,928;26,9;4,305555555555555;72,0;0,0;38,0;566784,8051692393;5516584,912229571;0,114;3,3380627428413345e-05;-0,1926127225160543;1614,26416015625;-7,9800262451171875;-36,69145202636719;0,0886252300302141;3,979387755102041
2024-06-25;25049;0,0043;0,0003;0,0007;0,0001;49,814;9,918;25,6;4,388888888888889;73,0;0,0;42,0;566043,3787976378;5518354,912347081;0,239;4,361129400731041e-05;-0,2071914952505471;1614,26416015625;-31,044219970703125;-60,89303588867188;0,217509622697109;4,489591836734694
2024-06-25;1;0,0271;0,0018;0,0061;0,0003;49,8047;9,95642;26,7;4,361111111111111;70,0;0,0;39,0;568820,5605106109;5517355,496720748;0,152;3,87401229133358e-05;-0,0683246497788004;1614,26416015625;6,3877716064453125;0,1705322265625;0,188156131700969;12,0
2024-06-26;5456;0,0341;0,0027;0,0072;0,0009;49,802;9,944;29,2;1,5277777777777777;58,0;0,0;46,0;567930,6533392705;5517043,993212319;0,195;4,180465111858602e-05;-0,9761838316918332;1825,3759765625;9,2957763671875;-19,87542724609375;0,0381515292022492;12,300833333333335
2024-06-26;10645;0,0148;0,0008;0,0022;0,0001;49,782;9,932;29,6;1,3611111111111112;54,0;0,0;45,0;567094,7661046094;5514809,631751885;0,146;2,42574733420065e-05;-0,9011752009392628;1825,3759765625;-4,616546630859375;-38,04154968261719;0,1821644231677055;5,367209302325581
2024-06-26;13975;0,0366;0,0019;0,0084;0,0003;49,792;9,946;29,2;1,5277777777777777;58,0;0,0;46,0;568088,5932671656;5515934,024955345;0,15;2,326776051837844e-05;-0,914187650865978;1825,3759765625;-7,100112915039063;-11,455413818359377;0,0696085571580175;5,032448979591837
2024-06-26;15449;0,0309;0,0013;0,0067;0,0002;49,784;9,934;29,6;1,3611111111111112;54,0;0,0;45,0;567235,976097938;5515033,77807713;0,156;2,4257473342003538e-05;-0,9011752009391526;1825,3759765625;8,532821655273438;-18,42616271972656;0,171084050503042;4,012727272727273
2024-06-26;19623;0,0241;0,0019;0,0033;0,0003;49,798;9,928;29,7;1,4444444444444444;56,0;0,0;43,0;566784,8051692393;5516584,912229571;0,161;3,740531653932544e-05;-0,9573780688953272;1825,3759765625;-7,9800262451171875;-36,69145202636719;0,0886252300302141;7,3808333333333325
2024-06-26;25049;0,0044;0,0003;0,0007;0,0001;49,814;9,918;28,3;1,3055555555555556;58,0;0,0;48,0;566043,3787976378;5518354,912347081;0,212;4,180465111858092e-05;-0,976183831691714;1825,3759765625;-31,044219970703125;-60,89303588867188;0,217509622697109;8,658125
2024-06-26;1;0,0262;0,0019;0,0065;0,0004;49,8047;9,95642;29,2;1,5277777777777777;58,0;0,0;46,0;568820,5605106109;5517355,496720748;0,198;2,3084648691401387e-05;-0,9935402344315966;1825,3759765625;6,3877716064453125;0,1705322265625;0,188156131700969;16,5
2024-06-27;5456;0,0339;0,0024;0,0074;0,0008;49,802;9,944;26,2;2,083333333333333;235,0;0,0;65,0;567930,6533392705;5517043,993212319;;4,136784082220788e-05;-0,8834765255452028;1210,529052734375;9,2957763671875;-19,87542724609375;0,0381515292022492;12,63795918367347
2024-06-27;10645;0,0139;0,0006;0,0026;0,0001;49,782;9,932;26,6;1,972222222222222;229,0;0,2;66,0;567094,7661046094;5514809,631751885;0,315;4,211402163385265e-05;-0,8935563361679155;1210,529052734375;-4,616546630859375;-38,04154968261719;0,1821644231677055;6,328571428571429
2024-06-27;13975;0,0355;0,002;0,0089;0,0005;49,792;9,946;26,2;2,083333333333333;235,0;0,0;65,0;568088,5932671656;5515934,024955345;0,309;4,164651634988044e-05;-0,8872410490828582;1210,529052734375;-7,100112915039063;-11,455413818359377;0,0696085571580175;7,222916666666666
2024-06-27;15449;0,0294;0,0012;0,0067;0,0003;49,784;9,934;26,6;1,972222222222222;229,0;0,2;66,0;567235,976097938;5515033,77807713;0,342;4,136784082220283e-05;-0,8834765255450949;1210,529052734375;8,532821655273438;-18,42616271972656;0,171084050503042;5,949583333333333
2024-06-27;19623;0,0235;0,0016;0,003;0,0002;49,798;9,928;26,3;1,972222222222222;240,0;0,0;65,0;566784,8051692393;5516584,912229571;0,358;4,136784082220283e-05;-0,8834765255450949;1210,529052734375;-7,9800262451171875;-36,69145202636719;0,0886252300302141;8,9325
2024-06-27;25049;0,0044;0,0003;0,0007;0,0;49,814;9,918;25,0;1,972222222222222;246,0;0,0;71,0;566043,3787976378;5518354,912347081;;4,118652262515807e-05;-0,8974524426908278;1210,529052734375;-31,044219970703125;-60,89303588867188;0,217509622697109;11,503877551020409
2024-06-27;1;0,0284;0,0018;0,0063;0,0003;49,8047;9,95642;26,2;2,083333333333333;235,0;0,0;65,0;568820,5605106109;5517355,496720748;0,299;4,137383964886925e-05;-0,8836554634305436;1210,529052734375;6,3877716064453125;0,1705322265625;0,188156131700969;14,0
2024-06-28;5456;0,0432;0,0022;0,0099;0,0006;49,802;9,944;24,5;3,305555555555556;265,0;2,8;76,0;567930,6533392705;5517043,993212319;;;-0,5600775666777421;1014,2342529296876;9,2957763671875;-19,87542724609375;0,0381515292022492;17,891041666666666
2024-06-28;10645;0,0187;0,0007;0,0031;0,0001;49,782;9,932;24,8;3,1111111111111107;266,0;4,0;76,0;567094,7661046094;5514809,631751885;;;-0,7289004732298741;1014,2342529296876;-4,616546630859375;-38,04154968261719;0,1821644231677055;7,459999999999999
2024-06-28;13975;0,0437;0,002;0,011;0,0005;49,792;9,946;24,5;3,305555555555556;265,0;2,8;76,0;568088,5932671656;5515934,024955345;;;-0,4609746262431012;1014,2342529296876;-7,100112915039063;-11,455413818359377;0,0696085571580175;9,304489795918368
2024-06-28;15449;0,0381;0,0011;0,0076;0,0002;49,784;9,934;24,8;3,1111111111111107;266,0;4,0;76,0;567235,976097938;5515033,77807713;;;-0,6040265026097251;1014,2342529296876;8,532821655273438;-18,42616271972656;0,171084050503042;6,9975
2024-06-28;19623;0,0298;0,0015;0,0039;0,0002;49,798;9,928;24,5;3,3888888888888884;268,0;2,7;76,0;566784,8051692393;5516584,912229571;;;-0,5603640079498131;1014,2342529296876;-7,9800262451171875;-36,69145202636719;0,0886252300302141;10,89530612244898
2024-06-28;25049;0,0056;0,0003;0,0009;0,0001;49,814;9,918;23,2;3,5;265,0;2,4;80,0;566043,3787976378;5518354,912347081;;;-0,5603640079498131;1014,2342529296876;-31,044219970703125;-60,89303588867188;0,217509622697109;15,901632653061224
2024-06-28;1;0,037;0,0019;0,0084;0,0003;49,8047;9,95642;24,5;3,305555555555556;265,0;2,8;76,0;568820,5605106109;5517355,496720748;;;-0,3759498223662728;1014,2342529296876;6,3877716064453125;0,1705322265625;0,188156131700969;10,5
2024-06-29;5456;0,0371;0,0012;0,0081;0,0003;49,802;9,944;29,9;1,7222222222222223;80,0;0,0;55,0;567930,6533392705;5517043,993212319;;3,696296537418497e-05;0,4210667000807691;1204,863037109375;9,2957763671875;-19,87542724609375;0,0381515292022492;12,540833333333333
2024-06-29;10645;0,0154;0,0004;0,0025;0,0;49,782;9,932;30,4;1,3888888888888888;90,0;0,0;54,0;567094,7661046094;5514809,631751885;0,4675;4,977633810482689e-05;0,4300076951627216;1204,863037109375;-4,616546630859375;-38,04154968261719;0,1821644231677055;7,496666666666667
2024-06-29;13975;0,0368;0,0011;0,008;0,0003;49,792;9,946;29,9;1,7222222222222223;80,0;0,0;55,0;568088,5932671656;5515934,024955345;0,401;4,850498522285861e-05;0,4275635242679411;1204,863037109375;-7,100112915039063;-11,455413818359377;0,0696085571580175;7,73408163265306
2024-06-29;15449;0,0311;0,0009;0,0057;0,0002;49,784;9,934;30,4;1,3888888888888888;90,0;0,0;54,0;567235,976097938;5515033,77807713;0,4635;4,58102352446648e-05;0,4422470272675654;1204,863037109375;8,532821655273438;-18,42616271972656;0,171084050503042;3,4747916666666665
2024-06-29;19623;0,0254;0,001;0,0035;0,0002;49,798;9,928;30,3;1,805555555555556;90,0;0,0;53,0;566784,8051692393;5516584,912229571;0,421;4,270529116566218e-05;0,4364118176962143;1204,863037109375;-7,9800262451171875;-36,69145202636719;0,0886252300302141;9,985306122448979
2024-06-29;25049;0,0046;0,0001;0,0008;0,0;49,814;9,918;29,1;1,9166666666666667;96,0;0,0;57,0;566043,3787976378;5518354,912347081;;3,730814851449336e-05;0,4208608357659198;1204,863037109375;-31,044219970703125;-60,89303588867188;0,217509622697109;12,461632653061224
2024-06-29;1;0,0292;0,0011;0,0059;0,0002;49,8047;9,95642;29,9;1,7222222222222223;80,0;0,0;55,0;568820,5605106109;5517355,496720748;;2,783979562082356e-05;0,4265076816082399;1204,863037109375;6,3877716064453125;0,1705322265625;0,188156131700969;18,5
2024-06-30;5456;0,0236;0,0007;0,005;0,0001;49,802;9,944;21,8;4,527777777777778;235,0;2,1;74,0;567930,6533392705;5517043,993212319;;;-0,6063458080939428;575,608154296875;9,2957763671875;-19,87542724609375;0,0381515292022492;10,464166666666666
2024-06-30;10645;0,0113;0,0002;0,0017;0,0001;49,782;9,932;21,7;4,055555555555555;232,0;2,0;75,0;567094,7661046094;5514809,631751885;;;-0,5977512884336167;575,608154296875;-4,616546630859375;-38,04154968261719;0,1821644231677055;1,2304761904761905
2024-06-30;13975;0,0278;0,0007;0,0063;0,0003;49,792;9,946;21,8;4,527777777777778;235,0;2,1;74,0;568088,5932671656;5515934,024955345;;;-0,6224932074546635;575,608154296875;-7,100112915039063;-11,455413818359377;0,0696085571580175;0,7973469387755102
2024-06-30;15449;0,0227;0,0004;0,0041;0,0001;49,784;9,934;21,7;4,055555555555555;232,0;2,0;75,0;567235,976097938;5515033,77807713;;;-0,6201938954378315;575,608154296875;8,532821655273438;-18,42616271972656;0,171084050503042;5,420208333333334
2024-06-30;19623;0,0175;0,0005;0,0024;0,0001;49,798;9,928;21,9;4,416666666666667;237,0;2,4;74,0;566784,8051692393;5516584,912229571;;;-0,5752901229251518;575,608154296875;-7,9800262451171875;-36,69145202636719;0,0886252300302141;1,6979591836734695
2024-06-30;25049;0,0031;0,0001;0,0005;0,0;49,814;9,918;20,8;4,75;235,0;3,0;78,0;566043,3787976378;5518354,912347081;;;-0,4145941886088395;575,608154296875;-31,044219970703125;-60,89303588867188;0,217509622697109;1,9014285714285715
2024-06-30;1;0,02;0,0006;0,0041;0,0002;49,8047;9,95642;21,8;4,527777777777778;235,0;2,1;74,0;568820,5605106109;5517355,496720748;;;-0,6224932074547396;575,608154296875;6,3877716064453125;0,1705322265625;0,188156131700969;2,0
2024-07-01;5456;0,0347;0,0023;0,0072;0,0007;49,802;9,944;19,1;3,583333333333333;283,0;0,1;73,0;567930,6533392705;5517043,993212319;;;-0,2820704579353596;762,052490234375;9,2957763671875;-19,87542724609375;0,0381515292022492;10,72857142857143
2024-07-01;10645;0,0136;0,0006;0,0025;0,0001;49,782;9,932;18,9;3,5277777777777777;278,0;0,3;79,0;567094,7661046094;5514809,631751885;;;-0,1430225968361034;762,052490234375;-4,616546630859375;-38,04154968261719;0,1821644231677055;2,012325581395349
2024-07-01;13975;0,0356;0,0018;0,0085;0,0005;49,792;9,946;19,1;3,583333333333333;283,0;0,1;73,0;568088,5932671656;5515934,024955345;;;-0,1430225968360859;762,052490234375;-7,100112915039063;-11,455413818359377;0,0696085571580175;1,5199999999999998
2024-07-01;15449;0,0277;0,001;0,0057;0,0002;49,784;9,934;18,9;3,5277777777777777;278,0;0,3;79,0;567235,976097938;5515033,77807713;;;-0,1430225968360859;762,052490234375;8,532821655273438;-18,42616271972656;0,171084050503042;3,822553191489362
2024-07-01;19623;0,0232;0,0015;0,0028;0,0002;49,798;9,928;19,0;3,555555555555556;281,0;0,1;75,0;566784,8051692393;5516584,912229571;;;-0,2053692914521264;762,052490234375;-7,9800262451171875;-36,69145202636719;0,0886252300302141;3,646875
2024-07-01;25049;0,0043;0,0003;0,0007;0,0001;49,814;9,918;17,9;3,555555555555556;280,0;0,0;79,0;566043,3787976378;5518354,912347081;;;-0,2820704579353251;762,052490234375;-31,044219970703125;-60,89303588867188;0,217509622697109;4,740816326530613
2024-07-01;1;0,0291;0,0016;0,0068;0,0003;49,8047;9,95642;19,1;3,583333333333333;283,0;0,1;73,0;568820,5605106109;5517355,496720748;;;-0,327402277586472;762,052490234375;6,3877716064453125;0,1705322265625;0,188156131700969;4,5
2024-07-02;5456;0,035;0,0022;0,0072;0,0006;49,802;9,944;17,9;3,305555555555556;270,0;0,0;62,0;567930,6533392705;5517043,993212319;;;-0,6885014176369357;1098,4326171875;9,2957763671875;-19,87542724609375;0,0381515292022492;14,784166666666666
2024-07-02;10645;0,0153;0,0006;0,0025;0,0001;49,782;9,932;18,1;3,25;279,0;0,0;62,0;567094,7661046094;5514809,631751885;;;-0,1116963157595295;1098,4326171875;-4,616546630859375;-38,04154968261719;0,1821644231677055;3,3130952380952383
2024-07-02;13975;0,0361;0,0017;0,0083;0,0004;49,792;9,946;17,9;3,305555555555556;270,0;0,0;62,0;568088,5932671656;5515934,024955345;;;-0,6885014176368516;1098,4326171875;-7,100112915039063;-11,455413818359377;0,0696085571580175;3,1840425531914893
2024-07-02;15449;0,0313;0,0011;0,0065;0,0002;49,784;9,934;18,1;3,25;279,0;0,0;62,0;567235,976097938;5515033,77807713;;;-0,3127976505858408;1098,4326171875;8,532821655273438;-18,42616271972656;0,171084050503042;8,439565217391305
2024-07-02;19623;0,0244;0,0014;0,0029;0,0002;49,798;9,928;17,8;3,3888888888888884;272,0;0,2;64,0;566784,8051692393;5516584,912229571;;;-0,1297201035013604;1098,4326171875;-7,9800262451171875;-36,69145202636719;0,0886252300302141;4,969795918367347
2024-07-02;25049;0,0045;0,0003;0,0007;0,0001;49,814;9,918;16,9;3,611111111111111;265,0;0,0;66,0;566043,3787976378;5518354,912347081;;;-0,6377131154168649;1098,4326171875;-31,044219970703125;-60,89303588867188;0,217509622697109;6,965510204081633
2024-07-02;1;0,0282;0,0017;0,0063;0,0003;49,8047;9,95642;17,9;3,305555555555556;270,0;0,0;62,0;568820,5605106109;5517355,496720748;;;-0,6885014176369357;1098,4326171875;6,3877716064453125;0,1705322265625;0,188156131700969;11,0
2024-07-03;5456;0,0349;0,0024;0,0073;0,0007;49,802;9,944;18,6;2,6666666666666665;257,0;1,1;57,0;567930,6533392705;5517043,993212319;;;-0,5491077538352326;771,5989379882812;9,2957763671875;-19,87542724609375;0,0381515292022492;14,491249999999999
2024-07-03;10645;0,0136;0,0006;0,0024;0,0001;49,782;9,932;18,5;2,388888888888889;248,0;1,2;59,0;567094,7661046094;5514809,631751885;;;-0,7587375431813754;771,5989379882812;-4,616546630859375;-38,04154968261719;0,1821644231677055;2,6419047619047618
2024-07-03;13975;0,0349;0,0017;0,0087;0,0004;49,792;9,946;18,6;2,6666666666666665;257,0;1,1;57,0;568088,5932671656;5515934,024955345;;;-1,033470366439003;771,5989379882812;-7,100112915039063;-11,455413818359377;0,0696085571580175;2,2806122448979593
2024-07-03;15449;0,029;0,001;0,0071;0,0002;49,784;9,934;18,5;2,388888888888889;248,0;1,2;59,0;567235,976097938;5515033,77807713;;;-0,779876813292481;771,5989379882812;8,532821655273438;-18,42616271972656;0,171084050503042;1,5419148936170213
2024-07-03;19623;0,0243;0,0015;0,0032;0,0002;49,798;9,928;18,6;2,583333333333333;257,0;1,1;58,0;566784,8051692393;5516584,912229571;;;-0,7606304173989755;771,5989379882812;-7,9800262451171875;-36,69145202636719;0,0886252300302141;3,610208333333333
2024-07-03;25049;0,0044;0,0003;0,0007;0,0001;49,814;9,918;17,5;2,7777777777777777;255,0;1,4;63,0;566043,3787976378;5518354,912347081;;;-0,4865341791502982;771,5989379882812;-31,044219970703125;-60,89303588867188;0,217509622697109;5,033469387755102
2024-07-03;1;0,0286;0,0018;0,0065;0,0003;49,8047;9,95642;18,6;2,6666666666666665;257,0;1,1;57,0;568820,5605106109;5517355,496720748;;;-1,082311400347686;771,5989379882812;6,3877716064453125;0,1705322265625;0,188156131700969;6,5
2024-07-04;5456;0,0367;0,002;0,0077;0,0006;49,802;9,944;16,7;4,277777777777778;233,0;0,8;82,0;567930,6533392705;5517043,993212319;;;-1,271282047033429;938,6988525390624;9,2957763671875;-19,87542724609375;0,0381515292022492;12,4425
2024-07-04;10645;0,016;0,0007;0,0027;0,0001;49,782;9,932;17,1;4,611111111111112;231,0;0,8999999999999999;80,0;567094,7661046094;5514809,631751885;;;-1,2219869629680105;938,6988525390624;-4,616546630859375;-38,04154968261719;0,1821644231677055;1,0740476190476191
2024-07-04;13975;0,0382;0,0015;0,0089;0,0003;49,792;9,946;16,7;4,277777777777778;233,0;0,8;82,0;568088,5932671656;5515934,024955345;;;-1,2070365830591183;938,6988525390624;-7,100112915039063;-11,455413818359377;0,0696085571580175;0,7614285714285715
2024-07-04;15449;0,033;0,0014;0,0067;0,0003;49,784;9,934;17,1;4,611111111111112;231,0;0,8999999999999999;80,0;567235,976097938;5515033,77807713;;;-1,2883123192463397;938,6988525390624;8,532821655273438;-18,42616271972656;0,171084050503042;1,9706382978723405
2024-07-04;19623;0,0255;0,0015;0,0034;0,0002;49,798;9,928;16,9;4,166666666666667;235,0;0,8999999999999999;82,0;566784,8051692393;5516584,912229571;;;-1,3231630912620138;938,6988525390624;-7,9800262451171875;-36,69145202636719;0,0886252300302141;1,4962499999999999
2024-07-04;25049;0,0047;0,0003;0,0007;0,0001;49,814;9,918;16,1;4,722222222222222;234,0;1,0;85,0;566043,3787976378;5518354,912347081;;2,146323342098008e-05;-1,566367996926196;938,6988525390624;-31,044219970703125;-60,89303588867188;0,217509622697109;3,4553061224489796
2024-07-04;1;0,0301;0,0014;0,0068;0,0002;49,8047;9,95642;16,7;4,277777777777778;233,0;0,8;82,0;568820,5605106109;5517355,496720748;;;-1,271282047033429;938,6988525390624;6,3877716064453125;0,1705322265625;0,188156131700969;1,0
2024-07-05;5456;0,0424;0,0022;0,0097;0,0007;49,802;9,944;20,5;4,083333333333333;259,0;0,0;51,0;567930,6533392705;5517043,993212319;;;-0,8435021209956064;1590,458740234375;9,2957763671875;-19,87542724609375;0,0381515292022492;12,610624999999999
2024-07-05;10645;0,0177;0,0007;0,003;0,0001;49,782;9,932;21,0;3,9166666666666665;251,0;0,0;49,0;567094,7661046094;5514809,631751885;;;-0,8432114124298884;1590,458740234375;-4,616546630859375;-38,04154968261719;0,1821644231677055;1,7451162790697672
2024-07-05;13975;0,0456;0,0018;0,0113;0,0004;49,792;9,946;20,5;4,083333333333333;259,0;0,0;51,0;568088,5932671656;5515934,024955345;;;-0,807105672804635;1590,458740234375;-7,100112915039063;-11,455413818359377;0,0696085571580175;1,1333333333333333
2024-07-05;15449;0,0365;0,0012;0,0078;0,0002;49,784;9,934;21,0;3,9166666666666665;251,0;0,0;49,0;567235,976097938;5515033,77807713;;;-0,8432114124297854;1590,458740234375;8,532821655273438;-18,42616271972656;0,171084050503042;1,7420833333333334
2024-07-05;19623;0,03;0,0015;0,0038;0,0002;49,798;9,928;20,6;4,055555555555555;260,0;0,0;51,0;566784,8051692393;5516584,912229571;;;-0,8432114124297854;1590,458740234375;-7,9800262451171875;-36,69145202636719;0,0886252300302141;2,25125
2024-07-05;25049;0,0055;0,0003;0,0009;0,0;49,814;9,918;19,4;4,25;261,0;0,0;57,0;566043,3787976378;5518354,912347081;;;-0,6994640862178233;1590,458740234375;-31,044219970703125;-60,89303588867188;0,217509622697109;2,5064583333333332
2024-07-05;1;0,035;0,0017;0,0077;0,0003;49,8047;9,95642;20,5;4,083333333333333;259,0;0,0;51,0;568820,5605106109;5517355,496720748;;;-0,8165783876171069;1590,458740234375;6,3877716064453125;0,1705322265625;0,188156131700969;5,0
2024-07-06;5456;0,0374;0,0011;0,0086;0,0002;49,802;9,944;27,3;5,833333333333333;235,0;0,0;44,0;567930,6533392705;5517043,993212319;;;-0,0528377384400148;1060,80615234375;9,2957763671875;-19,87542724609375;0,0381515292022492;14,499166666666667
2024-07-06;10645;0,0148;0,0005;0,0023;0,0001;49,782;9,932;27,7;5,805555555555555;234,0;0,0;44,0;567094,7661046094;5514809,631751885;0,13;;0,1724409461684275;1060,80615234375;-4,616546630859375;-38,04154968261719;0,1821644231677055;2,5769767441860467
2024-07-06;13975;0,0414;0,0014;0,0107;0,0005;49,792;9,946;27,3;5,833333333333333;235,0;0,0;44,0;568088,5932671656;5515934,024955345;0,2535;;0,5063892602920387;1060,80615234375;-7,100112915039063;-11,455413818359377;0,0696085571580175;1,8277551020408165
2024-07-06;15449;0,0304;0,0009;0,0066;0,0002;49,784;9,934;27,7;5,805555555555555;234,0;0,0;44,0;567235,976097938;5515033,77807713;0,147;;0,1748463921073519;1060,80615234375;8,532821655273438;-18,42616271972656;0,171084050503042;1,6066666666666667
2024-07-06;19623;0,0247;0,0008;0,0028;0,0001;49,798;9,928;27,3;5,805555555555555;238,0;0,0;45,0;566784,8051692393;5516584,912229571;;;-0,1086865067481963;1060,80615234375;-7,9800262451171875;-36,69145202636719;0,0886252300302141;3,441632653061224
2024-07-06;25049;0,0045;0,0001;0,0007;0,0;49,814;9,918;25,9;6,111111111111111;238,0;0,0;49,0;566043,3787976378;5518354,912347081;;;-0,0790019867113123;1060,80615234375;-31,044219970703125;-60,89303588867188;0,217509622697109;3,8912244897959183
2024-07-06;1;0,0288;0,001;0,0059;0,0002;49,8047;9,95642;27,3;5,833333333333333;235,0;0,0;44,0;568820,5605106109;5517355,496720748;0,156;;-0,0520202852785635;1060,80615234375;6,3877716064453125;0,1705322265625;0,188156131700969;9,5
2024-07-07;5456;0,0274;0,0006;0,0055;0,0002;49,802;9,944;20,2;1,9166666666666667;219,0;0,0;44,0;567930,6533392705;5517043,993212319;;;-0,3797680118408068;1460,36474609375;9,2957763671875;-19,87542724609375;0,0381515292022492;10,372857142857143
2024-07-07;10645;0,0129;0,0002;0,0021;0,0;49,782;9,932;20,4;2,833333333333333;219,0;0,0;43,0;567094,7661046094;5514809,631751885;;;-0,3647598624229772;1460,36474609375;-4,616546630859375;-38,04154968261719;0,1821644231677055;1,2752380952380953
2024-07-07;13975;0,0292;0,0005;0,0071;0,0001;49,792;9,946;20,2;1,9166666666666667;219,0;0,0;44,0;568088,5932671656;5515934,024955345;;;-0,3647598624229327;1460,36474609375;-7,100112915039063;-11,455413818359377;0,0696085571580175;0,6728571428571428
2024-07-07;15449;0,0265;0,0004;0,0051;0,0001;49,784;9,934;20,4;2,833333333333333;219,0;0,0;43,0;567235,976097938;5515033,77807713;;;-0,3647598624229327;1460,36474609375;8,532821655273438;-18,42616271972656;0,171084050503042;1,0608163265306123
2024-07-07;19623;0,0211;0,0005;0,0027;0,0001;49,798;9,928;20,2;2,555555555555556;211,0;0,0;44,0;566784,8051692393;5516584,912229571;;;-0,3647598624229327;1460,36474609375;-7,9800262451171875;-36,69145202636719;0,0886252300302141;1,5136734693877552
2024-07-07;25049;0,0037;0,0001;0,0006;0,0;49,814;9,918;19,3;2,4722222222222223;207,0;0,0;47,0;566043,3787976378;5518354,912347081;;;-0,7653539776801844;1460,36474609375;-31,044219970703125;-60,89303588867188;0,217509622697109;1,623877551020408
2024-07-07;1;0,0219;0,0005;0,0046;0,0001;49,8047;9,95642;20,2;1,9166666666666667;219,0;0,0;44,0;568820,5605106109;5517355,496720748;;;-0,3952702168825672;1460,36474609375;6,3877716064453125;0,1705322265625;0,188156131700969;4,5
2024-07-08;5456;0,0336;0,0026;0,0067;0,0009;49,802;9,944;24,5;0,4166666666666666;166,0;0,0;40,0;567930,6533392705;5517043,993212319;;2,5330287371618943e-05;-0,413897946476975;1872,128662109375;9,2957763671875;-19,87542724609375;0,0381515292022492;10,164166666666667
2024-07-08;10645;0,0153;0,0007;0,0025;0,0001;49,782;9,932;24,7;2,888888888888889;194,0;0,0;40,0;567094,7661046094;5514809,631751885;;3,014604180862361e-05;-0,4682895019650896;1872,128662109375;-4,616546630859375;-38,04154968261719;0,1821644231677055;1,308095238095238
2024-07-08;13975;0,0371;0,0019;0,009;0,0004;49,792;9,946;24,5;0,4166666666666666;166,0;0,0;40,0;568088,5932671656;5515934,024955345;0,13;3,014604180861993e-05;-0,4682895019650325;1872,128662109375;-7,100112915039063;-11,455413818359377;0,0696085571580175;0,7028571428571428
2024-07-08;15449;0,031;0,0012;0,0056;0,0002;49,784;9,934;24,7;2,888888888888889;194,0;0,0;40,0;567235,976097938;5515033,77807713;;3,014604180861993e-05;-0,4682895019650325;1872,128662109375;8,532821655273438;-18,42616271972656;0,171084050503042;1,2253061224489796
2024-07-08;19623;0,0241;0,0018;0,0029;0,0002;49,798;9,928;25,0;1,5555555555555554;207,0;0,0;39,0;566784,8051692393;5516584,912229571;;2,859082293472467e-05;-0,4507240769038431;1872,128662109375;-7,9800262451171875;-36,69145202636719;0,0886252300302141;1,7328571428571429
2024-07-08;25049;0,0044;0,0003;0,0007;0,0;49,814;9,918;23,5;0,5277777777777778;248,0;0,0;46,0;566043,3787976378;5518354,912347081;;2,5330287451197607e-05;-0,4138827522751198;1872,128662109375;-31,044219970703125;-60,89303588867188;0,217509622697109;4,744081632653061
2024-07-08;1;0,0283;0,0017;0,0065;0,0002;49,8047;9,95642;24,5;0,4166666666666666;166,0;0,0;40,0;568820,5605106109;5517355,496720748;;2,673339921230344e-05;-0,4139985692026769;1872,128662109375;6,3877716064453125;0,1705322265625;0,188156131700969;5,0
2024-07-09;5456;0,0335;0,0026;0,007;0,0007;49,802;9,944;30,0;2,75;136,0;0,0;41,0;567930,6533392705;5517043,993212319;0,054;3,716659226981053e-05;-0,2289507473992568;1756,647705078125;9,2957763671875;-19,87542724609375;0,0381515292022492;10,174999999999999
2024-07-09;10645;0,0149;0,0007;0,0022;0,0001;49,782;9,932;30,4;2,7777777777777777;142,0;0,0;39,0;567094,7661046094;5514809,631751885;0,0703333333333333;2,547686563048285e-05;-0,2025127178058217;1756,647705078125;-4,616546630859375;-38,04154968261719;0,1821644231677055;2,41
2024-07-09;13975;0,0362;0,0021;0,0085;0,0004;49,792;9,946;30,0;2,75;136,0;0,0;41,0;568088,5932671656;5515934,024955345;0,084;3,017168355461761e-05;-0,199804737912506;1756,647705078125;-7,100112915039063;-11,455413818359377;0,0696085571580175;1,739387755102041
2024-07-09;15449;0,0311;0,0015;0,0064;0,0003;49,784;9,934;30,4;2,7777777777777777;142,0;0,0;39,0;567235,976097938;5515033,77807713;0,0415;2,547686563047973e-05;-0,202512717805797;1756,647705078125;8,532821655273438;-18,42616271972656;0,171084050503042;2,0847916666666664
2024-07-09;19623;0,0235;0,0018;0,0027;0,0002;49,798;9,928;30,3;2,888888888888889;136,0;0,0;40,0;566784,8051692393;5516584,912229571;0,087;3,398626312917173e-05;-0,204399143065531;1756,647705078125;-7,9800262451171875;-36,69145202636719;0,0886252300302141;3,4138775510204082
2024-07-09;25049;0,0044;0,0003;0,0007;0,0001;49,814;9,918;28,9;2,972222222222222;138,0;0,0;45,0;566043,3787976378;5518354,912347081;;3,78118886558164e-05;-0,2479455152134232;1756,647705078125;-31,044219970703125;-60,89303588867188;0,217509622697109;3,4
2024-07-09;1;0,0291;0,0018;0,0069;0,0003;49,8047;9,95642;30,0;2,75;136,0;0,0;41,0;568820,5605106109;5517355,496720748;0,123;3,357287160140203e-05;-0,2249357861358398;1756,647705078125;6,3877716064453125;0,1705322265625;0,188156131700969;8,5
2024-07-10;5456;0,034;0,0024;0,0066;0,0007;49,802;9,944;26,6;3,416666666666667;230,0;0,9;61,0;567930,6533392705;5517043,993212319;;;-0,543869763612798;698,0631713867188;9,2957763671875;-19,87542724609375;0,0381515292022492;15,3375
2024-07-10;10645;0,0153;0,0007;0,0025;0,0001;49,782;9,932;26,3;3,583333333333333;240,0;1,3;64,0;567094,7661046094;5514809,631751885;;;-0,557582363486342;698,0631713867188;-4,616546630859375;-38,04154968261719;0,1821644231677055;3,3004878048780486
2024-07-10;13975;0,037;0,0019;0,0092;0,0003;49,792;9,946;26,6;3,416666666666667;230,0;0,9;61,0;568088,5932671656;5515934,024955345;;;-0,5524296198058671;698,0631713867188;-7,100112915039063;-11,455413818359377;0,0696085571580175;2,5853061224489795
2024-07-10;15449;0,0319;0,0014;0,0064;0,0002;49,784;9,934;26,3;3,583333333333333;240,0;1,3;64,0;567235,976097938;5515033,77807713;;;-0,5508445017905437;698,0631713867188;8,532821655273438;-18,42616271972656;0,171084050503042;6,294791666666666
2024-07-10;19623;0,0247;0,0016;0,0032;0,0002;49,798;9,928;26,6;3,416666666666667;230,0;0,9;61,0;566784,8051692393;5516584,912229571;;;-0,5438697636127316;698,0631713867188;-7,9800262451171875;-36,69145202636719;0,0886252300302141;4,0687500000000005
2024-07-10;25049;0,0045;0,0003;0,0007;0,0001;49,814;9,918;25,4;3,4722222222222223;231,0;0,7;64,0;566043,3787976378;5518354,912347081;;;-0,6438333738660158;698,0631713867188;-31,044219970703125;-60,89303588867188;0,217509622697109;4,815102040816327
2024-07-10;1;0,0289;0,0018;0,0067;0,0003;49,8047;9,95642;26,6;3,416666666666667;230,0;0,9;61,0;568820,5605106109;5517355,496720748;;;-0,543869763612798;698,0631713867188;6,3877716064453125;0,1705322265625;0,188156131700969;7,5
2024-07-11;5456;0,0359;0,0026;0,0077;0,0008;49,802;9,944;25,3;1,972222222222222;246,0;4,5;61,0;567930,6533392705;5517043,993212319;;;-0,8304667862543009;1465,912353515625;9,2957763671875;-19,87542724609375;0,0381515292022492;12,539375
2024-07-11;10645;0,0163;0,0007;0,0028;0,0001;49,782;9,932;25,3;2,055555555555556;223,0;5,2;62,0;567094,7661046094;5514809,631751885;;3,067423194884164e-05;-0,98107054048525;1465,912353515625;-4,616546630859375;-38,04154968261719;0,1821644231677055;2,538333333333333
2024-07-11;13975;0,0393;0,0019;0,0094;0,0003;49,792;9,946;25,3;1,972222222222222;246,0;4,5;61,0;568088,5932671656;5515934,024955345;;;-0,1771450340747782;1465,912353515625;-7,100112915039063;-11,455413818359377;0,0696085571580175;2,3127659574468087
2024-07-11;15449;0,0334;0,0013;0,0068;0,0002;49,784;9,934;25,3;2,055555555555556;223,0;5,2;62,0;567235,976097938;5515033,77807713;;;-0,917100131511662;1465,912353515625;8,532821655273438;-18,42616271972656;0,171084050503042;3,388085106382979
2024-07-11;19623;0,0255;0,0016;0,0031;0,0002;49,798;9,928;25,3;2,0;243,0;4,800000000000001;62,0;566784,8051692393;5516584,912229571;;;-0,917100131511662;1465,912353515625;-7,9800262451171875;-36,69145202636719;0,0886252300302141;3,419375
2024-07-11;25049;0,0046;0,0003;0,0007;0,0001;49,814;9,918;23,9;2,0277777777777777;250,0;5,1;67,0;566043,3787976378;5518354,912347081;;;-0,917100131511662;1465,912353515625;-31,044219970703125;-60,89303588867188;0,217509622697109;3,892291666666667
2024-07-11;1;0,0296;0,0019;0,0068;0,0003;49,8047;9,95642;25,3;1,972222222222222;246,0;4,5;61,0;568820,5605106109;5517355,496720748;;;-0,1771450340747999;1465,912353515625;6,3877716064453125;0,1705322265625;0,188156131700969;8,0
2024-07-12;5456;0,0426;0,0021;0,009;0,0006;49,802;9,944;26,8;4,555555555555555;237,0;0,3999999999999999;58,0;567930,6533392705;5517043,993212319;;;-1,6022069454194614;1201,46875;9,2957763671875;-19,87542724609375;0,0381515292022492;11,7575
2024-07-12;10645;0,0189;0,0007;0,003;0,0001;49,782;9,932;27,2;4,75;235,0;0,3;57,0;567094,7661046094;5514809,631751885;;;-1,588323593139797;1201,46875;-4,616546630859375;-38,04154968261719;0,1821644231677055;2,477142857142857
2024-07-12;13975;0,0495;0,0019;0,0142;0,0004;49,792;9,946;26,8;4,555555555555555;237,0;0,3999999999999999;58,0;568088,5932671656;5515934,024955345;;;-1,588323593139603;1201,46875;-7,100112915039063;-11,455413818359377;0,0696085571580175;1,7785714285714287
2024-07-12;15449;0,0387;0,0013;0,0084;0,0002;49,784;9,934;27,2;4,75;235,0;0,3;57,0;567235,976097938;5515033,77807713;;;-1,588323593139603;1201,46875;8,532821655273438;-18,42616271972656;0,171084050503042;9,771666666666667
2024-07-12;19623;0,0302;0,0014;0,0038;0,0002;49,798;9,928;26,7;4,694444444444444;241,0;0,3999999999999999;60,0;566784,8051692393;5516584,912229571;;;-1,5991546420528622;1201,46875;-7,9800262451171875;-36,69145202636719;0,0886252300302141;3,31
2024-07-12;25049;0,0056;0,0002;0,0009;0,0;49,814;9,918;25,1;5,0;241,0;0,3999999999999999;67,0;566043,3787976378;5518354,912347081;;;-1,6022069454192656;1201,46875;-31,044219970703125;-60,89303588867188;0,217509622697109;3,9057142857142857
2024-07-12;1;0,0331;0,0016;0,0078;0,0003;49,8047;9,95642;26,8;4,555555555555555;237,0;0,3999999999999999;58,0;568820,5605106109;5517355,496720748;;;-1,591580516489178;1201,46875;6,3877716064453125;0,1705322265625;0,188156131700969;5,5
2024-07-13;5456;0,0367;0,001;0,0078;0,0002;49,802;9,944;21,5;3,6944444444444446;237,0;0,0;48,0;567930,6533392705;5517043,993212319;;1,7702072511960155e-05;-0,9550718124147172;1272,625;9,2957763671875;-19,87542724609375;0,0381515292022492;10,018125
2024-07-13;10645;0,0155;0,0004;0,0025;0,0;49,782;9,932;21,7;3,222222222222222;244,0;0,0;47,0;567094,7661046094;5514809,631751885;;;-0,9929476644177768;1272,625;-4,616546630859375;-38,04154968261719;0,1821644231677055;1,1674418604651164
2024-07-13;13975;0,0391;0,0012;0,0098;0,0003;49,792;9,946;21,5;3,6944444444444446;237,0;0,0;48,0;568088,5932671656;5515934,024955345;;;-0,7208056673407348;1272,625;-7,100112915039063;-11,455413818359377;0,0696085571580175;0,6365306122448979
2024-07-13;15449;0,0323;0,0007;0,0068;0,0001;49,784;9,934;21,7;3,222222222222222;244,0;0,0;47,0;567235,976097938;5515033,77807713;;;-0,9981195070827242;1272,625;8,532821655273438;-18,42616271972656;0,171084050503042;3,408958333333333
2024-07-13;19623;0,0249;0,0008;0,0033;0,0002;49,798;9,928;21,5;3,5277777777777777;241,0;0,0;48,0;566784,8051692393;5516584,912229571;;;-0,9955725913581326;1272,625;-7,9800262451171875;-36,69145202636719;0,0886252300302141;1,5524489795918366
2024-07-13;25049;0,0045;0,0001;0,0007;0,0;49,814;9,918;20,4;3,9722222222222223;242,0;0,0;51,0;566043,3787976378;5518354,912347081;;1,7702072000246918e-05;-0,9422435865903822;1272,625;-31,044219970703125;-60,89303588867188;0,217509622697109;1,6397959183673467
2024-07-13;1;0,0263;0,0009;0,0055;0,0002;49,8047;9,95642;21,5;3,6944444444444446;237,0;0,0;48,0;568820,5605106109;5517355,496720748;;;-0,3787907331603803;1272,625;6,3877716064453125;0,1705322265625;0,188156131700969;2,5
2024-07-14;5456;0,0264;0,0007;0,0054;0,0002;49,802;9,944;24,5;3,194444444444444;219,0;0,0;35,0;567930,6533392705;5517043,993212319;0,239;2,0226008473402616e-05;-0,5339909754694008;1940,503662109375;9,2957763671875;-19,87542724609375;0,0381515292022492;8,241666666666667
2024-07-14;10645;0,0128;0,0003;0,0019;0,0001;49,782;9,932;24,5;3,3888888888888884;225,0;1,2;36,0;567094,7661046094;5514809,631751885;;3,350568931637412e-05;-0,551983285695366;1940,503662109375;-4,616546630859375;-38,04154968261719;0,1821644231677055;1,1627906976744187
2024-07-14;13975;0,0312;0,0006;0,007;0,0002;49,792;9,946;24,5;3,194444444444444;219,0;0,0;35,0;568088,5932671656;5515934,024955345;0,2455;1,85015410352202e-05;-0,5950398929416963;1940,503662109375;-7,100112915039063;-11,455413818359377;0,0696085571580175;0,6191836734693877
2024-07-14;15449;0,026;0,0006;0,0051;0,0001;49,784;9,934;24,5;3,3888888888888884;225,0;1,2;36,0;567235,976097938;5515033,77807713;0,274;3,220637513703481e-05;-0,5557118585713877;1940,503662109375;8,532821655273438;-18,42616271972656;0,171084050503042;1,6847916666666667
2024-07-14;19623;0,0206;0,0006;0,003;0,0001;49,798;9,928;24,4;3,555555555555556;220,0;0,0;36,0;566784,8051692393;5516584,912229571;0,271;3,494555538803466e-05;-0,4992305137325364;1940,503662109375;-7,9800262451171875;-36,69145202636719;0,0886252300302141;1,4810416666666668
2024-07-14;25049;0,0036;0,0001;0,0006;0,0;49,814;9,918;23,3;3,75;226,0;0,0;39,0;566043,3787976378;5518354,912347081;0,248;1,9607967096060068e-05;-0,5808189598464802;1940,503662109375;-31,044219970703125;-60,89303588867188;0,217509622697109;1,4130612244897958
2024-07-14;1;0,0213;0,0005;0,0047;0,0002;49,8047;9,95642;24,5;3,194444444444444;219,0;0,0;35,0;568820,5605106109;5517355,496720748;0,2305;2,0226008473402616e-05;-0,5339909754694008;1940,503662109375;6,3877716064453125;0,1705322265625;0,188156131700969;4,0
2024-07-15;5456;0,0354;0,0022;0,0072;0,0006;49,802;9,944;27,4;1,611111111111111;97,0;0,0;41,0;567930,6533392705;5517043,993212319;;1,900295228552018e-05;-0,0786579765845163;1340,092529296875;9,2957763671875;-19,87542724609375;0,0381515292022492;10,36
2024-07-15;10645;0,015;0,0007;0,0025;0,0001;49,782;9,932;28,3;1,805555555555556;146,0;0,0;37,0;567094,7661046094;5514809,631751885;0,2135;1,7396969285594378e-05;-0,0872506235760295;1340,092529296875;-4,616546630859375;-38,04154968261719;0,1821644231677055;1,8392682926829267
2024-07-15;13975;0,0393;0,0019;0,01;0,0004;49,792;9,946;27,4;1,611111111111111;97,0;0,0;41,0;568088,5932671656;5515934,024955345;0,2175;1,7568983359816056e-05;-0,0848435180905818;1340,092529296875;-7,100112915039063;-11,455413818359377;0,0696085571580175;1,4962499999999999
2024-07-15;15449;0,0307;0,0013;0,0059;0,0003;49,784;9,934;28,3;1,805555555555556;146,0;0,0;37,0;567235,976097938;5515033,77807713;0,21;1,900295228551786e-05;-0,0786579765845067;1340,092529296875;8,532821655273438;-18,42616271972656;0,171084050503042;1,729375
2024-07-15;19623;0,0245;0,0015;0,0029;0,0003;49,798;9,928;27,7;1,5555555555555554;105,0;0,0;40,0;566784,8051692393;5516584,912229571;0,2155;1,900295228551786e-05;-0,0786579765845067;1340,092529296875;-7,9800262451171875;-36,69145202636719;0,0886252300302141;2,620416666666667
2024-07-15;25049;0,0046;0,0003;0,0008;0,0001;49,814;9,918;26,4;1,5277777777777777;101,0;0,0;45,0;566043,3787976378;5518354,912347081;;1,8970647991421063e-05;-0,0833403032303631;1340,092529296875;-31,044219970703125;-60,89303588867188;0,217509622697109;2,3587755102040817
2024-07-15;1;0,0274;0,0016;0,0067;0,0003;49,8047;9,95642;27,4;1,611111111111111;97,0;0,0;41,0;568820,5605106109;5517355,496720748;;2,1558031771730848e-05;-0,079855730671588;1340,092529296875;6,3877716064453125;0,1705322265625;0,188156131700969;10,0
2024-07-16;5456;0,0333;0,0023;0,0068;0,0006;49,802;9,944;24,7;5,0;244,0;1,9;51,0;567930,6533392705;5517043,993212319;0,383;2,547927328627898e-05;-0,7234148272546648;1423,917724609375;9,2957763671875;-19,87542724609375;0,0381515292022492;12,493125
2024-07-16;10645;0,0152;0,0007;0,0025;0,0001;49,782;9,932;25,0;4,833333333333333;240,0;1,7999999999999998;51,0;567094,7661046094;5514809,631751885;0,3;2,54792747532373e-05;-0,7127230829440827;1423,917724609375;-4,616546630859375;-38,04154968261719;0,1821644231677055;1,3304761904761906
2024-07-16;13975;0,0363;0,0023;0,0087;0,0005;49,792;9,946;24,7;5,0;244,0;1,9;51,0;568088,5932671656;5515934,024955345;0,297;;-0,3433185517787835;1423,917724609375;-7,100112915039063;-11,455413818359377;0,0696085571580175;0,7735416666666667
2024-07-16;15449;0,0316;0,0013;0,0065;0,0002;49,784;9,934;25,0;4,833333333333333;240,0;1,7999999999999998;51,0;567235,976097938;5515033,77807713;0,315;2,5479273972450027e-05;-0,7261590361594946;1423,917724609375;8,532821655273438;-18,42616271972656;0,171084050503042;3,2433333333333336
2024-07-16;19623;0,0239;0,0016;0,0032;0,0002;49,798;9,928;24,7;5,0;244,0;1,9;51,0;566784,8051692393;5516584,912229571;0,389;2,5479273972450027e-05;-0,7261590361594946;1423,917724609375;-7,9800262451171875;-36,69145202636719;0,0886252300302141;1,6810638297872342
2024-07-16;25049;0,0044;0,0003;0,0007;0,0001;49,814;9,918;23,6;5,361111111111112;243,0;2,0;54,0;566043,3787976378;5518354,912347081;;2,500211076785173e-05;-0,7287303546520124;1423,917724609375;-31,044219970703125;-60,89303588867188;0,217509622697109;1,566530612244898
2024-07-16;1;0,0276;0,0016;0,0071;0,0003;49,8047;9,95642;24,7;5,0;244,0;1,9;51,0;568820,5605106109;5517355,496720748;0,34;;-0,3433185517788254;1423,917724609375;6,3877716064453125;0,1705322265625;0,188156131700969;4,5
2024-07-17;5456;0,034;0,0026;0,0074;0,0009;49,802;9,944;24,2;3,3888888888888884;270,0;0,0;45,0;567930,6533392705;5517043,993212319;;2,460054929543051e-05;-0,9568364620209636;1666,1068115234375;9,2957763671875;-19,87542724609375;0,0381515292022492;11,774375
2024-07-17;10645;0,0155;0,0008;0,0026;0,0001;49,782;9,932;24,1;3,194444444444444;272,0;0,0;46,0;567094,7661046094;5514809,631751885;0,312;4,115419824573829e-05;-1,0286521409417042;1666,1068115234375;-4,616546630859375;-38,04154968261719;0,1821644231677055;1,0967500000000001
2024-07-17;13975;0,0377;0,0021;0,0089;0,0004;49,792;9,946;24,2;3,3888888888888884;270,0;0,0;45,0;568088,5932671656;5515934,024955345;0,319;4,187040394754029e-05;-1,0158071517944045;1666,1068115234375;-7,100112915039063;-11,455413818359377;0,0696085571580175;0,6072916666666667
2024-07-17;15449;0,032;0,0016;0,0067;0,0002;49,784;9,934;24,1;3,194444444444444;272,0;0,0;46,0;567235,976097938;5515033,77807713;0,344;4,179003195868786e-05;-1,01553268843792;1666,1068115234375;8,532821655273438;-18,42616271972656;0,171084050503042;2,054375
2024-07-17;19623;0,0249;0,0018;0,0032;0,0003;49,798;9,928;24,4;3,416666666666667;273,0;0,0;45,0;566784,8051692393;5516584,912229571;0,343;2,4600548526971984e-05;-0,9494655323312696;1666,1068115234375;-7,9800262451171875;-36,69145202636719;0,0886252300302141;1,4468750000000001
2024-07-17;25049;0,0045;0,0003;0,0007;0,0001;49,814;9,918;23,1;3,6944444444444446;273,0;0,0;49,0;566043,3787976378;5518354,912347081;;2,4600549295427504e-05;-0,9568364620208466;1666,1068115234375;-31,044219970703125;-60,89303588867188;0,217509622697109;1,390408163265306
2024-07-17;1;0,0252;0,0017;0,0058;0,0003;49,8047;9,95642;24,2;3,3888888888888884;270,0;0,0;45,0;568820,5605106109;5517355,496720748;;2,460054929543051e-05;-0,9568364620209636;1666,1068115234375;6,3877716064453125;0,1705322265625;0,188156131700969;5,0
2024-07-18;5456;0,0339;0,0025;0,0075;0,0009;49,802;9,944;25,9;2,7777777777777777;69,0;0,0;41,0;567930,6533392705;5517043,993212319;;3,114211722277396e-05;-0,7370637655258868;1648,221435546875;9,2957763671875;-19,87542724609375;0,0381515292022492;10,251041666666667
2024-07-18;10645;0,0159;0,0008;0,0027;0,0001;49,782;9,932;26,3;2,638888888888889;65,0;0,0;41,0;567094,7661046094;5514809,631751885;;2,8282410860884795e-05;-0,7313330369678894;1648,221435546875;-4,616546630859375;-38,04154968261719;0,1821644231677055;1,450238095238095
2024-07-18;13975;0,0389;0,0023;0,0092;0,0005;49,792;9,946;25,9;2,7777777777777777;69,0;0,0;41,0;568088,5932671656;5515934,024955345;;3,0313628487280582e-05;-0,735403533581393;1648,221435546875;-7,100112915039063;-11,455413818359377;0,0696085571580175;0,7726530612244897
2024-07-18;15449;0,0327;0,0014;0,0064;0,0002;49,784;9,934;26,3;2,638888888888889;65,0;0,0;41,0;567235,976097938;5515033,77807713;0,294;3,1142117222770154e-05;-0,7370637655257968;1648,221435546875;8,532821655273438;-18,42616271972656;0,171084050503042;2,174166666666667
2024-07-18;19623;0,0241;0,0016;0,0033;0,0002;49,798;9,928;26,2;2,75;71,0;0,0;41,0;566784,8051692393;5516584,912229571;0,27;3,1142117222770154e-05;-0,7370637655257968;1648,221435546875;-7,9800262451171875;-36,69145202636719;0,0886252300302141;1,8591666666666666
2024-07-18;25049;0,0045;0,0003;0,0007;0,0001;49,814;9,918;24,9;2,805555555555556;73,0;0,0;46,0;566043,3787976378;5518354,912347081;;3,1142117222770154e-05;-0,7370637655257968;1648,221435546875;-31,044219970703125;-60,89303588867188;0,217509622697109;1,7726530612244897
2024-07-18;1;0,0277;0,0017;0,0069;0,0003;49,8047;9,95642;25,9;2,7777777777777777;69,0;0,0;41,0;568820,5605106109;5517355,496720748;0,292;3,322613826296423e-05;-0,7269228421715438;1648,221435546875;6,3877716064453125;0,1705322265625;0,188156131700969;10,0
2024-07-19;5456;0,0412;0,0022;0,0089;0,0007;49,802;9,944;28,4;2,2777777777777777;67,0;0,0;43,0;567930,6533392705;5517043,993212319;;3,044150179266907e-05;-0,6386186281808617;2116,802978515625;9,2957763671875;-19,87542724609375;0,0381515292022492;9,364791666666667
2024-07-19;10645;0,018;0,0008;0,0027;0,0001;49,782;9,932;28,7;1,972222222222222;66,0;0,0;43,0;567094,7661046094;5514809,631751885;;3,1938205211193495e-05;-0,4917826801538927;2116,802978515625;-4,616546630859375;-38,04154968261719;0,1821644231677055;2,3688372093023258
2024-07-19;13975;0,0457;0,0022;0,0116;0,0005;49,792;9,946;28,4;2,2777777777777777;67,0;0,0;43,0;568088,5932671656;5515934,024955345;;3,193820521118959e-05;-0,4917826801538327;2116,802978515625;-7,100112915039063;-11,455413818359377;0,0696085571580175;2,32468085106383
2024-07-19;15449;0,0367;0,0016;0,0076;0,0003;49,784;9,934;28,7;1,972222222222222;66,0;0,0;43,0;567235,976097938;5515033,77807713;0,212;3,193820521118959e-05;-0,4917826801538327;2116,802978515625;8,532821655273438;-18,42616271972656;0,171084050503042;2,2126829268292685
2024-07-19;19623;0,03;0,0016;0,0038;0,0002;49,798;9,928;28,6;2,2222222222222223;72,0;0,0;43,0;566784,8051692393;5516584,912229571;;3,193820521118959e-05;-0,4917826801538327;2116,802978515625;-7,9800262451171875;-36,69145202636719;0,0886252300302141;3,1336734693877553
2024-07-19;25049;0,0056;0,0003;0,0009;0,0;49,814;9,918;27,4;2,1944444444444446;74,0;0,0;46,0;566043,3787976378;5518354,912347081;;3,044169542766049e-05;-0,6785422358240217;2116,802978515625;-31,044219970703125;-60,89303588867188;0,217509622697109;3,5181632653061223
2024-07-19;1;0,0333;0,0014;0,008;0,0002;49,8047;9,95642;28,4;2,2777777777777777;67,0;0,0;43,0;568820,5605106109;5517355,496720748;;3,0441501827067804e-05;-0,6534668768422195;2116,802978515625;6,3877716064453125;0,1705322265625;0,188156131700969;10,0
2024-07-20;5456;0,033;0,0011;0,0074;0,0003;49,802;9,944;30,6;1,75;149,0;0,0;35,0;567930,6533392705;5517043,993212319;;2,3282267850906943e-05;-0,6701165688496646;1688,6781005859375;9,2957763671875;-19,87542724609375;0,0381515292022492;8,95122448979592
2024-07-20;10645;0,0143;0,0004;0,0021;0,0001;49,782;9,932;30,9;2,1666666666666665;167,0;0,0;35,0;567094,7661046094;5514809,631751885;0,464;2,9726206776106714e-05;-0,7164251655340865;1688,6781005859375;-4,616546630859375;-38,04154968261719;0,1821644231677055;3,8683720930232557
2024-07-20;13975;0,0357;0,0011;0,0094;0,0003;49,792;9,946;30,6;1,75;149,0;0,0;35,0;568088,5932671656;5515934,024955345;0,463;2,972620677610308e-05;-0,716425165533999;1688,6781005859375;-7,100112915039063;-11,455413818359377;0,0696085571580175;3,510408163265306
2024-07-20;15449;0,0287;0,0008;0,0058;0,0001;49,784;9,934;30,9;2,1666666666666665;167,0;0,0;35,0;567235,976097938;5515033,77807713;0,43;2,972620677610308e-05;-0,716425165533999;1688,6781005859375;8,532821655273438;-18,42616271972656;0,171084050503042;3,410625
2024-07-20;19623;0,0241;0,0009;0,0034;0,0001;49,798;9,928;30,9;1,972222222222222;165,0;0,0;34,0;566784,8051692393;5516584,912229571;0,429;2,729289036808044e-05;-0,7028818594618761;1688,6781005859375;-7,9800262451171875;-36,69145202636719;0,0886252300302141;5,279591836734694
2024-07-20;25049;0,0043;0,0001;0,0007;0,0;49,814;9,918;29,5;1,8333333333333333;167,0;0,0;39,0;566043,3787976378;5518354,912347081;;2,2766731490264e-05;-0,6569677442312053;1688,6781005859375;-31,044219970703125;-60,89303588867188;0,217509622697109;5,590416666666666
2024-07-20;1;0,0147;0,0006;0,0027;0,0002;49,8047;9,95642;30,6;1,75;149,0;0,0;35,0;568820,5605106109;5517355,496720748;0,446;2,5361716263123008e-05;-0,7263987735633161;1688,6781005859375;6,3877716064453125;0,1705322265625;0,188156131700969;14,0
2024-07-21;5456;0,0258;0,0006;0,0049;0,0001;49,802;9,944;26,5;1,8888888888888888;273,0;0,0;62,0;567930,6533392705;5517043,993212319;;4,077862831764305e-05;-1,206394677478481;1269,5911865234375;9,2957763671875;-19,87542724609375;0,0381515292022492;14,100416666666668
2024-07-21;10645;0,0124;0,0003;0,0018;0,0001;49,782;9,932;27,0;1,7222222222222223;277,0;0,0;61,0;567094,7661046094;5514809,631751885;0,249;4,077862831764305e-05;-1,0396345973024586;1269,5911865234375;-4,616546630859375;-38,04154968261719;0,1821644231677055;6,9113953488372095
2024-07-21;13975;0,031;0,0008;0,0069;0,0003;49,792;9,946;26,5;1,8888888888888888;273,0;0,0;62,0;568088,5932671656;5515934,024955345;0,252;4,077862831763807e-05;-1,1664465665816928;1269,5911865234375;-7,100112915039063;-11,455413818359377;0,0696085571580175;6,900408163265306
2024-07-21;15449;0,0254;0,0005;0,0047;0,0002;49,784;9,934;27,0;1,7222222222222223;277,0;0,0;61,0;567235,976097938;5515033,77807713;0,242;4,077862831763807e-05;-1,160936444591344;1269,5911865234375;8,532821655273438;-18,42616271972656;0,171084050503042;4,917291666666666
2024-07-21;19623;0,0204;0,0005;0,0028;0,0001;49,798;9,928;26,6;1,805555555555556;276,0;0,0;61,0;566784,8051692393;5516584,912229571;0,241;3,639747823653839e-05;-1,1762584498870614;1269,5911865234375;-7,9800262451171875;-36,69145202636719;0,0886252300302141;9,251276595744681
2024-07-21;25049;0,0034;0,0001;0,0005;0,0;49,814;9,918;25,3;1,805555555555556;273,0;0,0;66,0;566043,3787976378;5518354,912347081;;3,556213462237787e-05;-1,3237333267136622;1269,5911865234375;-31,044219970703125;-60,89303588867188;0,217509622697109;11,9868
2024-07-21;1;0,0208;0,0005;0,0045;0,0002;49,8047;9,95642;26,5;1,8888888888888888;273,0;0,0;62,0;568820,5605106109;5517355,496720748;0,257;4,077862831764305e-05;-1,166446566581835;1269,5911865234375;6,3877716064453125;0,1705322265625;0,188156131700969;11,0
2024-07-22;5456;0,0353;0,0025;0,0072;0,0008;49,802;9,944;24,8;3,611111111111111;276,0;0,0;55,0;567930,6533392705;5517043,993212319;;;-0,5679435729980999;1196,60546875;9,2957763671875;-19,87542724609375;0,0381515292022492;12,695833333333333
2024-07-22;10645;0,0139;0,0006;0,0025;0,0001;49,782;9,932;25,0;3,1111111111111107;266,0;0,0;56,0;567094,7661046094;5514809,631751885;;3,8859470805622544e-05;-1,0739977359772732;1196,60546875;-4,616546630859375;-38,04154968261719;0,1821644231677055;2,6439534883720928
2024-07-22;13975;0,0375;0,002;0,0099;0,0004;49,792;9,946;24,8;3,611111111111111;276,0;0,0;55,0;568088,5932671656;5515934,024955345;;3,838630235113723e-05;-0,8450357877763283;1196,60546875;-7,100112915039063;-11,455413818359377;0,0696085571580175;2,076734693877551
2024-07-22;15449;0,0293;0,0012;0,0069;0,0002;49,784;9,934;25,0;3,1111111111111107;266,0;0,0;56,0;567235,976097938;5515033,77807713;;3,885947111755357e-05;-0,6846813625518895;1196,60546875;8,532821655273438;-18,42616271972656;0,171084050503042;3,7062500000000003
2024-07-22;19623;0,0234;0,0017;0,0027;0,0003;49,798;9,928;24,7;3,611111111111111;276,0;0,0;56,0;566784,8051692393;5516584,912229571;;;-0,5679435729980306;1196,60546875;-7,9800262451171875;-36,69145202636719;0,0886252300302141;3,7173469387755103
2024-07-22;25049;0,0044;0,0003;0,0007;0,0001;49,814;9,918;23,2;3,7222222222222223;278,0;0,0;62,0;566043,3787976378;5518354,912347081;;;-0,5679435729980306;1196,60546875;-31,044219970703125;-60,89303588867188;0,217509622697109;4,4593617021276595
2024-07-22;1;0,0278;0,0017;0,0069;0,0003;49,8047;9,95642;24,8;3,611111111111111;276,0;0,0;55,0;568820,5605106109;5517355,496720748;;;-0,4465091353864195;1196,60546875;6,3877716064453125;0,1705322265625;0,188156131700969;2,5
2024-07-23;5456;0,0272;0,0023;0,0073;0,0009;49,802;9,944;24,2;4,333333333333333;244,0;0,0;48,0;567930,6533392705;5517043,993212319;;;-1,2619173502726464;1711,425048828125;9,2957763671875;-19,87542724609375;0,0381515292022492;14,26375
2024-07-23;10645;0,0153;0,0007;0,0026;0,0001;49,782;9,932;24,4;3,3888888888888884;246,0;0,0;50,0;567094,7661046094;5514809,631751885;;;-2,062889814377024;1711,425048828125;-4,616546630859375;-38,04154968261719;0,1821644231677055;1,9004999999999999
2024-07-23;13975;0,0356;0,0019;0,0088;0,0004;49,792;9,946;24,2;4,333333333333333;244,0;0,0;48,0;568088,5932671656;5515934,024955345;;;-1,699285984039258;1711,425048828125;-7,100112915039063;-11,455413818359377;0,0696085571580175;1,1969387755102041
2024-07-23;15449;0,0329;0,0013;0,0072;0,0002;49,784;9,934;24,4;3,3888888888888884;246,0;0,0;50,0;567235,976097938;5515033,77807713;;;-1,9343649786187933;1711,425048828125;8,532821655273438;-18,42616271972656;0,171084050503042;2,3365306122448977
2024-07-23;19623;0,0236;0,0016;0,003;0,0002;49,798;9,928;24,1;3,888888888888889;247,0;0,0;50,0;566784,8051692393;5516584,912229571;;;-1,4519510269164624;1711,425048828125;-7,9800262451171875;-36,69145202636719;0,0886252300302141;2,4306122448979592
2024-07-23;25049;0,0042;0,0003;0,0007;0,0001;49,814;9,918;22,9;3,888888888888889;247,0;0,0;55,0;566043,3787976378;5518354,912347081;;;-1,3184372530375783;1711,425048828125;-31,044219970703125;-60,89303588867188;0,217509622697109;2,773877551020408
2024-07-23;1;0,0261;0,0018;0,0065;0,0003;49,8047;9,95642;24,2;4,333333333333333;244,0;0,0;48,0;568820,5605106109;5517355,496720748;;;-1,260251998901485;1711,425048828125;6,3877716064453125;0,1705322265625;0,188156131700969;5,5
2024-07-24;5456;0,0332;0,0022;0,0075;0,0007;49,802;9,944;21,5;3,5;290,0;0,0;57,0;567930,6533392705;5517043,993212319;;2,996944203914889e-05;0,8501045329297611;1218,593017578125;9,2957763671875;-19,87542724609375;0,0381515292022492;15,144166666666665
2024-07-24;10645;0,0147;0,0006;0,0027;0,0001;49,782;9,932;21,8;3,3611111111111107;280,0;0,0;56,0;567094,7661046094;5514809,631751885;;4,5115230022933824e-05;0,9109925180674452;1218,593017578125;-4,616546630859375;-38,04154968261719;0,1821644231677055;3,4080952380952376
2024-07-24;13975;0,0375;0,0019;0,0096;0,0004;49,792;9,946;21,5;3,5;290,0;0,0;57,0;568088,5932671656;5515934,024955345;;4,511523002292832e-05;0,7644992992281695;1218,593017578125;-7,100112915039063;-11,455413818359377;0,0696085571580175;2,8818367346938776
2024-07-24;15449;0,0313;0,0012;0,0073;0,0003;49,784;9,934;21,8;3,3611111111111107;280,0;0,0;56,0;567235,976097938;5515033,77807713;;4,511523002292832e-05;0,9109925180673338;1218,593017578125;8,532821655273438;-18,42616271972656;0,171084050503042;2,4304166666666664
2024-07-24;19623;0,0239;0,0016;0,003;0,0003;49,798;9,928;21,3;3,6944444444444446;289,0;0,0;58,0;566784,8051692393;5516584,912229571;;4,173711062427228e-05;0,9341806851332222;1218,593017578125;-7,9800262451171875;-36,69145202636719;0,0886252300302141;4,700816326530612
2024-07-24;25049;0,0044;0,0003;0,0007;0,0;49,814;9,918;20,1;3,7222222222222223;290,0;0,0;63,0;566043,3787976378;5518354,912347081;;2,996944203914523e-05;0,935418701784611;1218,593017578125;-31,044219970703125;-60,89303588867188;0,217509622697109;6,692244897959184
2024-07-24;1;0,0266;0,0019;0,0065;0,0004;49,8047;9,95642;21,5;3,5;290,0;0,0;57,0;568820,5605106109;5517355,496720748;;2,996944203914889e-05;0,8213522974990292;1218,593017578125;6,3877716064453125;0,1705322265625;0,188156131700969;6,5
2024-07-25;5456;0,0347;0,0026;0,008;0,0009;49,802;9,944;24,5;1,1111111111111112;63,0;0,0;43,0;567930,6533392705;5517043,993212319;;3,838416887447597e-05;-0,6400060802698734;1538,73681640625;9,2957763671875;-19,87542724609375;0,0381515292022492;13,389791666666667
2024-07-25;10645;0,0153;0,0008;0,0025;0,0001;49,782;9,932;24,7;1,1111111111111112;100,0;0,0;41,0;567094,7661046094;5514809,631751885;;3,174282629521382e-05;-0,6568014240570207;1538,73681640625;-4,616546630859375;-38,04154968261719;0,1821644231677055;2,4778571428571428
2024-07-25;13975;0,0398;0,0023;0,0107;0,0005;49,792;9,946;24,5;1,1111111111111112;63,0;0,0;43,0;568088,5932671656;5515934,024955345;0,488;3,838416887447128e-05;-0,6046744079376005;1538,73681640625;-7,100112915039063;-11,455413818359377;0,0696085571580175;1,6679591836734695
2024-07-25;15449;0,0317;0,0016;0,0066;0,0003;49,784;9,934;24,7;1,1111111111111112;100,0;0,0;41,0;567235,976097938;5515033,77807713;;3,66510686782276e-05;-0,6328339576531556;1538,73681640625;8,532821655273438;-18,42616271972656;0,171084050503042;1,5962500000000002
2024-07-25;19623;0,0242;0,0015;0,0034;0,0002;49,798;9,928;24,5;0,8333333333333333;14,0;0,0;42,0;566784,8051692393;5516584,912229571;;3,710457766905627e-05;-0,6373052484598798;1538,73681640625;-7,9800262451171875;-36,69145202636719;0,0886252300302141;3,0054166666666666
2024-07-25;25049;0,0044;0,0003;0,0007;0,0001;49,814;9,918;23,2;1,0;6,0;0,0;46,0;566043,3787976378;5518354,912347081;;3,838416887447128e-05;-0,6400060802697952;1538,73681640625;-31,044219970703125;-60,89303588867188;0,217509622697109;3,3987755102040813
2024-07-25;1;0,0277;0,0017;0,0067;0,0003;49,8047;9,95642;24,5;1,1111111111111112;63,0;0,0;43,0;568820,5605106109;5517355,496720748;;3,838416887447597e-05;-0,6400060802698734;1538,73681640625;6,3877716064453125;0,1705322265625;0,188156131700969;7,5
2024-07-26;5456;0,0418;0,002;0,0086;0,0006;49,802;9,944;20,0;1,1944444444444444;312,0;1,4;78,0;567930,6533392705;5517043,993212319;;;-0,5999263674021328;1033,26806640625;9,2957763671875;-19,87542724609375;0,0381515292022492;16,76125
2024-07-26;10645;0,0186;0,0007;0,0032;0,0001;49,782;9,932;20,6;1,3055555555555556;279,0;1,4;78,0;567094,7661046094;5514809,631751885;;;-0,602609828114566;1033,26806640625;-4,616546630859375;-38,04154968261719;0,1821644231677055;5,0911904761904765
2024-07-26;13975;0,0483;0,0019;0,0143;0,0004;49,792;9,946;20,0;1,1944444444444444;312,0;1,4;78,0;568088,5932671656;5515934,024955345;;;-0,6026098281144923;1033,26806640625;-7,100112915039063;-11,455413818359377;0,0696085571580175;4,377291666666666
2024-07-26;15449;0,0378;0,0015;0,0079;0,0005;49,784;9,934;20,6;1,3055555555555556;279,0;1,4;78,0;567235,976097938;5515033,77807713;;;-0,6007309642539953;1033,26806640625;8,532821655273438;-18,42616271972656;0,171084050503042;4,173265306122449
2024-07-26;19623;0,0295;0,0015;0,0029;0,0002;49,798;9,928;20,0;1,1388888888888888;315,0;1,4;81,0;566784,8051692393;5516584,912229571;;;-0,5999263674020595;1033,26806640625;-7,9800262451171875;-36,69145202636719;0,0886252300302141;6,703333333333333
2024-07-26;25049;0,0056;0,0002;0,0009;0,0;49,814;9,918;18,9;0,8611111111111112;324,0;1,8;86,0;566043,3787976378;5518354,912347081;;;-0,5126843044369059;1033,26806640625;-31,044219970703125;-60,89303588867188;0,217509622697109;8,9375
2024-07-26;1;0,0338;0,0016;0,0082;0,0003;49,8047;9,95642;20,0;1,1944444444444444;312,0;1,4;78,0;568820,5605106109;5517355,496720748;;;-0,5957407386950792;1033,26806640625;6,3877716064453125;0,1705322265625;0,188156131700969;10,5
2024-07-27;5456;0,0382;0,0012;0,0101;0,0004;49,802;9,944;23,7;1,6944444444444442;267,0;29,9;70,0;567930,6533392705;5517043,993212319;;;-0,8974165320397263;1118,7855224609375;9,2957763671875;-19,87542724609375;0,0381515292022492;12,20857142857143
2024-07-27;10645;0,0146;0,0004;0,0029;0,0001;49,782;9,932;24,3;1,805555555555556;251,0;24,8;68,0;567094,7661046094;5514809,631751885;;;-1,1917775184976953;1118,7855224609375;-4,616546630859375;-38,04154968261719;0,1821644231677055;2,034418604651163
2024-07-27;13975;0,0353;0,001;0,0083;0,0002;49,792;9,946;23,7;1,6944444444444442;267,0;29,9;70,0;568088,5932671656;5515934,024955345;;;-1,186072349548306;1118,7855224609375;-7,100112915039063;-11,455413818359377;0,0696085571580175;1,523265306122449
2024-07-27;15449;0,0305;0,0006;0,0065;0,0001;49,784;9,934;24,3;1,805555555555556;251,0;24,8;68,0;567235,976097938;5515033,77807713;;;-1,186072349548306;1118,7855224609375;8,532821655273438;-18,42616271972656;0,171084050503042;7,050000000000001
2024-07-27;19623;0,0238;0,0008;0,003;0,0002;49,798;9,928;23,6;1,6944444444444442;267,0;30,4;72,0;566784,8051692393;5516584,912229571;;;-1,0599559485662375;1118,7855224609375;-7,9800262451171875;-36,69145202636719;0,0886252300302141;2,656938775510204
2024-07-27;25049;0,0044;0,0001;0,0007;0,0;49,814;9,918;22,5;1,5;262,0;33,3;77,0;566043,3787976378;5518354,912347081;;;-0,8974165320396166;1118,7855224609375;-31,044219970703125;-60,89303588867188;0,217509622697109;3,3600000000000003
2024-07-27;1;0,0271;0,0009;0,0056;0,0002;49,8047;9,95642;23,7;1,6944444444444442;267,0;29,9;70,0;568820,5605106109;5517355,496720748;;;-0,8974165320397263;1118,7855224609375;6,3877716064453125;0,1705322265625;0,188156131700969;6,5
2024-07-28;5456;0,0265;0,0007;0,0054;0,0002;49,802;9,944;22,1;2,833333333333333;321,0;1,3;50,0;567930,6533392705;5517043,993212319;;2,3684485364458503e-05;-1,2276619572812453;1548,15771484375;9,2957763671875;-19,87542724609375;0,0381515292022492;11,758958333333332
2024-07-28;10645;0,0116;0,0003;0,0018;0,0;49,782;9,932;22,3;3,25;313,0;1,4;51,0;567094,7661046094;5514809,631751885;0,425;2,122162004525506e-05;-1,1735407114030028;1548,15771484375;-4,616546630859375;-38,04154968261719;0,1821644231677055;4,423809523809524
2024-07-28;13975;0,0294;0,0006;0,0066;0,0002;49,792;9,946;22,1;2,833333333333333;321,0;1,3;50,0;568088,5932671656;5515934,024955345;0,426;2,5444296625209244e-05;-1,2121133804320945;1548,15771484375;-7,100112915039063;-11,455413818359377;0,0696085571580175;4,084897959183674
2024-07-28;15449;0,0239;0,0006;0,0048;0,0001;49,784;9,934;22,3;3,25;313,0;1,4;51,0;567235,976097938;5515033,77807713;0,499;2,122162004525247e-05;-1,1735407114028595;1548,15771484375;8,532821655273438;-18,42616271972656;0,171084050503042;3,1972340425531915
2024-07-28;19623;0,0203;0,0006;0,0027;0,0001;49,798;9,928;22,1;2,75;314,0;1,4;52,0;566784,8051692393;5516584,912229571;;2,122162004525247e-05;-1,1735407114028595;1548,15771484375;-7,9800262451171875;-36,69145202636719;0,0886252300302141;6,083125
2024-07-28;25049;0,0033;0,0001;0,0006;0,0;49,814;9,918;21,2;2,972222222222222;318,0;1,4;54,0;566043,3787976378;5518354,912347081;;2,8364298814339945e-05;-1,2811725650926622;1548,15771484375;-31,044219970703125;-60,89303588867188;0,217509622697109;9,015
2024-07-28;1;0,0206;0,0004;0,0044;0,0001;49,8047;9,95642;22,1;2,833333333333333;321,0;1,3;50,0;568820,5605106109;5517355,496720748;;2,5361761196702834e-05;-1,2137949281012663;1548,15771484375;6,3877716064453125;0,1705322265625;0,188156131700969;7,0
2024-07-29;5456;0,026;0,0017;0,0068;0,0004;49,802;9,944;25,1;2,2222222222222223;85,0;0,0;43,0;567930,6533392705;5517043,993212319;0,237;2,973595655930972e-05;0,0036255270242694;1504,335693359375;9,2957763671875;-19,87542724609375;0,0381515292022492;9,748775510204082
2024-07-29;10645;0,0147;0,0008;0,0024;0,0001;49,782;9,932;25,2;1,972222222222222;75,0;0,0;44,0;567094,7661046094;5514809,631751885;0,139;2,973595655930972e-05;0,0036255270242694;1504,335693359375;-4,616546630859375;-38,04154968261719;0,1821644231677055;2,07025
2024-07-29;13975;0,0362;0,0022;0,0089;0,0005;49,792;9,946;25,1;2,2222222222222223;85,0;0,0;43,0;568088,5932671656;5515934,024955345;0,1515;2,9735956559306088e-05;0,0036255270242689;1504,335693359375;-7,100112915039063;-11,455413818359377;0,0696085571580175;1,2704166666666665
2024-07-29;15449;0,0325;0,0018;0,0079;0,0005;49,784;9,934;25,2;1,972222222222222;75,0;0,0;44,0;567235,976097938;5515033,77807713;0,062;2,9735956559306088e-05;0,0036255270242689;1504,335693359375;8,532821655273438;-18,42616271972656;0,171084050503042;1,1641666666666668
2024-07-29;19623;0,0218;0,0015;0,0026;0,0002;49,798;9,928;25,3;2,1944444444444446;87,0;0,0;43,0;566784,8051692393;5516584,912229571;0,188;2,988573286738404e-05;-0,0002943313474443;1504,335693359375;-7,9800262451171875;-36,69145202636719;0,0886252300302141;2,6361224489795916
2024-07-29;25049;0,0037;0,0002;0,0007;0,0;49,814;9,918;24,2;2,305555555555556;88,0;0,0;48,0;566043,3787976378;5518354,912347081;;3,156652526899423e-05;-0,0575196057740765;1504,335693359375;-31,044219970703125;-60,89303588867188;0,217509622697109;2,829795918367347
2024-07-29;1;0,0242;0,0015;0,0062;0,0003;49,8047;9,95642;25,1;2,2222222222222223;85,0;0,0;43,0;568820,5605106109;5517355,496720748;0,1735;2,973595655930972e-05;0,0036255270242694;1504,335693359375;6,3877716064453125;0,1705322265625;0,188156131700969;7,0
2024-07-30;5456;0,0316;0,0024;0,0076;0,0009;49,802;9,944;28,4;2,611111111111111;148,0;0,0;39,0;567930,6533392705;5517043,993212319;0,217;;0,0;1007,8705444335938;9,2957763671875;-19,87542724609375;0,0381515292022492;10,266304347826088
2024-07-30;10645;0,0151;0,0008;0,0024;0,0001;49,782;9,932;28,7;2,638888888888889;151,0;0,0;39,0;567094,7661046094;5514809,631751885;0,195;;0,0;1007,8705444335938;-4,616546630859375;-38,04154968261719;0,1821644231677055;3,116341463414634
2024-07-30;13975;0,0353;0,0018;0,0086;0,0004;49,792;9,946;28,4;2,611111111111111;148,0;0,0;39,0;568088,5932671656;5515934,024955345;0,1955;;0,0;1007,8705444335938;-7,100112915039063;-11,455413818359377;0,0696085571580175;2,396060606060606
2024-07-30;15449;0,0332;0,0019;0,0082;0,0006;49,784;9,934;28,7;2,638888888888889;151,0;0,0;39,0;567235,976097938;5515033,77807713;0,2015;;0,0;1007,8705444335938;8,532821655273438;-18,42616271972656;0,171084050503042;1,6997142857142857
2024-07-30;19623;0,0205;0,0012;0,0031;0,0002;49,798;9,928;28,6;2,694444444444444;149,0;0,0;39,0;566784,8051692393;5516584,912229571;0,214;;0,0;1007,8705444335938;-7,9800262451171875;-36,69145202636719;0,0886252300302141;4,1825
2024-07-30;25049;0,0041;0,0003;0,0007;0,0001;49,814;9,918;27,4;2,7777777777777777;150,0;0,0;42,0;566043,3787976378;5518354,912347081;0,215;;0,0;1007,8705444335938;-31,044219970703125;-60,89303588867188;0,217509622697109;4,511142857142857
2024-07-30;1;0,0258;0,0018;0,0064;0,0003;49,8047;9,95642;28,4;2,611111111111111;148,0;0,0;39,0;568820,5605106109;5517355,496720748;0,1975;;0,0;1007,8705444335938;6,3877716064453125;0,1705322265625;0,188156131700969;12,0
2024-07-31;5456;0,0349;0,0026;0,0074;0,0008;49,802;9,944;31,3;0,0;180,0;0,0;38,0;567930,6533392705;5517043,993212319;0,33;4,032026211394863e-05;-0,1828418019425351;1378,44287109375;9,2957763671875;-19,87542724609375;0,0381515292022492;11,38488888888889
2024-07-31;10645;0,0149;0,0007;0,0025;0,0001;49,782;9,932;31,5;0,6388888888888888;219,0;0,0;38,0;567094,7661046094;5514809,631751885;0,249;3,585741615097839e-05;-0,1657265998074008;1378,44287109375;-4,616546630859375;-38,04154968261719;0,1821644231677055;4,1780487804878055
2024-07-31;13975;0,0364;0,0018;0,0085;0,0004;49,792;9,946;31,3;0,0;180,0;0,0;38,0;568088,5932671656;5515934,024955345;0,261;3,307928718276554e-05;-0,0971859926958449;1378,44287109375;-7,100112915039063;-11,455413818359377;0,0696085571580175;4,066666666666666
2024-07-31;15449;0,0319;0,0014;0,0075;0,0003;49,784;9,934;31,5;0,6388888888888888;219,0;0,0;38,0;567235,976097938;5515033,77807713;0,265;3,585741615097401e-05;-0,1657265998073806;1378,44287109375;8,532821655273438;-18,42616271972656;0,171084050503042;3,3635294117647057
2024-07-31;19623;0,0243;0,0016;0,0029;0,0002;49,798;9,928;31,5;0,5277777777777778;248,0;0,0;37,0;566784,8051692393;5516584,912229571;0,303;3,585753640435692e-05;-0,1657270609841606;1378,44287109375;-7,9800262451171875;-36,69145202636719;0,0886252300302141;5,77
2024-07-31;25049;0,0044;0,0003;0,0008;0,0001;49,814;9,918;30,1;0,6111111111111112;270,0;0,0;42,0;566043,3787976378;5518354,912347081;;3,976870447299048e-05;-0,1944547322083127;1378,44287109375;-31,044219970703125;-60,89303588867188;0,217509622697109;6,429473684210526
2024-07-31;1;0,0275;0,0017;0,0068;0,0003;49,8047;9,95642;31,3;0,0;180,0;0,0;38,0;568820,5605106109;5517355,496720748;0,323;3,2381560181538445e-05;-0,1071454100540137;1378,44287109375;6,3877716064453125;0,1705322265625;0,188156131700969;10,5
2024-08-01;5456;0,0357;0,0023;0,0079;0,0008;49,802;9,944;28,2;0,6388888888888888;129,0;0,0;53,0;567930,6533392705;5517043,993212319;;;-0,7189537083907757;411,7965087890625;9,2957763671875;-19,87542724609375;0,0381515292022492;18,143260869565218
2024-08-01;10645;0,0157;0,0008;0,0026;0,0002;49,782;9,932;28,3;0,7222222222222222;164,0;0,0;53,0;567094,7661046094;5514809,631751885;;;-0,6802908807988036;411,7965087890625;-4,616546630859375;-38,04154968261719;0,1821644231677055;6,769047619047619
2024-08-01;13975;0,0389;0,0019;0,0097;0,0005;49,792;9,946;28,2;0,6388888888888888;129,0;0,0;53,0;568088,5932671656;5515934,024955345;;;-0,7203080058097633;411,7965087890625;-7,100112915039063;-11,455413818359377;0,0696085571580175;6,484
2024-08-01;15449;0,0337;0,0017;0,0082;0,0004;49,784;9,934;28,3;0,7222222222222222;164,0;0,0;53,0;567235,976097938;5515033,77807713;;;-0,6921716509776391;411,7965087890625;8,532821655273438;-18,42616271972656;0,171084050503042;3,8602777777777777
2024-08-01;19623;0,025;0,0014;0,003;0,0002;49,798;9,928;28,5;0,6666666666666666;153,0;0,0;51,0;566784,8051692393;5516584,912229571;;;-0,6791688203811451;411,7965087890625;-7,9800262451171875;-36,69145202636719;0,0886252300302141;9,588378378378378
2024-08-01;25049;0,0045;0,0003;0,0007;0,0;49,814;9,918;27,0;0,5277777777777778;158,0;0,0;58,0;566043,3787976378;5518354,912347081;;;-0,4708075243120752;411,7965087890625;-31,044219970703125;-60,89303588867188;0,217509622697109;11,163235294117648
2024-08-01;46505;0,0114;0,0007;0,0017;0,0002;49,808;9,968;28,0;0,6944444444444444;135,0;0,0;53,0;569649,0675175646;5517733,074541176;;;-0,7203080058097513;411,7965087890625;17,007293701171875;24,39009094238281;0,2850785333617234;4,393191489361702
2024-08-01;1;0,0266;0,0015;0,0062;0,0003;49,8047;9,95642;28,2;0,6388888888888888;129,0;0,0;53,0;568820,5605106109;5517355,496720748;;;-0,7203080058098512;411,7965087890625;6,3877716064453125;0,1705322265625;0,188156131700969;11,5
2024-08-02;5456;0,0408;0,002;0,01;0,0007;49,802;9,944;22,6;2,694444444444444;338,0;0,0;69,0;567930,6533392705;5517043,993212319;;;-0,4441639780998645;1168,8046875;9,2957763671875;-19,87542724609375;0,0381515292022492;14,108297872340426
2024-08-02;10645;0,0162;0,0006;0,0027;0,0001;49,782;9,932;22,8;2,694444444444444;338,0;0,3;68,0;567094,7661046094;5514809,631751885;;;0,1014259234070872;1168,8046875;-4,616546630859375;-38,04154968261719;0,1821644231677055;2,658809523809524
2024-08-02;13975;0,0435;0,0015;0,0117;0,0004;49,792;9,946;22,6;2,694444444444444;338,0;0,0;69,0;568088,5932671656;5515934,024955345;;;0,1014259234070748;1168,8046875;-7,100112915039063;-11,455413818359377;0,0696085571580175;2,007045454545455
2024-08-02;15449;0,0343;0,0011;0,0087;0,0003;49,784;9,934;22,8;2,694444444444444;338,0;0,3;68,0;567235,976097938;5515033,77807713;;;0,0993355115883347;1168,8046875;8,532821655273438;-18,42616271972656;0,171084050503042;3,0575
2024-08-02;19623;0,0282;0,0013;0,0038;0,0002;49,798;9,928;22,9;2,833333333333333;337,0;0,0;69,0;566784,8051692393;5516584,912229571;;;-0,4441639780998103;1168,8046875;-7,9800262451171875;-36,69145202636719;0,0886252300302141;3,483913043478261
2024-08-02;25049;0,0052;0,0002;0,0009;0,0;49,814;9,918;21,7;2,944444444444444;336,0;0,0;74,0;566043,3787976378;5518354,912347081;;;-0,4441639780998103;1168,8046875;-31,044219970703125;-60,89303588867188;0,217509622697109;4,643777777777777
2024-08-02;46505;0,0141;0,0006;0,0024;0,0002;49,808;9,968;22,6;2,555555555555556;334,0;0,0;67,0;569649,0675175646;5517733,074541176;;;-0,3774780326374544;1168,8046875;17,007293701171875;24,39009094238281;0,2850785333617234;1,7956521739130433
2024-08-02;1;0,032;0,0014;0,0075;0,0002;49,8047;9,95642;22,6;2,694444444444444;338,0;0,0;69,0;568820,5605106109;5517355,496720748;;;-0,4360609306098323;1168,8046875;6,3877716064453125;0,1705322265625;0,188156131700969;3,5
2024-08-03;5456;0,0337;0,0009;0,0077;0,0002;49,802;9,944;25,7;2,1666666666666665;236,0;0,0;61,0;567930,6533392705;5517043,993212319;;;-1,139927268028366;1585,3046875;9,2957763671875;-19,87542724609375;0,0381515292022492;17,714375
2024-08-03;10645;0,0141;0,0004;0,0022;0,0001;49,782;9,932;25,7;2,055555555555556;223,0;0,0;62,0;567094,7661046094;5514809,631751885;;;-0,1379186718357548;1585,3046875;-4,616546630859375;-38,04154968261719;0,1821644231677055;5,040952380952381
2024-08-03;13975;0,0331;0,0007;0,0074;0,0002;49,792;9,946;25,7;2,1666666666666665;236,0;0,0;61,0;568088,5932671656;5515934,024955345;;;-0,9178336259707628;1585,3046875;-7,100112915039063;-11,455413818359377;0,0696085571580175;4,877173913043478
2024-08-03;15449;0,0301;0,0009;0,0064;0,0003;49,784;9,934;25,7;2,055555555555556;223,0;0,0;62,0;567235,976097938;5515033,77807713;;;-1,1399272680282266;1585,3046875;8,532821655273438;-18,42616271972656;0,171084050503042;3,0137209302325583
2024-08-03;19623;0,0215;0,0008;0,0028;0,0002;49,798;9,928;25,7;2,1666666666666665;236,0;0,0;62,0;566784,8051692393;5516584,912229571;;;-1,1399272680282266;1585,3046875;-7,9800262451171875;-36,69145202636719;0,0886252300302141;6,763617021276596
2024-08-03;25049;0,0041;0,0001;0,0007;0,0;49,814;9,918;24,5;2,333333333333333;239,0;0,0;67,0;566043,3787976378;5518354,912347081;;;-1,1399272680282266;1585,3046875;-31,044219970703125;-60,89303588867188;0,217509622697109;9,134130434782609
2024-08-03;46505;0,0117;0,0004;0,0021;0,0001;49,808;9,968;25,6;2,055555555555556;227,0;0,0;60,0;569649,0675175646;5517733,074541176;;;-1,5069220066069875;1585,3046875;17,007293701171875;24,39009094238281;0,2850785333617234;3,369787234042553
2024-08-03;1;0,0248;0,0008;0,005;0,0001;49,8047;9,95642;25,7;2,1666666666666665;236,0;0,0;61,0;568820,5605106109;5517355,496720748;;;-1,5069220066071964;1585,3046875;6,3877716064453125;0,1705322265625;0,188156131700969;9,5
2024-08-04;5456;0,023;0,0006;0,0054;0,0001;49,802;9,944;22,9;3,9722222222222223;260,0;0,0;63,0;567930,6533392705;5517043,993212319;;;-0,0447791263128501;1057,2763671875;9,2957763671875;-19,87542724609375;0,0381515292022492;15,404565217391305
2024-08-04;10645;0,011;0,0003;0,0017;0,0001;49,782;9,932;23,2;3,555555555555556;259,0;0,1;62,0;567094,7661046094;5514809,631751885;;;-0,0279535669833447;1057,2763671875;-4,616546630859375;-38,04154968261719;0,1821644231677055;4,72525
2024-08-04;13975;0,025;0,0006;0,0049;0,0002;49,792;9,946;22,9;3,9722222222222223;260,0;0,0;63,0;568088,5932671656;5515934,024955345;;;-0,0279535669833413;1057,2763671875;-7,100112915039063;-11,455413818359377;0,0696085571580175;4,58551724137931
2024-08-04;15449;0,0227;0,0006;0,0043;0,0001;49,784;9,934;23,2;3,555555555555556;259,0;0,1;62,0;567235,976097938;5515033,77807713;;;-0,0279535669833413;1057,2763671875;8,532821655273438;-18,42616271972656;0,171084050503042;4,59
2024-08-04;19623;0,0167;0,0005;0,0024;0,0001;49,798;9,928;22,7;3,8333333333333335;263,0;0,2;64,0;566784,8051692393;5516584,912229571;;;-0,0279535669833413;1057,2763671875;-7,9800262451171875;-36,69145202636719;0,0886252300302141;6,053636363636364
2024-08-04;25049;0,003;0,0001;0,0005;0,0;49,814;9,918;21,5;4,055555555555555;260,0;0,0;69,0;566043,3787976378;5518354,912347081;;;-0,050796553811799;1057,2763671875;-31,044219970703125;-60,89303588867188;0,217509622697109;7,543
2024-08-04;46505;0,008;0,0003;0,002;0,0001;49,808;9,968;22,8;3,75;261,0;0,0;61,0;569649,0675175646;5517733,074541176;;;-0,0461767253000268;1057,2763671875;17,007293701171875;24,39009094238281;0,2850785333617234;3,794545454545455
2024-08-04;1;0,0185;0,0005;0,004;0,0002;49,8047;9,95642;22,9;3,9722222222222223;260,0;0,0;63,0;568820,5605106109;5517355,496720748;;;-0,0461098395672254;1057,2763671875;6,3877716064453125;0,1705322265625;0,188156131700969;6,5
2024-08-05;5456;0,0334;0,0022;0,0071;0,0007;49,802;9,944;21,8;0,6666666666666666;63,0;0,0;60,0;567930,6533392705;5517043,993212319;;2,358589063078618e-05;-0,3794259279966709;1297,903076171875;9,2957763671875;-19,87542724609375;0,0381515292022492;11,687173913043479
2024-08-05;13975;0,0356;0,0017;0,0079;0,0005;49,792;9,946;21,8;0,6666666666666666;63,0;0,0;60,0;568088,5932671656;5515934,024955345;0,148;3,419847578813261e-05;-0,3421990219432352;1297,903076171875;-7,100112915039063;-11,455413818359377;0,0696085571580175;3,004074074074074
2024-08-05;15449;0,0328;0,0017;0,0076;0,0004;49,784;9,934;22,2;0,6666666666666666;63,0;0,0;58,0;567235,976097938;5515033,77807713;0,146;2,185173005352025e-05;-0,3339347651222795;1297,903076171875;8,532821655273438;-18,42616271972656;0,171084050503042;1,8980769230769232
2024-08-05;19623;0,0238;0,0015;0,0028;0,0002;49,798;9,928;21,9;0,6388888888888888;39,0;0,0;60,0;566784,8051692393;5516584,912229571;;2,2385148946292105e-05;-0,3658429882062094;1297,903076171875;-7,9800262451171875;-36,69145202636719;0,0886252300302141;3,3777777777777778
2024-08-05;25049;0,0043;0,0003;0,0007;0,0;49,814;9,918;20,8;0,5;37,0;0,0;64,0;566043,3787976378;5518354,912347081;0,15;2,35858906307833e-05;-0,3794259279966245;1297,903076171875;-31,044219970703125;-60,89303588867188;0,217509622697109;3,8925925925925924
2024-08-05;46505;0,0112;0,0007;0,0017;0,0001;49,808;9,968;21,6;0,9444444444444444;58,0;0,0;59,0;569649,0675175646;5517733,074541176;0,129;3,004864265676452e-05;-0,406383022665959;1297,903076171875;17,007293701171875;24,39009094238281;0,2850785333617234;1,6051219512195123
2024-08-05;1;0,026;0,0013;0,0062;0,0003;49,8047;9,95642;21,8;0,6666666666666666;63,0;0,0;60,0;568820,5605106109;5517355,496720748;0,107;3,0048590112319206e-05;-0,406382803495343;1297,903076171875;6,3877716064453125;0,1705322265625;0,188156131700969;7,5
2024-08-06;5456;0,031;0,0024;0,0066;0,0007;49,802;9,944;26,5;2,0;117,0;0,0;49,0;567930,6533392705;5517043,993212319;;3,0126846596034767e-05;-0,3138225115259563;1534,88427734375;9,2957763671875;-19,87542724609375;0,0381515292022492;9,76
2024-08-06;13975;0,0335;0,0018;0,008;0,0004;49,792;9,946;26,5;2,0;117,0;0,0;49,0;568088,5932671656;5515934,024955345;;3,375544273858e-05;-0,3466216246479129;1534,88427734375;-7,100112915039063;-11,455413818359377;0,0696085571580175;2,3643333333333336
2024-08-06;15449;0,0311;0,0017;0,0074;0,0004;49,784;9,934;26,8;1,75;114,0;0,0;50,0;567235,976097938;5515033,77807713;;3,315342677865048e-05;-0,3387705139856442;1534,88427734375;8,532821655273438;-18,42616271972656;0,171084050503042;2,4278125
2024-08-06;19623;0,0215;0,0015;0,0027;0,0003;49,798;9,928;26,7;2,055555555555556;119,0;0,0;48,0;566784,8051692393;5516584,912229571;;3,0712685512486335e-05;-0,3082682235543367;1534,88427734375;-7,9800262451171875;-36,69145202636719;0,0886252300302141;4,3190625
2024-08-06;25049;0,0041;0,0003;0,0007;0,0001;49,814;9,918;25,6;2,138888888888889;118,0;0,0;52,0;566043,3787976378;5518354,912347081;;2,90067364403504e-05;-0,3252817839383985;1534,88427734375;-31,044219970703125;-60,89303588867188;0,217509622697109;4,904615384615385
2024-08-06;46505;0,0107;0,0007;0,0016;0,0001;49,808;9,968;26,3;1,8333333333333333;112,0;0,0;49,0;569649,0675175646;5517733,074541176;;3,075089443882322e-05;-0,3074382096528867;1534,88427734375;17,007293701171875;24,39009094238281;0,2850785333617234;2,0882608695652176
2024-08-06;1;0,0248;0,0015;0,0059;0,0003;49,8047;9,95642;26,5;2,0;117,0;0,0;49,0;568820,5605106109;5517355,496720748;;3,075089443882749e-05;-0,3074382096529294;1534,88427734375;6,3877716064453125;0,1705322265625;0,188156131700969;8,5
2024-08-07;5456;0,0322;0,0023;0,0068;0,0008;49,802;9,944;28,0;3,5277777777777777;263,0;0,0;50,0;567930,6533392705;5517043,993212319;;;-1,1793041229249148;891,281005859375;9,2957763671875;-19,87542724609375;0,0381515292022492;16,42304347826087
2024-08-07;13975;0,0354;0,0018;0,0083;0,0005;49,792;9,946;28,0;3,5277777777777777;263,0;0,0;50,0;568088,5932671656;5515934,024955345;0,222;;-1,175584211199201;891,281005859375;-7,100112915039063;-11,455413818359377;0,0696085571580175;4,004545454545455
2024-08-07;15449;0,0307;0,0015;0,0067;0,0004;49,784;9,934;28,2;3,4722222222222223;258,0;0,0;48,0;567235,976097938;5515033,77807713;;;-1,179304122924771;891,281005859375;8,532821655273438;-18,42616271972656;0,171084050503042;3,4025
2024-08-07;19623;0,0223;0,0013;0,003;0,0002;49,798;9,928;28,2;3,5;265,0;0,0;49,0;566784,8051692393;5516584,912229571;0,231;;-1,179304122924771;891,281005859375;-7,9800262451171875;-36,69145202636719;0,0886252300302141;5,635454545454546
2024-08-07;25049;0,0041;0,0003;0,0007;0,0001;49,814;9,918;26,9;3,7222222222222223;264,0;0,0;52,0;566043,3787976378;5518354,912347081;;;-1,179304122924771;891,281005859375;-31,044219970703125;-60,89303588867188;0,217509622697109;6,798571428571428
2024-08-07;46505;0,011;0,0007;0,0018;0,0001;49,808;9,968;28,0;3,4444444444444446;262,0;0,0;47,0;569649,0675175646;5517733,074541176;0,209;;-1,1536649465560391;891,281005859375;17,007293701171875;24,39009094238281;0,2850785333617234;3,4033333333333333
2024-08-07;1;0,0252;0,0016;0,0059;0,0003;49,8047;9,95642;28,0;3,5277777777777777;263,0;0,0;50,0;568820,5605106109;5517355,496720748;;;-1,1552507603572422;891,281005859375;6,3877716064453125;0,1705322265625;0,188156131700969;10,0
2024-08-08;5456;0,0338;0,0023;0,0071;0,0008;49,802;9,944;22,4;2,388888888888889;272,0;0,0;59,0;567930,6533392705;5517043,993212319;;;-0,0632084460717802;1618,208740234375;9,2957763671875;-19,87542724609375;0,0381515292022492;14,226521739130433
2024-08-08;13975;0,0346;0,0014;0,0083;0,0004;49,792;9,946;22,4;2,388888888888889;272,0;0,0;59,0;568088,5932671656;5515934,024955345;0,288;;-0,5470906496047817;1618,208740234375;-7,100112915039063;-11,455413818359377;0,0696085571580175;1,9135897435897435
2024-08-08;15449;0,0291;0,0013;0,0076;0,0003;49,784;9,934;22,2;2,2222222222222223;275,0;0,0;65,0;567235,976097938;5515033,77807713;;;-1,5016326519512964;1618,208740234375;8,532821655273438;-18,42616271972656;0,171084050503042;2,171081081081081
2024-08-08;19623;0,0229;0,0014;0,0027;0,0002;49,798;9,928;22,3;2,388888888888889;272,0;0,0;61,0;566784,8051692393;5516584,912229571;;;-1,111930017328532;1618,208740234375;-7,9800262451171875;-36,69145202636719;0,0886252300302141;3,4425641025641025
2024-08-08;25049;0,0042;0,0003;0,0007;0,0001;49,814;9,918;21,0;2,5;275,0;0,0;69,0;566043,3787976378;5518354,912347081;;;-0,4649711963556142;1618,208740234375;-31,044219970703125;-60,89303588867188;0,217509622697109;4,472051282051282
2024-08-08;46505;0,0112;0,0007;0,0016;0,0001;49,808;9,968;22,3;2,305555555555556;272,0;0,0;56,0;569649,0675175646;5517733,074541176;;;-0,1121448933532497;1618,208740234375;17,007293701171875;24,39009094238281;0,2850785333617234;1,8253333333333333
2024-08-08;1;0,0263;0,0017;0,0064;0,0003;49,8047;9,95642;22,4;2,388888888888889;272,0;0,0;59,0;568820,5605106109;5517355,496720748;;;-0,0112080379130308;1618,208740234375;6,3877716064453125;0,1705322265625;0,188156131700969;5,5
2024-08-09;5456;0,0377;0,0023;0,0084;0,0006;49,802;9,944;26,5;3,75;228,0;0,0;46,0;567930,6533392705;5517043,993212319;;2,6619784544434152e-05;-0,590254958519052;1480,41259765625;9,2957763671875;-19,87542724609375;0,0381515292022492;10,587555555555555
2024-08-09;13975;0,0412;0,0019;0,0101;0,0005;49,792;9,946;26,5;3,75;228,0;0,0;46,0;568088,5932671656;5515934,024955345;;1,3540815142941325e-05;-0,5387489979569777;1480,41259765625;-7,100112915039063;-11,455413818359377;0,0696085571580175;1,1996153846153847
2024-08-09;15449;0,0342;0,0012;0,0077;0,0002;49,784;9,934;26,5;3,611111111111111;222,0;0,0;47,0;567235,976097938;5515033,77807713;;3,516499782563086e-05;-0,5709148347377614;1480,41259765625;8,532821655273438;-18,42616271972656;0,171084050503042;2,5840625
2024-08-09;19623;0,0267;0,0014;0,0035;0,0002;49,798;9,928;26,4;3,611111111111111;231,0;0,0;47,0;566784,8051692393;5516584,912229571;;3,516499782563086e-05;-0,5709148347377614;1480,41259765625;-7,9800262451171875;-36,69145202636719;0,0886252300302141;2,4753125
2024-08-09;25049;0,005;0,0002;0,0008;0,0;49,814;9,918;25,0;3,7777777777777777;233,0;0,0;53,0;566043,3787976378;5518354,912347081;;3,392361158659163e-05;-0,6185612710050974;1480,41259765625;-31,044219970703125;-60,89303588867188;0,217509622697109;2,8225925925925925
2024-08-09;46505;0,0131;0,0007;0,0023;0,0002;49,808;9,968;26,4;3,611111111111111;224,0;0,0;45,0;569649,0675175646;5517733,074541176;;1,3513094017980009e-05;-0,566419852040834;1480,41259765625;17,007293701171875;24,39009094238281;0,2850785333617234;1,186304347826087
2024-08-09;1;0,03;0,0017;0,007;0,0003;49,8047;9,95642;26,5;3,75;228,0;0,0;46,0;568820,5605106109;5517355,496720748;;1,3513094017981884e-05;-0,5387077629566697;1480,41259765625;6,3877716064453125;0,1705322265625;0,188156131700969;6,0
2024-08-10;5456;0,0329;0,0011;0,0083;0,0003;49,802;9,944;27,2;4,527777777777778;262,0;0,0;53,0;567930,6533392705;5517043,993212319;0,168;3,22519790437565e-05;-0,6055538269534189;1626,782470703125;9,2957763671875;-19,87542724609375;0,0381515292022492;9,693260869565217
2024-08-10;13975;0,0319;0,0009;0,0068;0,0003;49,792;9,946;27,2;4,527777777777778;262,0;0,0;53,0;568088,5932671656;5515934,024955345;0,135;3,551506597432206e-05;-0,4614108726382123;1626,782470703125;-7,100112915039063;-11,455413818359377;0,0696085571580175;1,940606060606061
2024-08-10;15449;0,0289;0,0007;0,0059;0,0001;49,784;9,934;27,6;4,25;262,0;0,0;51,0;567235,976097938;5515033,77807713;;3,551506597432206e-05;-0,3904848321962694;1626,782470703125;8,532821655273438;-18,42616271972656;0,171084050503042;3,4908333333333332
2024-08-10;19623;0,0222;0,0008;0,0033;0,0002;49,798;9,928;26,9;4,416666666666667;266,0;0,0;54,0;566784,8051692393;5516584,912229571;;3,528347983281058e-05;-0,3525095390010632;1626,782470703125;-7,9800262451171875;-36,69145202636719;0,0886252300302141;3,4463636363636363
2024-08-10;25049;0,0041;0,0001;0,0006;0,0;49,814;9,918;25,6;4,527777777777778;264,0;0,0;59,0;566043,3787976378;5518354,912347081;0,197;3,1349376513388976e-05;-0,7571361474692605;1626,782470703125;-31,044219970703125;-60,89303588867188;0,217509622697109;3,797941176470588
2024-08-10;46505;0,0113;0,0004;0,0022;0,0001;49,808;9,968;27,2;4,416666666666667;264,0;0,0;50,0;569649,0675175646;5517733,074541176;0,154;3,498891798874327e-05;-0,4590808123207098;1626,782470703125;17,007293701171875;24,39009094238281;0,2850785333617234;1,8172222222222223
2024-08-10;1;0,0243;0,0008;0,0049;0,0002;49,8047;9,95642;27,2;4,527777777777778;262,0;0,0;53,0;568820,5605106109;5517355,496720748;0,17;3,500162521544054e-05;-0,459137091947265;1626,782470703125;6,3877716064453125;0,1705322265625;0,188156131700969;7,0
2024-08-11;5456;0,0216;0,0006;0,0046;0,0002;49,802;9,944;28,4;1,777777777777778;38,0;0,0;40,0;567930,6533392705;5517043,993212319;;3,581955206755418e-05;0,0736332274973461;1251,533935546875;9,2957763671875;-19,87542724609375;0,0381515292022492;7,881914893617021
2024-08-11;13975;0,0255;0,0005;0,005;0,0002;49,792;9,946;28,4;1,777777777777778;38,0;0,0;40,0;568088,5932671656;5515934,024955345;0,0643333333333333;3,581955206754981e-05;0,0736332274973371;1251,533935546875;-7,100112915039063;-11,455413818359377;0,0696085571580175;1,7025531914893617
2024-08-11;15449;0,0236;0,0005;0,0048;0,0001;49,784;9,934;28,5;1,805555555555556;34,0;0,0;40,0;567235,976097938;5515033,77807713;0,0905;3,581955206754981e-05;0,0736332274973371;1251,533935546875;8,532821655273438;-18,42616271972656;0,171084050503042;2,1035555555555554
2024-08-11;19623;0,0159;0,0004;0,002;0,0001;49,798;9,928;28,5;1,6666666666666663;33,0;0,0;40,0;566784,8051692393;5516584,912229571;0,088;3,581955206754981e-05;0,0736332274973371;1251,533935546875;-7,9800262451171875;-36,69145202636719;0,0886252300302141;2,832608695652174
2024-08-11;25049;0,0029;0,0001;0,0005;0,0;49,814;9,918;27,0;1,4444444444444444;25,0;0,0;47,0;566043,3787976378;5518354,912347081;0,053;3,5438563051779024e-05;-0,0014887256231599;1251,533935546875;-31,044219970703125;-60,89303588867188;0,217509622697109;2,8308510638297877
2024-08-11;46505;0,0082;0,0002;0,002;0,0001;49,808;9,968;28,1;1,8611111111111112;36,0;0,0;40,0;569649,0675175646;5517733,074541176;0,0635;3,5167112602230136e-05;0,0656680168055935;1251,533935546875;17,007293701171875;24,39009094238281;0,2850785333617234;1,5459574468085107
2024-08-11;1;0,0186;0,0004;0,004;0,0002;49,8047;9,95642;28,4;1,777777777777778;38,0;0,0;40,0;568820,5605106109;5517355,496720748;0,064;3,581955206755418e-05;0,0736332274973461;1251,533935546875;6,3877716064453125;0,1705322265625;0,188156131700969;6,5
2024-08-12;5456;0,0305;0,0024;0,007;0,0007;49,802;9,944;30,4;1,4166666666666663;94,0;0,0;44,0;567930,6533392705;5517043,993212319;0,1605;;-1,0633677058508164;1185,78759765625;9,2957763671875;-19,87542724609375;0,0381515292022492;10,64195652173913
2024-08-12;13975;0,0332;0,0016;0,0074;0,0004;49,792;9,946;30,4;1,4166666666666663;94,0;0,0;44,0;568088,5932671656;5515934,024955345;0,1535;;-1,063457369804352;1185,78759765625;-7,100112915039063;-11,455413818359377;0,0696085571580175;3,6386111111111115
2024-08-12;15449;0,0291;0,0012;0,0067;0,0003;49,784;9,934;30,9;1,2777777777777777;108,0;0,0;42,0;567235,976097938;5515033,77807713;0,159;;-0,990033595636992;1185,78759765625;8,532821655273438;-18,42616271972656;0,171084050503042;2,6772727272727272
2024-08-12;19623;0,0212;0,0014;0,0024;0,0002;49,798;9,928;30,8;1,4166666666666663;98,0;0,0;42,0;566784,8051692393;5516584,912229571;0,1615;;-0,9423053860664098;1185,78759765625;-7,9800262451171875;-36,69145202636719;0,0886252300302141;4,90483870967742
2024-08-12;25049;0,004;0,0003;0,0007;0,0;49,814;9,918;29,3;1,3055555555555556;99,0;0,0;48,0;566043,3787976378;5518354,912347081;0,154;;-1,0201509228470833;1185,78759765625;-31,044219970703125;-60,89303588867188;0,217509622697109;5,185714285714285
2024-08-12;46505;0,0109;0,0008;0,0016;0,0002;49,808;9,968;30,3;1,4166666666666663;94,0;0,0;43,0;569649,0675175646;5517733,074541176;0,1295;;-1,063457369804334;1185,78759765625;17,007293701171875;24,39009094238281;0,2850785333617234;2,502173913043478
2024-08-12;1;0,0255;0,0019;0,0062;0,0004;49,8047;9,95642;30,4;1,4166666666666663;94,0;0,0;44,0;568820,5605106109;5517355,496720748;0,221;;-1,0634573698044818;1185,78759765625;6,3877716064453125;0,1705322265625;0,188156131700969;11,0
2024-08-13;5456;0,031;0,0023;0,0066;0,0008;49,802;9,944;32,4;0,9166666666666666;96,0;0,0;45,0;567930,6533392705;5517043,993212319;0,367;3,467843998805944e-05;-0,7200580239296632;1790,864990234375;9,2957763671875;-19,87542724609375;0,0381515292022492;11,08108695652174
2024-08-13;13975;0,0331;0,0013;0,0076;0,0003;49,792;9,946;32,4;0,9166666666666666;96,0;0,0;45,0;568088,5932671656;5515934,024955345;0,2675;3,599975663749296e-05;-0,7127484683678373;1790,864990234375;-7,100112915039063;-11,455413818359377;0,0696085571580175;5,818285714285714
2024-08-13;15449;0,0289;0,0014;0,0068;0,0003;49,784;9,934;32,9;0,7222222222222222;124,0;0,0;43,0;567235,976097938;5515033,77807713;0,284;3,46784399880552e-05;-0,7200580239295753;1790,864990234375;8,532821655273438;-18,42616271972656;0,171084050503042;2,3863157894736844
2024-08-13;19623;0,0219;0,0013;0,0026;0,0001;49,798;9,928;32,8;0,8055555555555555;83,0;0,0;44,0;566784,8051692393;5516584,912229571;0,3015;3,46784399880552e-05;-0,7200580239295753;1790,864990234375;-7,9800262451171875;-36,69145202636719;0,0886252300302141;6,8151219512195125
2024-08-13;25049;0,0039;0,0002;0,0006;0,0001;49,814;9,918;31,0;0,6111111111111112;90,0;0,0;51,0;566043,3787976378;5518354,912347081;0,365;3,46784399880552e-05;-0,7200580239295753;1790,864990234375;-31,044219970703125;-60,89303588867188;0,217509622697109;7,882352941176471
2024-08-13;46505;0,0103;0,0006;0,0015;0,0001;49,808;9,968;32,3;0,9166666666666666;77,0;0,0;44,0;569649,0675175646;5517733,074541176;0,345;5,490197509061296e-05;-0,6081809401511871;1790,864990234375;17,007293701171875;24,39009094238281;0,2850785333617234;3,279555555555556
2024-08-13;1;0,0246;0,0014;0,006;0,0003;49,8047;9,95642;32,4;0,9166666666666666;96,0;0,0;45,0;568820,5605106109;5517355,496720748;0,352;5,357442939121224e-05;-0,6155249549673133;1790,864990234375;6,3877716064453125;0,1705322265625;0,188156131700969;14,5
2024-08-14;5456;0,0312;0,0026;0,0067;0,0009;49,802;9,944;28,5;2,4166666666666665;253,0;0,0;59,0;567930,6533392705;5517043,993212319;;4,668451854860217e-05;-0,6672700319659797;1202,4898681640625;9,2957763671875;-19,87542724609375;0,0381515292022492;12,821489361702127
2024-08-14;13975;0,0347;0,0017;0,008;0,0004;49,792;9,946;28,5;2,4166666666666665;253,0;0,0;59,0;568088,5932671656;5515934,024955345;;4,565213748719413e-05;-0,5748303830623462;1202,4898681640625;-7,100112915039063;-11,455413818359377;0,0696085571580175;3,538947368421052
2024-08-14;15449;0,0314;0,0014;0,0076;0,0003;49,784;9,934;28,6;2,4722222222222223;249,0;0,0;59,0;567235,976097938;5515033,77807713;;4,82285013276837e-05;-0,6461212188005262;1202,4898681640625;8,532821655273438;-18,42616271972656;0,171084050503042;4,554102564102564
2024-08-14;19623;0,0211;0,0013;0,0028;0,0001;49,798;9,928;28,6;2,4166666666666665;253,0;0,0;59,0;566784,8051692393;5516584,912229571;;4,8228501928565794e-05;-0,6596140691478013;1202,4898681640625;-7,9800262451171875;-36,69145202636719;0,0886252300302141;5,473333333333334
2024-08-14;25049;0,0039;0,0003;0,0006;0,0001;49,814;9,918;27,1;2,4166666666666665;253,0;0,0;65,0;566043,3787976378;5518354,912347081;;4,454836200741075e-05;-0,7287163297792549;1202,4898681640625;-31,044219970703125;-60,89303588867188;0,217509622697109;6,219318181818181
2024-08-14;46505;0,0114;0,0008;0,0017;0,0002;49,808;9,968;28,6;2,333333333333333;250,0;0,0;57,0;569649,0675175646;5517733,074541176;;4,814287922544459e-05;-0,5651031786783134;1202,4898681640625;17,007293701171875;24,39009094238281;0,2850785333617234;2,829782608695652
2024-08-14;1;0,0268;0,0019;0,0067;0,0004;49,8047;9,95642;28,5;2,4166666666666665;253,0;0,0;59,0;568820,5605106109;5517355,496720748;;4,787080809530793e-05;-0,5661657101522218;1202,4898681640625;6,3877716064453125;0,1705322265625;0,188156131700969;10,5
2024-08-15;5456;0,0194;0,0007;0,0047;0,0001;49,802;9,944;26,8;2,305555555555556;252,0;0,0;50,0;567930,6533392705;5517043,993212319;;4,112894627367792e-05;-0,2366879314696232;1528,7962646484375;9,2957763671875;-19,87542724609375;0,0381515292022492;8,601555555555555
2024-08-15;13975;0,0213;0,0007;0,0044;0,0003;49,792;9,946;26,8;2,305555555555556;252,0;0,0;50,0;568088,5932671656;5515934,024955345;;3,582149707788492e-05;-0,1916957060812072;1528,7962646484375;-7,100112915039063;-11,455413818359377;0,0696085571580175;1,879142857142857
2024-08-15;15449;0,0191;0,0006;0,0036;0,0001;49,784;9,934;26,9;2,25;238,0;0,0;53,0;567235,976097938;5515033,77807713;;3,662557992356492e-05;-0,2301670499145919;1528,7962646484375;8,532821655273438;-18,42616271972656;0,171084050503042;6,297096774193549
2024-08-15;19623;0,014;0,0005;0,002;0,0001;49,798;9,928;27,0;2,2777777777777777;255,0;0,0;50,0;566784,8051692393;5516584,912229571;0,086;3,856732442529458e-05;-0,2485208756179082;1528,7962646484375;-7,9800262451171875;-36,69145202636719;0,0886252300302141;3,357586206896552
2024-08-15;25049;0,0025;0,0001;0,0004;0,0;49,814;9,918;25,6;2,305555555555556;252,0;0,0;56,0;566043,3787976378;5518354,912347081;;4,115669205669346e-05;-0,2438273181774748;1528,7962646484375;-31,044219970703125;-60,89303588867188;0,217509622697109;3,7750000000000004
2024-08-15;46505;0,0069;0,0002;0,0015;0,0001;49,808;9,968;26,7;2,2222222222222223;252,0;0,0;48,0;569649,0675175646;5517733,074541176;0,249;4,111828457098268e-05;-0,2339445229153974;1528,7962646484375;17,007293701171875;24,39009094238281;0,2850785333617234;1,658
2024-08-15;1;0,0159;0,0005;0,0035;0,0002;49,8047;9,95642;26,8;2,305555555555556;252,0;0,0;50,0;568820,5605106109;5517355,496720748;;4,111828457098839e-05;-0,2339445229154299;1528,7962646484375;6,3877716064453125;0,1705322265625;0,188156131700969;4,5
2024-08-16;13975;0,0368;0,0015;0,0082;0,0004;49,792;9,946;28,7;3,7222222222222223;250,0;0,0;46,0;568088,5932671656;5515934,024955345;;2,699886681511921e-05;-0,1187997460141765;1655,982177734375;-7,100112915039063;-11,455413818359377;0,0696085571580175;1,46125
2024-08-16;15449;0,0319;0,0013;0,0075;0,0003;49,784;9,934;28,8;3,4444444444444446;248,0;0,0;46,0;567235,976097938;5515033,77807713;;2,699886681511921e-05;-0,1090413630008666;1655,982177734375;8,532821655273438;-18,42616271972656;0,171084050503042;3,2024242424242426
2024-08-16;19623;0,0239;0,0012;0,003;0,0002;49,798;9,928;28,9;3,583333333333333;252,0;0,0;46,0;566784,8051692393;5516584,912229571;;2,699886681511921e-05;-0,1090413630008666;1655,982177734375;-7,9800262451171875;-36,69145202636719;0,0886252300302141;2,683529411764706
2024-08-16;25049;0,0046;0,0002;0,0008;0,0;49,814;9,918;27,4;3,638888888888889;254,0;0,0;51,0;566043,3787976378;5518354,912347081;;2,699886681511921e-05;-0,1090413630008666;1655,982177734375;-31,044219970703125;-60,89303588867188;0,217509622697109;2,981621621621622
2024-08-16;46505;0,0124;0,0006;0,0021;0,0001;49,808;9,968;28,5;3,7222222222222223;246,0;0,0;44,0;569649,0675175646;5517733,074541176;;3,1853895086590684e-05;-0,0645447174019617;1655,982177734375;17,007293701171875;24,39009094238281;0,2850785333617234;1,3713333333333333
2024-08-16;1;0,0275;0,0012;0,006;0,0002;49,8047;9,95642;28,7;3,7222222222222223;250,0;0,0;46,0;568820,5605106109;5517355,496720748;;2,6998866815122503e-05;-0,1090413630008799;1655,982177734375;6,3877716064453125;0,1705322265625;0,188156131700969;6,0
2024-08-17;5456;0,0312;0,0011;0,0067;0,0002;49,802;9,944;27,0;3,1111111111111107;264,0;0,0;51,0;567930,6533392705;5517043,993212319;;;-0,9642874598504014;861,2102661132812;9,2957763671875;-19,87542724609375;0,0381515292022492;10,68
2024-08-17;13975;0,0311;0,001;0,0059;0,0003;49,792;9,946;27,0;3,1111111111111107;264,0;0,0;51,0;568088,5932671656;5515934,024955345;;;-0,9642874598502836;861,2102661132812;-7,100112915039063;-11,455413818359377;0,0696085571580175;0,8031428571428572
2024-08-17;15449;0,0271;0,0009;0,0057;0,0002;49,784;9,934;27,3;3,1666666666666665;259,0;0,0;50,0;567235,976097938;5515033,77807713;;;-0,9642874598502836;861,2102661132812;8,532821655273438;-18,42616271972656;0,171084050503042;3,0433333333333334
2024-08-17;19623;0,0211;0,0008;0,0027;0,0002;49,798;9,928;27,2;3,138888888888889;263,0;0,0;50,0;566784,8051692393;5516584,912229571;;;-0,9642874598502836;861,2102661132812;-7,9800262451171875;-36,69145202636719;0,0886252300302141;1,911111111111111
2024-08-17;25049;0,0038;0,0001;0,0006;0,0;49,814;9,918;25,6;3,5277777777777777;263,0;0,0;56,0;566043,3787976378;5518354,912347081;;;-0,7885590250685849;861,2102661132812;-31,044219970703125;-60,89303588867188;0,217509622697109;1,8891891891891894
2024-08-17;46505;0,0112;0,0004;0,0022;0,0001;49,808;9,968;26,9;3,416666666666667;267,0;0,0;50,0;569649,0675175646;5517733,074541176;;;-0,399282008409482;861,2102661132812;17,007293701171875;24,39009094238281;0,2850785333617234;0,9666666666666667
2024-08-17;1;0,0238;0,0009;0,0047;0,0002;49,8047;9,95642;27,0;3,1111111111111107;264,0;0,0;51,0;568820,5605106109;5517355,496720748;;;-0,6856472529095305;861,2102661132812;6,3877716064453125;0,1705322265625;0,188156131700969;5,5
2024-08-18;5456;0,0206;0,0006;0,0042;0,0001;49,802;9,944;22,1;2,333333333333333;301,0;1,1;82,0;567930,6533392705;5517043,993212319;;;-1,713971008125879;463,43310546875;9,2957763671875;-19,87542724609375;0,0381515292022492;14,047391304347824
2024-08-18;13975;0,0239;0,0006;0,0049;0,0003;49,792;9,946;22,1;2,333333333333333;301,0;1,1;82,0;568088,5932671656;5515934,024955345;;;-1,3849250078200896;463,43310546875;-7,100112915039063;-11,455413818359377;0,0696085571580175;1,4457142857142857
2024-08-18;15449;0,0222;0,0004;0,0048;0,0001;49,784;9,934;22,6;2,0;307,0;0,9;78,0;567235,976097938;5515033,77807713;;;-1,581663131713822;463,43310546875;8,532821655273438;-18,42616271972656;0,171084050503042;8,308125
2024-08-18;19623;0,0149;0,0004;0,0021;0,0001;49,798;9,928;21,9;2,4722222222222223;310,0;0,7999999999999999;83,0;566784,8051692393;5516584,912229571;;;-1,6371213240955464;463,43310546875;-7,9800262451171875;-36,69145202636719;0,0886252300302141;3,2979999999999996
2024-08-18;25049;0,0027;0,0001;0,0004;0,0;49,814;9,918;20,7;2,4722222222222223;313,0;0,7;87,0;566043,3787976378;5518354,912347081;;;-1,6819488346379337;463,43310546875;-31,044219970703125;-60,89303588867188;0,217509622697109;3,3194736842105264
2024-08-18;46505;0,0075;0,0002;0,0019;0,0001;49,808;9,968;22,2;2,0277777777777777;303,0;1,0;80,0;569649,0675175646;5517733,074541176;;;-1,6689262024978366;463,43310546875;17,007293701171875;24,39009094238281;0,2850785333617234;1,2291304347826086
2024-08-18;1;0,017;0,0005;0,0035;0,0002;49,8047;9,95642;22,1;2,333333333333333;301,0;1,1;82,0;568820,5605106109;5517355,496720748;;;-1,7359676986776598;463,43310546875;6,3877716064453125;0,1705322265625;0,188156131700969;7,5
2024-08-19;5456;0,0324;0,0021;0,0065;0,0006;49,802;9,944;21,8;2,555555555555556;48,0;0,0;56,0;567930,6533392705;5517043,993212319;0,355;2,354268326598905e-05;-0,9246693849564463;1419,617431640625;9,2957763671875;-19,87542724609375;0,0381515292022492;13,386222222222223
2024-08-19;13975;0,033;0,0015;0,0072;0,0003;49,792;9,946;21,8;2,555555555555556;48,0;0,0;56,0;568088,5932671656;5515934,024955345;0,382;2,3544048390153413e-05;-0,9246893847418608;1419,617431640625;-7,100112915039063;-11,455413818359377;0,0696085571580175;4,2058064516129035
2024-08-19;15449;0,0296;0,0016;0,0073;0,0004;49,784;9,934;22,2;2,4722222222222223;47,0;0,0;55,0;567235,976097938;5515033,77807713;0,398;2,354268326598617e-05;-0,9246693849563332;1419,617431640625;8,532821655273438;-18,42616271972656;0,171084050503042;10,472758620689655
2024-08-19;19623;0,0212;0,0013;0,0026;0,0002;49,798;9,928;22,0;2,4166666666666665;48,0;0,0;56,0;566784,8051692393;5516584,912229571;0,382;2,354268326598617e-05;-0,9246693849563332;1419,617431640625;-7,9800262451171875;-36,69145202636719;0,0886252300302141;5,0434375000000005
2024-08-19;25049;0,0039;0,0002;0,0007;0,0001;49,814;9,918;21,0;2,4166666666666665;48,0;0,0;59,0;566043,3787976378;5518354,912347081;;2,354268326598617e-05;-0,9246693849563332;1419,617431640625;-31,044219970703125;-60,89303588867188;0,217509622697109;6,197105263157895
2024-08-19;46505;0,0106;0,0007;0,0016;0,0002;49,808;9,968;21,6;2,555555555555556;48,0;0,0;55,0;569649,0675175646;5517733,074541176;0,363;2,3542683265985785e-05;-0,924669384956318;1419,617431640625;17,007293701171875;24,39009094238281;0,2850785333617234;3,126
2024-08-19;1;0,0241;0,0015;0,0054;0,0003;49,8047;9,95642;21,8;2,555555555555556;48,0;0,0;56,0;568820,5605106109;5517355,496720748;0,37;2,354268326598905e-05;-0,9246693849564463;1419,617431640625;6,3877716064453125;0,1705322265625;0,188156131700969;6,5
2024-08-20;5456;0,0287;0,0021;0,0058;0,0005;49,802;9,944;22,8;2,25;167,0;0,0;64,0;567930,6533392705;5517043,993212319;;;-0,1473347683848377;815,958251953125;9,2957763671875;-19,87542724609375;0,0381515292022492;18,504565217391306
2024-08-20;13975;0,0306;0,0015;0,0071;0,0004;49,792;9,946;22,8;2,25;167,0;0,0;64,0;568088,5932671656;5515934,024955345;;;-0,1972127367223254;815,958251953125;-7,100112915039063;-11,455413818359377;0,0696085571580175;6,26375
2024-08-20;15449;0,0277;0,0012;0,0063;0,0002;49,784;9,934;22,8;2,333333333333333;173,0;0,0;65,0;567235,976097938;5515033,77807713;;;-0,2434499338269163;815,958251953125;8,532821655273438;-18,42616271972656;0,171084050503042;6,661212121212121
2024-08-20;19623;0,02;0,0013;0,0027;0,0002;49,798;9,928;22,9;2,333333333333333;170,0;0,0;64,0;566784,8051692393;5516584,912229571;;;-0,233716301704007;815,958251953125;-7,9800262451171875;-36,69145202636719;0,0886252300302141;8,133714285714285
2024-08-20;25049;0,0037;0,0002;0,0006;0,0;49,814;9,918;21,8;2,2777777777777777;165,0;0,0;69,0;566043,3787976378;5518354,912347081;;;-0,1617080262797458;815,958251953125;-31,044219970703125;-60,89303588867188;0,217509622697109;10,264848484848486
2024-08-20;46505;0,0101;0,0007;0,0016;0,0002;49,808;9,968;22,6;2,361111111111111;168,0;0,0;63,0;569649,0675175646;5517733,074541176;;;-0,1406495161354478;815,958251953125;17,007293701171875;24,39009094238281;0,2850785333617234;3,696521739130435
2024-08-20;1;0,0239;0,0016;0,0059;0,0003;49,8047;9,95642;22,8;2,25;167,0;0,0;64,0;568820,5605106109;5517355,496720748;;;-0,1406495161354673;815,958251953125;6,3877716064453125;0,1705322265625;0,188156131700969;7,5
2024-08-21;5456;0,0307;0,0022;0,0066;0,0008;49,802;9,944;20,9;4,305555555555555;282,0;0,1;44,0;567930,6533392705;5517043,993212319;;3,36369871517887e-05;-0,4159759356313054;1877,233642578125;9,2957763671875;-19,87542724609375;0,0381515292022492;13,302608695652173
2024-08-21;13975;0,0322;0,0018;0,007;0,0004;49,792;9,946;20,9;4,305555555555555;282,0;0,1;44,0;568088,5932671656;5515934,024955345;;2,7012200348203544e-05;-0,3878038927030437;1877,233642578125;-7,100112915039063;-11,455413818359377;0,0696085571580175;0,9832142857142857
2024-08-21;15449;0,0272;0,0013;0,0062;0,0002;49,784;9,934;21,3;3,861111111111111;291,0;0,1;43,0;567235,976097938;5515033,77807713;;3,085652282084397e-05;-0,3747919448802174;1877,233642578125;8,532821655273438;-18,42616271972656;0,171084050503042;1,6845238095238095
2024-08-21;19623;0,0197;0,0012;0,0023;0,0002;49,798;9,928;20,9;4,027777777777778;289,0;0,1;46,0;566784,8051692393;5516584,912229571;;3,2147530873770835e-05;-0,4136940091848254;1877,233642578125;-7,9800262451171875;-36,69145202636719;0,0886252300302141;1,9905882352941178
2024-08-21;25049;0,0037;0,0002;0,0006;0,0001;49,814;9,918;19,7;3,9166666666666665;289,0;0,2;49,0;566043,3787976378;5518354,912347081;;3,36369866598426e-05;-0,6297884106208703;1877,233642578125;-31,044219970703125;-60,89303588867188;0,217509622697109;2,1397368421052634
2024-08-21;46505;0,0101;0,0007;0,0016;0,0001;49,808;9,968;20,8;4,5;282,0;0,1;42,0;569649,0675175646;5517733,074541176;;;-0,3467738479375682;1877,233642578125;17,007293701171875;24,39009094238281;0,2850785333617234;1,1112765957446809
2024-08-21;1;0,0244;0,0015;0,006;0,0003;49,8047;9,95642;20,9;4,305555555555555;282,0;0,1;44,0;568820,5605106109;5517355,496720748;;;-0,3467738479376163;1877,233642578125;6,3877716064453125;0,1705322265625;0,188156131700969;3,0
2024-08-22;5456;0,0312;0,0023;0,0066;0,0007;49,802;9,944;21,8;2,055555555555556;227,0;0,0;45,0;567930,6533392705;5517043,993212319;0,221;3,799590429761096e-05;-0,1792754135413205;1202,7313232421875;9,2957763671875;-19,87542724609375;0,0381515292022492;12,48521739130435
2024-08-22;13975;0,0322;0,0017;0,0069;0,0005;49,792;9,946;21,8;2,055555555555556;227,0;0,0;45,0;568088,5932671656;5515934,024955345;0,233;3,2436125293480404e-05;-0,1507603703476016;1202,7313232421875;-7,100112915039063;-11,455413818359377;0,0696085571580175;0,9874074074074074
2024-08-22;15449;0,028;0,0014;0,0061;0,0004;49,784;9,934;22,1;2,0;217,0;0,0;45,0;567235,976097938;5515033,77807713;;3,23836957250014e-05;-0,1505468282848553;1202,7313232421875;8,532821655273438;-18,42616271972656;0,171084050503042;1,903888888888889
2024-08-22;19623;0,021;0,0013;0,0026;0,0002;49,798;9,928;21,8;1,9166666666666667;227,0;0,0;46,0;566784,8051692393;5516584,912229571;;3,23836957250014e-05;-0,1505468282848553;1202,7313232421875;-7,9800262451171875;-36,69145202636719;0,0886252300302141;2,0741176470588236
2024-08-22;25049;0,0039;0,0002;0,0007;0,0001;49,814;9,918;20,7;2,055555555555556;227,0;0,0;50,0;566043,3787976378;5518354,912347081;;4,032048309454579e-05;-0,1911748033016865;1202,7313232421875;-31,044219970703125;-60,89303588867188;0,217509622697109;2,0617647058823527
2024-08-22;46505;0,0106;0,0006;0,0019;0,0001;49,808;9,968;21,8;2,055555555555556;223,0;0,0;44,0;569649,0675175646;5517733,074541176;0,202;4,366483289948388e-05;-0,2183454944384921;1202,7313232421875;17,007293701171875;24,39009094238281;0,2850785333617234;1,0548888888888888
2024-08-22;1;0,0247;0,0015;0,0057;0,0003;49,8047;9,95642;21,8;2,055555555555556;227,0;0,0;45,0;568820,5605106109;5517355,496720748;0,203;4,147570944123292e-05;-0,2160464199706483;1202,7313232421875;6,3877716064453125;0,1705322265625;0,188156131700969;4,5
2024-08-23;5456;0,0352;0,0025;0,0084;0,0008;49,802;9,944;26,3;4,888888888888889;223,0;0,0;36,0;567930,6533392705;5517043,993212319;0,158;4,0187991544375225e-05;-0,3021407425403877;1310,880859375;9,2957763671875;-19,87542724609375;0,0381515292022492;10,542173913043479
2024-08-23;13975;0,0372;0,0017;0,0079;0,0005;49,792;9,946;26,3;4,888888888888889;223,0;0,0;36,0;568088,5932671656;5515934,024955345;0,169;3,881067739328658e-05;-0,2497202607357329;1310,880859375;-7,100112915039063;-11,455413818359377;0,0696085571580175;1,4136666666666666
2024-08-23;15449;0,0334;0,0011;0,0075;0,0002;49,784;9,934;26,8;4,694444444444444;218,0;0,0;35,0;567235,976097938;5515033,77807713;0,3475;4,018799154437032e-05;-0,3021407425403508;1310,880859375;8,532821655273438;-18,42616271972656;0,171084050503042;2,2240625
2024-08-23;19623;0,0241;0,0013;0,0031;0,0002;49,798;9,928;26,5;4,666666666666667;222,0;0,0;36,0;566784,8051692393;5516584,912229571;0,165;4,018799154437032e-05;-0,3021407425403508;1310,880859375;-7,9800262451171875;-36,69145202636719;0,0886252300302141;2,6205263157894736
2024-08-23;25049;0,0045;0,0002;0,0008;0,0001;49,814;9,918;25,1;4,944444444444445;222,0;0,0;40,0;566043,3787976378;5518354,912347081;0,169;4,043632626141044e-05;-0,2709685796746027;1310,880859375;-31,044219970703125;-60,89303588867188;0,217509622697109;2,6941176470588233
2024-08-23;46505;0,0122;0,0007;0,0024;0,0002;49,808;9,968;26,3;4,666666666666667;222,0;0,0;35,0;569649,0675175646;5517733,074541176;0,15;3,809631380135952e-05;-0,2225316315889257;1310,880859375;17,007293701171875;24,39009094238281;0,2850785333617234;1,4871739130434782
2024-08-23;1;0,0275;0,0016;0,006;0,0003;49,8047;9,95642;26,3;4,888888888888889;223,0;0,0;36,0;568820,5605106109;5517355,496720748;0,18;3,809631380136481e-05;-0,2225316315889566;1310,880859375;6,3877716064453125;0,1705322265625;0,188156131700969;6,5
2024-08-24;5456;0,0305;0,001;0,0067;0,0002;49,802;9,944;30,9;3,611111111111111;175,0;0,0;36,0;567930,6533392705;5517043,993212319;0,1366666666666666;4,908882244699002e-05;-0,2580575941844385;1646,878662109375;9,2957763671875;-19,87542724609375;0,0381515292022492;11,706888888888887
2024-08-24;13975;0,0305;0,0009;0,0062;0,0003;49,792;9,946;30,9;3,611111111111111;175,0;0,0;36,0;568088,5932671656;5515934,024955345;0,1256666666666666;4,259952766005759e-05;-0,2361999005079201;1646,878662109375;-7,100112915039063;-11,455413818359377;0,0696085571580175;6,878285714285714
2024-08-24;15449;0,0285;0,001;0,0062;0,0002;49,784;9,934;31,5;3,8055555555555554;180,0;0,0;34,0;567235,976097938;5515033,77807713;0,128;4,164191624607119e-05;-0,2894971180432697;1646,878662109375;8,532821655273438;-18,42616271972656;0,171084050503042;8,6009375
2024-08-24;19623;0,0206;0,0007;0,0031;0,0001;49,798;9,928;31,2;3,7222222222222223;174,0;0,0;35,0;566784,8051692393;5516584,912229571;0,139;3,9994553076709285e-05;-0,3811834449967579;1646,878662109375;-7,9800262451171875;-36,69145202636719;0,0886252300302141;7,546969696969697
2024-08-24;25049;0,0037;0,0001;0,0006;0,0;49,814;9,918;29,8;3,8333333333333335;171,0;0,0;39,0;566043,3787976378;5518354,912347081;0,087;5,639217852148997e-05;-0,2826572656631388;1646,878662109375;-31,044219970703125;-60,89303588867188;0,217509622697109;8,492727272727272
2024-08-24;46505;0,0106;0,0004;0,0019;0,0001;49,808;9,968;30,9;3,416666666666667;175,0;0,0;35,0;569649,0675175646;5517733,074541176;0,114;4,259952766005688e-05;-0,2361999005079162;1646,878662109375;17,007293701171875;24,39009094238281;0,2850785333617234;4,671395348837209
2024-08-24;1;0,0232;0,0009;0,0049;0,0002;49,8047;9,95642;30,9;3,611111111111111;175,0;0,0;36,0;568820,5605106109;5517355,496720748;0,1363333333333333;4,2780578195116175e-05;-0,236809727502257;1646,878662109375;6,3877716064453125;0,1705322265625;0,188156131700969;12,5
2024-08-25;5456;0,0203;0,0004;0,0042;0,0001;49,802;9,944;20,6;3,138888888888889;277,0;4,699999999999999;49,0;567930,6533392705;5517043,993212319;;2,852784746210357e-05;-0,3697343766689646;1710,4638671875;9,2957763671875;-19,87542724609375;0,0381515292022492;12,532666666666668
2024-08-25;13975;0,0233;0,0007;0,0044;0,0002;49,792;9,946;20,6;3,138888888888889;277,0;4,699999999999999;49,0;568088,5932671656;5515934,024955345;;2,9824679438055545e-05;-0,4202309896116342;1710,4638671875;-7,100112915039063;-11,455413818359377;0,0696085571580175;1,3575
2024-08-25;15449;0,0211;0,0005;0,0045;0,0001;49,784;9,934;20,8;3,305555555555556;275,0;4,3;47,0;567235,976097938;5515033,77807713;;3,0839698337412644e-05;-0,3816743438426993;1710,4638671875;8,532821655273438;-18,42616271972656;0,171084050503042;2,1434375
2024-08-25;19623;0,0143;0,0004;0,0019;0,0001;49,798;9,928;20,7;3,416666666666667;275,0;4,9;48,0;566784,8051692393;5516584,912229571;;2,852784746210009e-05;-0,3697343766689195;1710,4638671875;-7,9800262451171875;-36,69145202636719;0,0886252300302141;2,376875
2024-08-25;25049;0,0026;0,0001;0,0005;0,0;49,814;9,918;19,6;3,7222222222222223;275,0;5,1000000000000005;53,0;566043,3787976378;5518354,912347081;;2,852784746210009e-05;-0,3697343766689195;1710,4638671875;-31,044219970703125;-60,89303588867188;0,217509622697109;2,755483870967742
2024-08-25;46505;0,0075;0,0002;0,0019;0,0001;49,808;9,968;20,5;3,0277777777777777;276,0;4,300000000000001;47,0;569649,0675175646;5517733,074541176;;2,8527847462099617e-05;-0,3697343766689133;1710,4638671875;17,007293701171875;24,39009094238281;0,2850785333617234;1,394090909090909
2024-08-25;1;0,0172;0,0004;0,0037;0,0002;49,8047;9,95642;20,6;3,138888888888889;277,0;4,699999999999999;49,0;568820,5605106109;5517355,496720748;;2,852784746210357e-05;-0,3697343766689646;1710,4638671875;6,3877716064453125;0,1705322265625;0,188156131700969;1,0
2024-08-26;5456;0,029;0,0025;0,006;0,0008;49,802;9,944;21,7;0,6666666666666666;333,0;0,0;45,0;567930,6533392705;5517043,993212319;0,145;3,314283367217595e-05;-0,2794785723090433;1901,3006591796875;9,2957763671875;-19,87542724609375;0,0381515292022492;12,198297872340424
2024-08-26;13975;0,0322;0,0019;0,007;0,0005;49,792;9,946;21,7;0,6666666666666666;333,0;0,0;45,0;568088,5932671656;5515934,024955345;0,0875;3,689842209599136e-05;-0,244525697610791;1901,3006591796875;-7,100112915039063;-11,455413818359377;0,0696085571580175;2,0193939393939395
2024-08-26;15449;0,0286;0,0015;0,0064;0,0003;49,784;9,934;22,1;0,6111111111111112;270,0;0,0;42,0;567235,976097938;5515033,77807713;0,152;3,314283367217191e-05;-0,2794785723090092;1901,3006591796875;8,532821655273438;-18,42616271972656;0,171084050503042;3,44235294117647
2024-08-26;19623;0,0188;0,0012;0,0027;0,0002;49,798;9,928;21,7;0,8611111111111112;324,0;0,0;45,0;566784,8051692393;5516584,912229571;0,174;3,314283367217191e-05;-0,2794785723090092;1901,3006591796875;-7,9800262451171875;-36,69145202636719;0,0886252300302141;3,029090909090909
2024-08-26;25049;0,0036;0,0002;0,0006;0,0;49,814;9,918;20,2;0,5833333333333334;329,0;0,0;53,0;566043,3787976378;5518354,912347081;;3,340379486706796e-05;-0,2815852700279628;1901,3006591796875;-31,044219970703125;-60,89303588867188;0,217509622697109;3,269473684210526
2024-08-26;46505;0,0102;0,0007;0,0017;0,0002;49,808;9,968;21,5;0,9166666666666666;13,0;0,0;44,0;569649,0675175646;5517733,074541176;0,108;3,449734049354291e-05;-0,2488065194338447;1901,3006591796875;17,007293701171875;24,39009094238281;0,2850785333617234;1,8021739130434784
2024-08-26;1;0,0235;0,0015;0,0056;0,0003;49,8047;9,95642;21,7;0,6666666666666666;333,0;0,0;45,0;568820,5605106109;5517355,496720748;0,104;3,4497340493547696e-05;-0,2488065194338792;1901,3006591796875;6,3877716064453125;0,1705322265625;0,188156131700969;5,5
2024-08-27;5456;0,0292;0,0022;0,0062;0,0007;49,802;9,944;24,7;2,888888888888889;76,0;0,0;49,0;567930,6533392705;5517043,993212319;0,1633333333333333;3,305754851341579e-05;-0,0969158152630019;1803,9278564453125;9,2957763671875;-19,87542724609375;0,0381515292022492;10,692826086956522
2024-08-27;13975;0,0309;0,0018;0,0068;0,0004;49,792;9,946;24,7;2,888888888888889;76,0;0,0;49,0;568088,5932671656;5515934,024955345;0,1356666666666666;3,32465569954356e-05;-0,0917282458394739;1803,9278564453125;-7,100112915039063;-11,455413818359377;0,0696085571580175;3,4390625
2024-08-27;15449;0,0276;0,0016;0,0063;0,0003;49,784;9,934;25,2;2,7222222222222223;73,0;0,0;47,0;567235,976097938;5515033,77807713;0,1346666666666666;3,7875928621612426e-05;-0,1197568695805591;1803,9278564453125;8,532821655273438;-18,42616271972656;0,171084050503042;3,4419444444444443
2024-08-27;19623;0,0194;0,0014;0,0026;0,0002;49,798;9,928;25,0;3,0277777777777777;81,0;0,0;48,0;566784,8051692393;5516584,912229571;0,1666666666666666;3,930209164242362e-05;-0,1141631566429457;1803,9278564453125;-7,9800262451171875;-36,69145202636719;0,0886252300302141;4,250909090909091
2024-08-27;25049;0,0036;0,0003;0,0006;0,0001;49,814;9,918;23,6;3,1111111111111107;84,0;0,0;53,0;566043,3787976378;5518354,912347081;0,1923333333333333;3,100334379268954e-05;-0,1063250321894853;1803,9278564453125;-31,044219970703125;-60,89303588867188;0,217509622697109;4,80375
2024-08-27;46505;0,0099;0,0007;0,0015;0,0001;49,808;9,968;24,6;2,75;71,0;0,0;49,0;569649,0675175646;5517733,074541176;0,1526666666666666;4,27932235185409e-05;-0,0619259881533098;1803,9278564453125;17,007293701171875;24,39009094238281;0,2850785333617234;2,4122222222222223
2024-08-27;1;0,0231;0,0015;0,0055;0,0003;49,8047;9,95642;24,7;2,888888888888889;76,0;0,0;49,0;568820,5605106109;5517355,496720748;0,1666666666666666;3,936383286620113e-05;-0,0681777870789328;1803,9278564453125;6,3877716064453125;0,1705322265625;0,188156131700969;9,0
2024-08-28;5456;0,0305;0,0024;0,0068;0,0008;49,802;9,944;27,4;2,1666666666666665;124,0;0,0;52,0;567930,6533392705;5517043,993212319;0,197;6,764714537680525e-05;-0,2416711732204906;1108,3338623046875;9,2957763671875;-19,87542724609375;0,0381515292022492;12,015652173913043
2024-08-28;13975;0,0318;0,0017;0,0071;0,0004;49,792;9,946;27,4;2,1666666666666665;124,0;0,0;52,0;568088,5932671656;5515934,024955345;0,1463333333333333;4,712049374457019e-05;-0,2216665694379383;1108,3338623046875;-7,100112915039063;-11,455413818359377;0,0696085571580175;7,6243181818181816
2024-08-28;15449;0,0284;0,0016;0,0069;0,0004;49,784;9,934;27,7;1,9166666666666667;129,0;0,0;51,0;567235,976097938;5515033,77807713;0,1393333333333333;6,867479111134652e-05;-0,2556133960862508;1108,3338623046875;8,532821655273438;-18,42616271972656;0,171084050503042;6,790731707317073
2024-08-28;19623;0,0195;0,0014;0,0025;0,0002;49,798;9,928;27,5;2,2777777777777777;128,0;0,0;51,0;566784,8051692393;5516584,912229571;0,1533333333333333;6,955610297154436e-05;-0,2467893809080053;1108,3338623046875;-7,9800262451171875;-36,69145202636719;0,0886252300302141;7,980769230769231
2024-08-28;25049;0,0037;0,0003;0,0006;0,0001;49,814;9,918;26,4;2,4722222222222223;130,0;0,0;55,0;566043,3787976378;5518354,912347081;0,1845;6,955610297154436e-05;-0,2467893809080053;1108,3338623046875;-31,044219970703125;-60,89303588867188;0,217509622697109;9,80872340425532
2024-08-28;46505;0,0104;0,0007;0,0016;0,0002;49,808;9,968;27,0;2,0277777777777777;123,0;0,0;52,0;569649,0675175646;5517733,074541176;0,156;4,736835762741761e-05;-0,187300637364379;1108,3338623046875;17,007293701171875;24,39009094238281;0,2850785333617234;4,668723404255319
2024-08-28;1;0,0247;0,0017;0,0059;0,0003;49,8047;9,95642;27,4;2,1666666666666665;124,0;0,0;52,0;568820,5605106109;5517355,496720748;0,127;4,736835762742418e-05;-0,187300637364405;1108,3338623046875;6,3877716064453125;0,1705322265625;0,188156131700969;14,0
2024-08-29;5456;0,031;0,0022;0,0069;0,0008;49,802;9,944;31,2;0,8333333333333333;194,0;0,0;38,0;567930,6533392705;5517043,993212319;0,1693333333333333;3,549124448909756e-05;-0,4351879358292033;1817,3701171875;9,2957763671875;-19,87542724609375;0,0381515292022492;11,832127659574468
2024-08-29;13975;0,0328;0,0017;0,0069;0,0005;49,792;9,946;31,2;0,8333333333333333;194,0;0,0;38,0;568088,5932671656;5515934,024955345;0,1616666666666666;3,337187445140348e-05;-0,4368905425071591;1817,3701171875;-7,100112915039063;-11,455413818359377;0,0696085571580175;6,389473684210526
2024-08-29;15449;0,0299;0,0014;0,0067;0,0002;49,784;9,934;31,5;0,8611111111111112;201,0;0,0;38,0;567235,976097938;5515033,77807713;0,1633333333333333;3,337187445140348e-05;-0,4368905425071591;1817,3701171875;8,532821655273438;-18,42616271972656;0,171084050503042;5,851944444444444
2024-08-29;19623;0,0207;0,0014;0,003;0,0002;49,798;9,928;31,3;0,7222222222222222;196,0;0,0;39,0;566784,8051692393;5516584,912229571;0,1706666666666666;3,4517182566004085e-05;-0,435970451364206;1817,3701171875;-7,9800262451171875;-36,69145202636719;0,0886252300302141;7,235882352941177
2024-08-29;25049;0,0038;0,0002;0,0007;0,0001;49,814;9,918;29,7;0,6111111111111112;189,0;0,0;45,0;566043,3787976378;5518354,912347081;0,132;3,5491244489093226e-05;-0,4351879358291501;1817,3701171875;-31,044219970703125;-60,89303588867188;0,217509622697109;8,196315789473683
2024-08-29;46505;0,0099;0,0006;0,0018;0,0002;49,808;9,968;31,0;0,6944444444444444;188,0;0,0;37,0;569649,0675175646;5517733,074541176;0,164;3,877750107664987e-05;-0,4324230236160665;1817,3701171875;17,007293701171875;24,39009094238281;0,2850785333617234;4,169777777777777
2024-08-30;5456;0,037;0,0024;0,0089;0,0008;49,802;9,944;30,1;0,9444444444444444;58,0;0,0;45,0;567930,6533392705;5517043,993212319;;4,563364564092325e-05;-0,1442815959453717;2040,0048828125;9,2957763671875;-19,87542724609375;0,0381515292022492;13,617234042553191
2024-08-30;13975;0,04;0,002;0,009;0,0005;49,792;9,946;30,1;0,9444444444444444;58,0;0,0;45,0;568088,5932671656;5515934,024955345;;4,886459197780891e-05;-0,1814501469772155;2040,0048828125;-7,100112915039063;-11,455413818359377;0,0696085571580175;8,602820512820513
2024-08-30;15449;0,0349;0,0015;0,0079;0,0003;49,784;9,934;30,6;0,8611111111111112;45,0;0,0;43,0;567235,976097938;5515033,77807713;;4,567883412592798e-05;-0,1513659519988092;2040,0048828125;8,532821655273438;-18,42616271972656;0,171084050503042;6,637428571428572
2024-08-30;19623;0,0238;0,0012;0,0031;0,0002;49,798;9,928;30,6;0,8611111111111112;54,0;0,0;44,0;566784,8051692393;5516584,912229571;;4,563364564091768e-05;-0,1442815959453541;2040,0048828125;-7,9800262451171875;-36,69145202636719;0,0886252300302141;8,972439024390244
2024-08-30;25049;0,0045;0,0002;0,0008;0,0;49,814;9,918;29,2;0,7222222222222222;56,0;0,0;49,0;566043,3787976378;5518354,912347081;;4,563364564091768e-05;-0,1442815959453541;2040,0048828125;-31,044219970703125;-60,89303588867188;0,217509622697109;10,383
2024-08-30;46505;0,0123;0,0008;0,0023;0,0002;49,808;9,968;29,7;1,0;37,0;0,0;46,0;569649,0675175646;5517733,074541176;;4,563364564091691e-05;-0,1442815959453517;2040,0048828125;17,007293701171875;24,39009094238281;0,2850785333617234;5,092391304347826
2024-08-30;1;0,0297;0,0017;0,0071;0,0003;49,8047;9,95642;30,1;0,9444444444444444;58,0;0,0;45,0;568820,5605106109;5517355,496720748;;4,563364564092325e-05;-0,1442815959453717;2040,0048828125;6,3877716064453125;0,1705322265625;0,188156131700969;10,5
2024-08-31;5456;0,033;0,0011;0,0079;0,0003;49,802;9,944;27,1;3,944444444444444;54,0;0,0;53,0;567930,6533392705;5517043,993212319;0,258;3,265862635915525e-05;-0,5123245212095826;887,425537109375;9,2957763671875;-19,87542724609375;0,0381515292022492;11,037727272727274
2024-08-31;13975;0,0329;0,0012;0,0075;0,0003;49,792;9,946;27,1;3,944444444444444;54,0;0,0;53,0;568088,5932671656;5515934,024955345;0,252;2,9778112548227965e-05;-0,5023505836725091;887,425537109375;-7,100112915039063;-11,455413818359377;0,0696085571580175;5,70275
2024-08-31;15449;0,0305;0,0009;0,0066;0,0002;49,784;9,934;27,6;3,555555555555556;52,0;0,0;52,0;567235,976097938;5515033,77807713;0,2513333333333333;2,9778112548227965e-05;-0,5023505836725091;887,425537109375;8,532821655273438;-18,42616271972656;0,171084050503042;5,13
2024-08-31;19623;0,021;0,0007;0,003;0,0001;49,798;9,928;27,5;3,7777777777777777;58,0;0,0;52,0;566784,8051692393;5516584,912229571;0,2626666666666667;2,9778112548227965e-05;-0,5023505836725091;887,425537109375;-7,9800262451171875;-36,69145202636719;0,0886252300302141;6,512666666666666
2024-08-31;25049;0,004;0,0001;0,0007;0,0;49,814;9,918;26,2;3,944444444444444;60,0;0,0;56,0;566043,3787976378;5518354,912347081;0,2576666666666667;3,268948421464208e-05;-0,5124313682317587;887,425537109375;-31,044219970703125;-60,89303588867188;0,217509622697109;8,0625
2024-08-31;46505;0,0107;0,0004;0,002;0,0001;49,808;9,968;26,9;3,6944444444444446;52,0;0,0;53,0;569649,0675175646;5517733,074541176;0,2453333333333333;3,268948421464153e-05;-0,5124313682317502;887,425537109375;17,007293701171875;24,39009094238281;0,2850785333617234;3,277111111111111
2024-08-31;1;0,0245;0,0009;0,0051;0,0002;49,8047;9,95642;27,1;3,944444444444444;54,0;0,0;53,0;568820,5605106109;5517355,496720748;0,2596666666666667;3,268948421464607e-05;-0,5124313682318213;887,425537109375;6,3877716064453125;0,1705322265625;0,188156131700969;6,5
