date;station_id;prox_kumulativ_car;prox_kumulativ_truck;IDW_car;IDW_truck;lat;lon;icon_temp_2m;icon_wind_speed;icon_wind_direction;icon_precip_12h;icon_relative_humidity;x_utm;y_utm;MAIAC_AOD;S5P_NO2;S5P_UVAI;ERA5_BLH
2024-05-01;5456;0,0216;0,0004;0,0049;0,0001;49,802;9,944;24,2;3,305555555555556;95,0;0,0;42,0;567930,6533392705;5517043,993212319;;3,4009583032460336e-05;-0,5331665836275121;1137,18408203125
2024-05-01;9094;0,004;0,0001;0,0003;0,0;49,796;9,902;24,6;3,222222222222222;97,0;0,0;39,0;564916,3789284342;5516339,731191984;;3,4945558581970756e-05;-0,5723533667624627;1137,18408203125
2024-05-01;10645;0,011;0,0002;0,0017;0,0;49,782;9,932;24,5;3,138888888888889;99,0;0,0;41,0;567094,7661046094;5514809,631751885;;3,4009583032460336e-05;-0,5424846969545394;1137,18408203125
2024-05-01;13975;0,0241;0,0005;0,0049;0,0002;49,792;9,946;24,2;3,305555555555556;95,0;0,0;42,0;568088,5932671656;5515934,024955345;;3,400958303245618e-05;-0,5424846969544732;1137,18408203125
2024-05-01;15449;0,0228;0,0004;0,0043;0,0001;49,784;9,934;24,5;3,138888888888889;99,0;0,0;41,0;567235,976097938;5515033,77807713;;3,400958303245618e-05;-0,5411417079897339;1137,18408203125
2024-05-01;19623;0,0168;0,0004;0,0025;0,0001;49,798;9,928;24,3;3,5277777777777777;98,0;0,0;42,0;566784,8051692393;5516584,912229571;;3,400958303245618e-05;-0,5331665836274472;1137,18408203125
2024-05-01;25049;0,003;0,0001;0,0005;0,0;49,814;9,918;23,3;3,7222222222222223;98,0;0,0;44,0;566043,3787976378;5518354,912347081;;3,4009582211012846e-05;-0,5454667613039412;1137,18408203125
2024-05-01;46505;0,0085;0,0002;0,0015;0,0001;49,808;9,968;24,1;3,222222222222222;95,0;0,0;41,0;569649,0675175646;5517733,074541176;;3,400958303245562e-05;-0,5996256304884285;1137,18408203125
2024-05-01;1;0,02;0,0004;0,0048;0,0001;49,8047;9,95642;24,2;3,305555555555556;95,0;0,0;42,0;568820,5605106109;5517355,496720748;;3,4009583032460336e-05;-0,5419856711402645;1137,18408203125
2024-05-02;5456;0,0339;0,0027;0,0074;0,0009;49,802;9,944;24,2;3,055555555555556;101,0;0,0;44,0;567930,6533392705;5517043,993212319;;3,553311398718838e-05;-0,24520670063319389;1749,4351806640625
2024-05-02;9094;0,006;0,0003;0,0004;0,0;49,796;9,902;24,5;2,805555555555556;107,0;0,0;42,0;564916,3789284342;5516339,731191984;;4,8819716172633006e-05;-0,3782098997806065;1749,4351806640625
2024-05-02;10645;0,0157;0,0008;0,0028;0,0001;49,782;9,932;24,5;2,833333333333333;108,0;0,0;44,0;567094,7661046094;5514809,631751885;0,258;5,4112555517354454e-05;-0,3752638402798329;1749,4351806640625
2024-05-02;13975;0,0367;0,0019;0,0082;0,0005;49,792;9,946;24,2;3,055555555555556;101,0;0,0;44,0;568088,5932671656;5515934,024955345;0,2665;3,5533113987184045e-05;-0,2387539409100941;1749,4351806640625
2024-05-02;15449;0,0323;0,0013;0,0063;0,0002;49,784;9,934;24,5;2,833333333333333;108,0;0,0;44,0;567235,976097938;5515033,77807713;0,282;5,209293981810551e-05;-0,33968752643171957;1749,4351806640625
2024-05-02;19623;0,0234;0,0015;0,0032;0,0002;49,798;9,928;24,2;3,222222222222222;106,0;0,0;45,0;566784,8051692393;5516584,912229571;0,181;5,2622540586300196e-05;-0,3782333795666468;1749,4351806640625
2024-05-02;25049;0,0044;0,0003;0,0007;0,0;49,814;9,918;23,4;3,305555555555556;104,0;0,0;47,0;566043,3787976378;5518354,912347081;0,181;3,3186044755820195e-05;-0,35040961296062767;1749,4351806640625
2024-05-02;46505;0,0131;0,0009;0,002;0,0002;49,808;9,968;24,1;2,972222222222222;104,0;0,0;43,0;569649,0675175646;5517733,074541176;0,2755;3,553311398718345e-05;-0,2387539409100901;1749,4351806640625
2024-05-02;1;0,029;0,002;0,0066;0,0003;49,8047;9,95642;24,2;3,055555555555556;101,0;0,0;44,0;568820,5605106109;5517355,496720748;0,164;3,553311398718838e-05;-0,23875394091012325;1749,4351806640625
2024-05-03;5456;0,0404;0,0021;0,0093;0,0007;49,802;9,944;13,3;4,027777777777778;256,0;0,5;71,0;567930,6533392705;5517043,993212319;;;-0,8694059848786213;990,85107421875
2024-05-03;9094;0,0072;0,0003;0,0006;0,0;49,796;9,902;13,4;3,8055555555555554;252,0;0,1;68,0;564916,3789284342;5516339,731191984;;;-0,9242214560509746;990,85107421875
2024-05-03;10645;0,017;0,0006;0,0032;0,0001;49,782;9,932;13,3;4,083333333333333;248,0;0,1;70,0;567094,7661046094;5514809,631751885;;;-0,3093691317588544;990,85107421875
2024-05-03;13975;0,0408;0,0017;0,0099;0,0004;49,792;9,946;13,3;4,027777777777778;256,0;0,5;71,0;568088,5932671656;5515934,024955345;;;-0,69773721784727;990,85107421875
2024-05-03;15449;0,036;0,001;0,0081;0,0002;49,784;9,934;13,3;4,083333333333333;248,0;0,1;70,0;567235,976097938;5515033,77807713;;;-0,866439685868659;990,85107421875
2024-05-03;19623;0,0284;0,0014;0,0039;0,0002;49,798;9,928;13,1;4,111111111111112;257,0;0,3;72,0;566784,8051692393;5516584,912229571;;;-0,8694059848785152;990,85107421875
2024-05-03;25049;0,0054;0,0002;0,0009;0,0;49,814;9,918;12,2;4,416666666666667;257,0;0,3;75,0;566043,3787976378;5518354,912347081;;;-0,8694059848785152;990,85107421875
2024-05-03;46505;0,0154;0,0008;0,0024;0,0002;49,808;9,968;13,1;3,8055555555555554;256,0;0,4;69,0;569649,0675175646;5517733,074541176;;;-1,1181377147265765;990,85107421875
2024-05-03;1;0,0345;0,0016;0,0077;0,0003;49,8047;9,95642;13,3;4,027777777777778;256,0;0,5;71,0;568820,5605106109;5517355,496720748;;;-0,8694059848786213;990,85107421875
2024-05-04;5456;0,0362;0,001;0,0077;0,0003;49,802;9,944;16,5;2,5277777777777777;124,0;0,0;55,0;567930,6533392705;5517043,993212319;;3,1378545827468066e-05;-1,5926876068116724;1101,417724609375
2024-05-04;9094;0,006;0,0002;0,0004;0,0;49,796;9,902;16,5;2,4444444444444446;125,0;0,0;51,0;564916,3789284342;5516339,731191984;;3,1378545712947294e-05;-1,6009091609561388;1101,417724609375
2024-05-04;10645;0,0149;0,0004;0,0025;0,0001;49,782;9,932;16,2;2,2777777777777777;119,0;0,0;58,0;567094,7661046094;5514809,631751885;;4,659948535846051e-05;-1,8064370155336162;1101,417724609375
2024-05-04;13975;0,036;0,0008;0,0081;0,0002;49,792;9,946;16,5;2,5277777777777777;124,0;0,0;55,0;568088,5932671656;5515934,024955345;;3,432113198525302e-05;-1,7939624278996258;1101,417724609375
2024-05-04;15449;0,0306;0,0007;0,0061;0,0001;49,784;9,934;16,2;2,2777777777777777;119,0;0,0;58,0;567235,976097938;5515033,77807713;;3,934039008862507e-05;-1,7044966933782089;1101,417724609375
2024-05-04;19623;0,0242;0,0007;0,0034;0,0001;49,798;9,928;16,2;2,583333333333333;126,0;0,0;54,0;566784,8051692393;5516584,912229571;;3,137854582746423e-05;-1,592687606811478;1101,417724609375
2024-05-04;25049;0,0045;0,0001;0,0007;0,0;49,814;9,918;15,3;2,2777777777777777;128,0;0,0;57,0;566043,3787976378;5518354,912347081;;3,137854582746423e-05;-1,592687606811478;1101,417724609375
2024-05-04;46505;0,0133;0,0005;0,0021;0,0001;49,808;9,968;16,3;2,138888888888889;118,0;0,0;54,0;569649,0675175646;5517733,074541176;;2,2580905351786782e-05;-1,437352418899471;1101,417724609375
2024-05-04;1;0,0276;0,001;0,0054;0,0002;49,8047;9,95642;16,5;2,5277777777777777;124,0;0,0;55,0;568820,5605106109;5517355,496720748;;2,2580905351789916e-05;-1,4373524188996705;1101,417724609375
2024-05-05;5456;0,0233;0,0004;0,005;0,0001;49,802;9,944;16,5;3,333333333333333;231,0;4,1;75,0;567930,6533392705;5517043,993212319;;;-0,4705267399549924;642,7227783203125
2024-05-05;9094;0,0041;0,0001;0,0003;0,0;49,796;9,902;16,6;3,4722222222222223;221,0;4,699999999999999;75,0;564916,3789284342;5516339,731191984;;;-0,5180401156571581;642,7227783203125
2024-05-05;10645;0,0112;0,0002;0,0015;0,0;49,782;9,932;16,2;3,8333333333333335;221,0;4,3;78,0;567094,7661046094;5514809,631751885;;;-0,5483103767037905;642,7227783203125
2024-05-05;13975;0,0263;0,0004;0,0055;0,0001;49,792;9,946;16,5;3,333333333333333;231,0;4,1;75,0;568088,5932671656;5515934,024955345;;;-0,5484887679340835;642,7227783203125
2024-05-05;15449;0,0233;0,0004;0,0045;0,0001;49,784;9,934;16,2;3,8333333333333335;221,0;4,3;78,0;567235,976097938;5515033,77807713;;;-0,5483103767037234;642,7227783203125
2024-05-05;19623;0,0177;0,0003;0,0027;0,0001;49,798;9,928;16,2;3,416666666666667;232,0;4,7;79,0;566784,8051692393;5516584,912229571;;;-0,5052156671413104;642,7227783203125
2024-05-05;25049;0,003;0,0001;0,0004;0,0;49,814;9,918;15,3;3,305555555555556;241,0;5,5;81,0;566043,3787976378;5518354,912347081;;;-0,4432176483788213;642,7227783203125
2024-05-05;46505;0,0088;0,0003;0,002;0,0001;49,808;9,968;16,3;3,75;226,0;3,5;75,0;569649,0675175646;5517733,074541176;;;-0,7193044871091517;642,7227783203125
2024-05-05;1;0,0193;0,0004;0,0039;0,0002;49,8047;9,95642;16,5;3,333333333333333;231,0;4,1;75,0;568820,5605106109;5517355,496720748;;;-0,6980534129952984;642,7227783203125
2024-05-06;5456;0,034;0,0019;0,0072;0,0007;49,802;9,944;16,9;2,25;225,0;3,7;79,0;567930,6533392705;5517043,993212319;;;-0,6622421797007738;515,964111328125
2024-05-06;9094;0,0058;0,0003;0,0004;0,0;49,796;9,902;17,2;1,8333333333333333;229,0;3,6;75,0;564916,3789284342;5516339,731191984;;;-0,8541381689974028;515,964111328125
2024-05-06;10645;0,015;0,0006;0,0024;0,0001;49,782;9,932;17,0;1,9166666666666667;231,0;3,3;79,0;567094,7661046094;5514809,631751885;;;-0,25755345821383024;515,964111328125
2024-05-06;13975;0,0366;0,0014;0,0087;0,0004;49,792;9,946;16,9;2,25;225,0;3,7;79,0;568088,5932671656;5515934,024955345;;;-0,5509947193388344;515,964111328125
2024-05-06;15449;0,0307;0,001;0,006;0,0002;49,784;9,934;17,0;1,9166666666666667;231,0;3,3;79,0;567235,976097938;5515033,77807713;;;-0,3204396236574947;515,964111328125
2024-05-06;19623;0,0232;0,0013;0,0029;0,0002;49,798;9,928;16,9;2,055555555555556;227,0;3,8;81,0;566784,8051692393;5516584,912229571;;;-0,4815981760620933;515,964111328125
2024-05-06;25049;0,0044;0,0002;0,0007;0,0001;49,814;9,918;16,1;2,1944444444444446;223,0;4,6;84,0;566043,3787976378;5518354,912347081;;;-0,7698646462339679;515,964111328125
2024-05-06;46505;0,0127;0,0007;0,002;0,0002;49,808;9,968;16,7;2,055555555555556;227,0;3,3;77,0;569649,0675175646;5517733,074541176;;;-0,7286479845642714;515,964111328125
2024-05-06;1;0,0282;0,0014;0,0063;0,0003;49,8047;9,95642;16,9;2,25;225,0;3,7;79,0;568820,5605106109;5517355,496720748;;;-0,7286479845643725;515,964111328125
2024-05-07;5456;0,0343;0,0025;0,0074;0,0009;49,802;9,944;14,8;3,944444444444444;54,0;0,0;69,0;567930,6533392705;5517043,993212319;;;-0,7465770840645534;642,9775390625
2024-05-07;9094;0,0059;0,0003;0,0004;0,0;49,796;9,902;15,3;3,333333333333333;51,0;0,0;65,0;564916,3789284342;5516339,731191984;;;-0,8901780545712499;642,9775390625
2024-05-07;10645;0,0149;0,0007;0,0025;0,0001;49,782;9,932;15,0;3,3888888888888884;47,0;0,0;70,0;567094,7661046094;5514809,631751885;;;-0,6420055031777028;642,9775390625
2024-05-07;13975;0,0351;0,0017;0,0083;0,0004;49,792;9,946;14,8;3,944444444444444;54,0;0,0;69,0;568088,5932671656;5515934,024955345;;;-0,6420055031776245;642,9775390625
2024-05-07;15449;0,0313;0,0012;0,0071;0,0002;49,784;9,934;15,0;3,3888888888888884;47,0;0,0;70,0;567235,976097938;5515033,77807713;;;-0,6593383385955357;642,9775390625
2024-05-07;19623;0,0236;0,0014;0,0032;0,0002;49,798;9,928;15,0;3,75;56,0;0,0;69,0;566784,8051692393;5516584,912229571;;;-0,7465770840644623;642,9775390625
2024-05-07;25049;0,0044;0,0003;0,0007;0,0001;49,814;9,918;14,0;3,861111111111111;53,0;0,0;75,0;566043,3787976378;5518354,912347081;;;-0,6980135186451828;642,9775390625
2024-05-07;46505;0,0126;0,0008;0,0019;0,0002;49,808;9,968;14,8;3,7222222222222223;54,0;0,0;67,0;569649,0675175646;5517733,074541176;;;-0,7093448284953477;642,9775390625
2024-05-07;1;0,0291;0,0018;0,0068;0,0003;49,8047;9,95642;14,8;3,944444444444444;54,0;0,0;69,0;568820,5605106109;5517355,496720748;;;-0,7454573759025842;642,9775390625
2024-05-08;5456;0,0359;0,0022;0,008;0,0007;49,802;9,944;14,4;2,75;33,0;0,0;66,0;567930,6533392705;5517043,993212319;;;-0,5303844213486214;829,6437377929688
2024-05-08;9094;0,0062;0,0003;0,0004;0,0;49,796;9,902;14,7;2,583333333333333;28,0;0,0;63,0;564916,3789284342;5516339,731191984;;;-0,5312154585727339;829,6437377929688
2024-05-08;10645;0,0147;0,0006;0,0026;0,0001;49,782;9,932;14,6;2,861111111111111;36,0;0,0;63,0;567094,7661046094;5514809,631751885;;;-0,5477379560471093;829,6437377929688
2024-05-08;13975;0,0373;0,0017;0,0091;0,0005;49,792;9,946;14,4;2,75;33,0;0,0;66,0;568088,5932671656;5515934,024955345;;;-0,46381077992062053;829,6437377929688
2024-05-08;15449;0,031;0,001;0,0075;0,0002;49,784;9,934;14,6;2,861111111111111;36,0;0,0;63,0;567235,976097938;5515033,77807713;;;-0,5477379560470425;829,6437377929688
2024-05-08;19623;0,0244;0,0013;0,0033;0,0002;49,798;9,928;14,2;2,5;29,0;0,0;70,0;566784,8051692393;5516584,912229571;;;-0,5324747731324597;829,6437377929688
2024-05-08;25049;0,0046;0,0003;0,0007;0,0;49,814;9,918;13,1;2,555555555555556;31,0;0,0;75,0;566043,3787976378;5518354,912347081;;;-0,5303844213485566;829,6437377929688
2024-05-08;46505;0,0136;0,0008;0,0022;0,0002;49,808;9,968;14,3;2,972222222222222;45,0;0,0;64,0;569649,0675175646;5517733,074541176;;;-0,4360379278659623;829,6437377929688
2024-05-08;1;0,0304;0,0017;0,0068;0,0003;49,8047;9,95642;14,4;2,75;33,0;0,0;66,0;568820,5605106109;5517355,496720748;;;-0,4360379278660228;829,6437377929688
2024-05-09;5456;0,0229;0,0006;0,005;0,0001;49,802;9,944;18,3;2,4444444444444446;71,0;0,0;39,0;567930,6533392705;5517043,993212319;0,2785;2,9125558285161783e-05;-0,6728264093399677;1846,4326171875
2024-05-09;9094;0,0041;0,0001;0,0003;0,0;49,796;9,902;18,7;2,25;58,0;0,0;35,0;564916,3789284342;5516339,731191984;0,2296666666666666;2,8742761060133016e-05;-0,8780459761620535;1846,4326171875
2024-05-09;10645;0,0114;0,0003;0,0018;0,0;49,782;9,932;18,6;2,4722222222222223;50,0;0,0;38,0;567094,7661046094;5514809,631751885;0,218;2,9125558285161783e-05;-0,6728264093399677;1846,4326171875
2024-05-09;13975;0,0262;0,0007;0,0054;0,0002;49,792;9,946;18,3;2,4444444444444446;71,0;0,0;39,0;568088,5932671656;5515934,024955345;0,267;2,9125558285158225e-05;-0,6728264093398855;1846,4326171875
2024-05-09;15449;0,0228;0,0005;0,0038;0,0001;49,784;9,934;18,6;2,4722222222222223;50,0;0,0;38,0;567235,976097938;5515033,77807713;0,227;2,9125558285158225e-05;-0,6728264093398855;1846,4326171875
2024-05-09;19623;0,017;0,0005;0,0025;0,0001;49,798;9,928;18,3;2,4166666666666665;73,0;0,0;40,0;566784,8051692393;5516584,912229571;0,3025;2,9125558285158225e-05;-0,6728264093398855;1846,4326171875
2024-05-09;25049;0,003;0,0001;0,0005;0,0;49,814;9,918;17,5;2,4444444444444446;81,0;0,0;44,0;566043,3787976378;5518354,912347081;0,308;2,5846099517395605e-05;-0,6975321144339713;1846,4326171875
2024-05-09;46505;0,0091;0,0002;0,0022;0,0001;49,808;9,968;18,2;2,5;61,0;0,0;36,0;569649,0675175646;5517733,074541176;0,2416666666666666;2,6486243805241888e-05;-0,7151683586032542;1846,4326171875
2024-05-09;1;0,0209;0,0004;0,0046;0,0001;49,8047;9,95642;18,3;2,4444444444444446;71,0;0,0;39,0;568820,5605106109;5517355,496720748;0,255;2,9125558285161783e-05;-0,6728264093399677;1846,4326171875
2024-05-10;5456;0,0405;0,0023;0,0087;0,0007;49,802;9,944;20,6;2,111111111111111;45,0;0,0;39,0;567930,6533392705;5517043,993212319;;2,6800728887175904e-05;-0,414848706058014;1846,0538330078125
2024-05-10;9094;0,0073;0,0003;0,0005;0,0;49,796;9,902;21,2;2,0277777777777777;57,0;0,0;33,0;564916,3789284342;5516339,731191984;0,328;2,728350848741823e-05;-0,5442793022808557;1846,0538330078125
2024-05-10;10645;0,0183;0,0008;0,0029;0,0001;49,782;9,932;21,3;1,777777777777778;47,0;0,0;35,0;567094,7661046094;5514809,631751885;;2,8261911211305147e-05;-0,524914026260425;1846,0538330078125
2024-05-10;13975;0,0429;0,0019;0,0103;0,0004;49,792;9,946;20,6;2,111111111111111;45,0;0,0;39,0;568088,5932671656;5515934,024955345;;4,025043956177732e-05;-0,41871302749217426;1846,0538330078125
2024-05-10;15449;0,0376;0,0017;0,0074;0,0004;49,784;9,934;21,3;1,777777777777778;47,0;0,0;35,0;567235,976097938;5515033,77807713;;2,8261910871447366e-05;-0,519634609144109;1846,0538330078125
2024-05-10;19623;0,0296;0,0015;0,0042;0,0002;49,798;9,928;20,6;2,055555555555556;67,0;0,0;40,0;566784,8051692393;5516584,912229571;0,364;2,826191121130169e-05;-0,524914026260361;1846,0538330078125
2024-05-10;25049;0,0055;0,0003;0,0009;0,0;49,814;9,918;19,8;2,138888888888889;79,0;0,0;43,0;566043,3787976378;5518354,912347081;;2,7701390995618184e-05;-0,5660455970851117;1846,0538330078125
2024-05-10;46505;0,0153;0,0008;0,0024;0,0002;49,808;9,968;20,9;1,8611111111111112;36,0;0,0;33,0;569649,0675175646;5517733,074541176;0,366;5,0928978453155166e-05;-0,43905074149368206;1846,0538330078125
2024-05-10;1;0,0335;0,0018;0,0073;0,0003;49,8047;9,95642;20,6;2,111111111111111;45,0;0,0;39,0;568820,5605106109;5517355,496720748;0,362;4,229759569736383e-05;-0,4226119200678169;1846,0538330078125
2024-05-11;5456;0,0367;0,0011;0,0085;0,0003;49,802;9,944;21,6;2,1944444444444446;66,0;0,0;42,0;567930,6533392705;5517043,993212319;;2,991644123540307e-05;-0,5580858774483726;1778,8753662109375
2024-05-11;9094;0,0063;0,0002;0,0004;0,0;49,796;9,902;22,1;2,0;63,0;0,0;39,0;564916,3789284342;5516339,731191984;;3,522096297866704e-05;-0,588688198168664;1778,8753662109375
2024-05-11;10645;0,015;0,0004;0,0025;0,0001;49,782;9,932;22,0;2,055555555555556;67,0;0,0;41,0;567094,7661046094;5514809,631751885;;3,7966658055669454e-05;-0,46671740710739684;1778,8753662109375
2024-05-11;13975;0,036;0,001;0,0078;0,0003;49,792;9,946;21,6;2,1944444444444446;66,0;0,0;42,0;568088,5932671656;5515934,024955345;;3,75451361555005e-05;-0,4633186008595406;1778,8753662109375
2024-05-11;15449;0,03;0,0006;0,0057;0,0001;49,784;9,934;22,0;2,055555555555556;67,0;0,0;41,0;567235,976097938;5515033,77807713;;3,796665805566482e-05;-0,4667174071073399;1778,8753662109375
2024-05-11;19623;0,0255;0,0009;0,0039;0,0001;49,798;9,928;21,6;2,111111111111111;65,0;0,0;44,0;566784,8051692393;5516584,912229571;;3,231382967176833e-05;-0,5340005210015966;1778,8753662109375
2024-05-11;25049;0,0047;0,0001;0,0007;0,0;49,814;9,918;20,5;2,111111111111111;65,0;0,0;48,0;566043,3787976378;5518354,912347081;;2,9916441235399417e-05;-0,5580858774483044;1778,8753662109375
2024-05-11;46505;0,0133;0,0004;0,0021;0,0001;49,808;9,968;21,6;2,1944444444444446;66,0;0,0;40,0;569649,0675175646;5517733,074541176;;3,359043864607199e-05;-0,5262119381368429;1778,8753662109375
2024-05-11;1;0,0283;0,0009;0,0057;0,0002;49,8047;9,95642;21,6;2,1944444444444446;66,0;0,0;42,0;568820,5605106109;5517355,496720748;;3,170960775767741e-05;-0,5293572078878526;1778,8753662109375
2024-05-12;5456;0,0283;0,0008;0,0065;0,0002;49,802;9,944;23,7;1,6666666666666663;123,0;0,0;38,0;567930,6533392705;5517043,993212319;;2,2646530851491047e-05;-0,6803519427776973;1842,58447265625
2024-05-12;9094;0,0052;0,0001;0,0004;0,0;49,796;9,902;23,7;1,9166666666666667;129,0;0,0;37,0;564916,3789284342;5516339,731191984;0,244;1,6924325662384517e-05;-0,6115757735318043;1842,58447265625
2024-05-12;10645;0,0134;0,0003;0,0021;0,0001;49,782;9,932;23,8;1,7222222222222223;126,0;0,0;37,0;567094,7661046094;5514809,631751885;0,246;2,0805362103199904e-05;-0,7007129666631928;1842,58447265625
2024-05-12;13975;0,0315;0,0008;0,0067;0,0002;49,792;9,946;23,7;1,6666666666666663;123,0;0,0;38,0;568088,5932671656;5515934,024955345;0,221;2,0545519873848527e-05;-0,6698669791221427;1842,58447265625
2024-05-12;15449;0,0272;0,0007;0,0049;0,0001;49,784;9,934;23,8;1,7222222222222223;126,0;0,0;37,0;567235,976097938;5515033,77807713;0,23;2,0551865827816948e-05;-0,6947668076575939;1842,58447265625
2024-05-12;19623;0,0215;0,0006;0,0033;0,0001;49,798;9,928;23,4;1,805555555555556;124,0;0,0;40,0;566784,8051692393;5516584,912229571;;1,6583303141015274e-05;-0,6305240802695982;1842,58447265625
2024-05-12;25049;0,0038;0,0001;0,0006;0,0;49,814;9,918;22,2;2,055555555555556;104,0;0,0;46,0;566043,3787976378;5518354,912347081;0,321;2,2814503868556408e-05;-0,6831666315781095;1842,58447265625
2024-05-12;46505;0,0111;0,0003;0,0024;0,0001;49,808;9,968;23,5;1,9166666666666667;129,0;0,0;37,0;569649,0675175646;5517733,074541176;0,238;2,1168898868036336e-05;-0,6729779036239073;1842,58447265625
2024-05-12;1;0,0254;0,0006;0,0056;0,0002;49,8047;9,95642;23,7;1,6666666666666663;123,0;0,0;38,0;568820,5605106109;5517355,496720748;0,359;2,217353136785629e-05;-0,6779914871467296;1842,58447265625
2024-05-13;5456;0,0337;0,0025;0,0071;0,0008;49,802;9,944;24,3;3,055555555555556;131,0;0,0;38,0;567930,6533392705;5517043,993212319;;3,9486339756941285e-05;-0,5297560555753136;1927,8350830078125
2024-05-13;9094;0,0058;0,0003;0,0004;0,0;49,796;9,902;24,5;2,972222222222222;140,0;0,0;37,0;564916,3789284342;5516339,731191984;0,2455;3,356245841947239e-05;-0,4948309269995815;1927,8350830078125
2024-05-13;10645;0,0148;0,0008;0,0022;0,0001;49,782;9,932;24,4;3,194444444444444;141,0;0,0;40,0;567094,7661046094;5514809,631751885;0,2165;;-0,26143485307695924;1927,8350830078125
2024-05-13;13975;0,0356;0,002;0,0081;0,0004;49,792;9,946;24,3;3,055555555555556;131,0;0,0;38,0;568088,5932671656;5515934,024955345;0,2245;;-0,2614348530769273;1927,8350830078125
2024-05-13;15449;0,0306;0,0016;0,0062;0,0003;49,784;9,934;24,4;3,194444444444444;141,0;0,0;40,0;567235,976097938;5515033,77807713;0,192;;-0,2614348530769273;1927,8350830078125
2024-05-13;19623;0,0228;0,0015;0,0029;0,0002;49,798;9,928;24,2;3,1111111111111107;138,0;0,0;39,0;566784,8051692393;5516584,912229571;0,2545;;-0,2614348530769273;1927,8350830078125
2024-05-13;25049;0,0043;0,0003;0,0007;0,0001;49,814;9,918;23,1;3,0277777777777777;136,0;0,0;43,0;566043,3787976378;5518354,912347081;0,3325;3,948633820982537e-05;-0,6852264404296678;1927,8350830078125
2024-05-13;46505;0,0128;0,0008;0,002;0,0002;49,808;9,968;24,1;3,055555555555556;131,0;0,0;38,0;569649,0675175646;5517733,074541176;0,209;3,786832364896998e-05;-0,4188035471201584;1927,8350830078125
2024-05-13;1;0,029;0,0018;0,0067;0,0003;49,8047;9,95642;24,3;3,055555555555556;131,0;0,0;38,0;568820,5605106109;5517355,496720748;0,223;3,9486337344527164e-05;-0,4362967159742117;1927,8350830078125
2024-05-14;5456;0,0322;0,0024;0,007;0,0007;49,802;9,944;24,7;3,7777777777777777;112,0;0,0;37,0;567930,6533392705;5517043,993212319;0,148;3,6056659155295804e-05;-0,4475185573101462;2218,517822265625
2024-05-14;9094;0,0058;0,0003;0,0004;0,0;49,796;9,902;25,1;3,8055555555555554;113,0;0,0;33,0;564916,3789284342;5516339,731191984;0,2115;3,6875422806027475e-05;-0,71094274957403;2218,517822265625
2024-05-14;10645;0,0149;0,0009;0,0024;0,0001;49,782;9,932;25,1;3,888888888888889;116,0;0,0;35,0;567094,7661046094;5514809,631751885;;3,4514644314691703e-05;-0,46333897572536653;2218,517822265625
2024-05-14;13975;0,0352;0,0022;0,0079;0,0005;49,792;9,946;24,7;3,7777777777777777;112,0;0,0;37,0;568088,5932671656;5515934,024955345;0,1885;3,2875461122765046e-05;-0,4495690864918006;2218,517822265625
2024-05-14;15449;0,0314;0,0017;0,0067;0,0004;49,784;9,934;25,1;3,888888888888889;116,0;0,0;35,0;567235,976097938;5515033,77807713;0,138;3,6056659155291406e-05;-0,44751855731009155;2218,517822265625
2024-05-14;19623;0,0225;0,0016;0,0029;0,0003;49,798;9,928;24,8;4,111111111111112;113,0;0,0;36,0;566784,8051692393;5516584,912229571;0,217;3,6056659155291406e-05;-0,44751855731009155;2218,517822265625
2024-05-14;25049;0,0043;0,0003;0,0007;0,0001;49,814;9,918;23,6;4,222222222222222;112,0;0,0;40,0;566043,3787976378;5518354,912347081;0,2126666666666666;3,6056659155291406e-05;-0,44751855731009155;2218,517822265625
2024-05-14;46505;0,012;0,0008;0,0018;0,0002;49,808;9,968;24,6;3,6666666666666665;112,0;0,0;35,0;569649,0675175646;5517733,074541176;0,142;1,2752432667184043e-05;-0,46253994107244306;2218,517822265625
2024-05-14;1;0,0274;0,0018;0,0062;0,0003;49,8047;9,95642;24,7;3,7777777777777777;112,0;0,0;37,0;568820,5605106109;5517355,496720748;0,145;1,3657508747644889e-05;-0,4619565492510759;2218,517822265625
2024-05-15;5456;0,034;0,0024;0,0073;0,0007;49,802;9,944;22,0;1,6666666666666663;163,0;0,0;46,0;567930,6533392705;5517043,993212319;;5,948355828878095e-05;-1,3906166553498613;830,6434326171875
2024-05-15;9094;0,0061;0,0003;0,0005;0,0;49,796;9,902;22,2;1,5555555555555554;165,0;0,0;45,0;564916,3789284342;5516339,731191984;;5,177925049793546e-05;-1,3722504377366624;830,6434326171875
2024-05-15;10645;0,0151;0,0008;0,0024;0,0001;49,782;9,932;22,2;1,5;172,0;0,0;46,0;567094,7661046094;5514809,631751885;;4,934439130011476e-05;-1,3417731523515048;830,6434326171875
2024-05-15;13975;0,0368;0,0017;0,0082;0,0004;49,792;9,946;22,0;1,6666666666666663;163,0;0,0;46,0;568088,5932671656;5515934,024955345;;4,9120833647344174e-05;-1,3784936702156227;830,6434326171875
2024-05-15;15449;0,0308;0,0015;0,006;0,0003;49,784;9,934;22,2;1,5;172,0;0,0;46,0;567235,976097938;5515033,77807713;;5,261380883901206e-05;-1,3683803655795648;830,6434326171875
2024-05-15;19623;0,0235;0,0015;0,003;0,0002;49,798;9,928;22,0;1,777777777777778;164,0;0,0;46,0;566784,8051692393;5516584,912229571;;5,1815364824184044e-05;-1,372336530295766;830,6434326171875
2024-05-15;25049;0,0045;0,0003;0,0007;0,0001;49,814;9,918;21,1;1,8888888888888888;162,0;0,0;49,0;566043,3787976378;5518354,912347081;;5,860428493727134e-05;-1,388520564934441;830,6434326171875
2024-05-15;46505;0,0129;0,0008;0,002;0,0002;49,808;9,968;21,9;1,5833333333333333;162,0;0,0;45,0;569649,0675175646;5517733,074541176;;5,948355828877269e-05;-1,3906166553496684;830,6434326171875
2024-05-15;1;0,0296;0,0017;0,0068;0,0003;49,8047;9,95642;22,0;1,6666666666666663;163,0;0,0;46,0;568820,5605106109;5517355,496720748;;5,948355828878095e-05;-1,3906166553498613;830,6434326171875
2024-05-16;5456;0,0363;0,0023;0,008;0,0009;49,802;9,944;17,2;2,1944444444444446;129,0;1,6;70,0;567930,6533392705;5517043,993212319;;;-0,8623606916517825;779,9595336914062
2024-05-16;9094;0,0061;0,0003;0,0004;0,0;49,796;9,902;17,4;2,1944444444444446;129,0;2,7;69,0;564916,3789284342;5516339,731191984;;;-0,7119936527289541;779,9595336914062
2024-05-16;10645;0,0159;0,0007;0,0026;0,0001;49,782;9,932;17,4;2,1944444444444446;137,0;2,4;71,0;567094,7661046094;5514809,631751885;;;-0,969205409288497;779,9595336914062
2024-05-16;13975;0,0375;0,0017;0,009;0,0004;49,792;9,946;17,2;2,1944444444444446;129,0;1,6;70,0;568088,5932671656;5515934,024955345;;;-0,9719610835504725;779,9595336914062
2024-05-16;15449;0,0334;0,0014;0,0073;0,0003;49,784;9,934;17,4;2,1944444444444446;137,0;2,4;71,0;567235,976097938;5515033,77807713;;;-0,9692054092883786;779,9595336914062
2024-05-16;19623;0,0232;0,0012;0,0032;0,0002;49,798;9,928;17,2;2,1944444444444446;129,0;2,4000000000000004;71,0;566784,8051692393;5516584,912229571;;;-0,8872984734607984;779,9595336914062
2024-05-16;25049;0,0046;0,0002;0,0008;0,0001;49,814;9,918;16,4;2,1944444444444446;129,0;2,6;75,0;566043,3787976378;5518354,912347081;;;-0,8567388740136817;779,9595336914062
2024-05-16;46505;0,0133;0,0008;0,0022;0,0002;49,808;9,968;16,9;2,138888888888889;131,0;1,4;69,0;569649,0675175646;5517733,074541176;;;-0,9345312472432429;779,9595336914062
2024-05-16;1;0,0299;0,0018;0,0066;0,0003;49,8047;9,95642;17,2;2,1944444444444446;129,0;1,6;70,0;568820,5605106109;5517355,496720748;;;-0,934075188647573;779,9595336914062
2024-05-17;5456;0,0423;0,0019;0,009;0,0005;49,802;9,944;15,2;2,638888888888889;169,0;2,7;84,0;567930,6533392705;5517043,993212319;;;-0,6030389187106889;503,7294921875
2024-05-17;9094;0,0077;0,0003;0,0006;0,0;49,796;9,902;14,8;3,2777777777777777;203,0;2,8;82,0;564916,3789284342;5516339,731191984;;;-0,8644148698682732;503,7294921875
2024-05-17;10645;0,0194;0,0007;0,0031;0,0001;49,782;9,932;14,6;3,333333333333333;213,0;2,9;83,0;567094,7661046094;5514809,631751885;;;-0,6260456740856756;503,7294921875
2024-05-17;13975;0,0471;0,0019;0,0117;0,0005;49,792;9,946;15,2;2,638888888888889;169,0;2,7;84,0;568088,5932671656;5515934,024955345;;;-0,5873242467641663;503,7294921875
2024-05-17;15449;0,0404;0,0014;0,0082;0,0003;49,784;9,934;14,6;3,333333333333333;213,0;2,9;83,0;567235,976097938;5515033,77807713;;;-0,6260456740855992;503,7294921875
2024-05-17;19623;0,03;0,0014;0,0042;0,0002;49,798;9,928;15,1;2,888888888888889;178,0;2,7;85,0;566784,8051692393;5516584,912229571;;;-0,6260456740855992;503,7294921875
2024-05-17;25049;0,0058;0,0002;0,0009;0,0;49,814;9,918;14,6;2,1666666666666665;158,0;3,1;85,0;566043,3787976378;5518354,912347081;;;-0,7816688567399754;503,7294921875
2024-05-17;46505;0,0162;0,0007;0,0025;0,0002;49,808;9,968;14,6;3,138888888888889;187,0;2,8;84,0;569649,0675175646;5517733,074541176;;;-0,5053137467130323;503,7294921875
2024-05-17;1;0,036;0,0015;0,008;0,0003;49,8047;9,95642;15,2;2,638888888888889;169,0;2,7;84,0;568820,5605106109;5517355,496720748;;;-0,5040919888671171;503,7294921875
2024-05-18;5456;0,0378;0,0011;0,008;0,0003;49,802;9,944;15,8;3,083333333333333;241,0;0,0;72,0;567930,6533392705;5517043,993212319;;;-1,3436972950003034;628,9815673828125
2024-05-18;9094;0,0062;0,0002;0,0004;0,0;49,796;9,902;16,1;3,0;240,0;0,0;70,0;564916,3789284342;5516339,731191984;;;-1,3521771430970726;628,9815673828125
2024-05-18;10645;0,0146;0,0004;0,0023;0,0001;49,782;9,932;16,1;3,055555555555556;238,0;0,0;73,0;567094,7661046094;5514809,631751885;;;-1,053177803754905;628,9815673828125
2024-05-18;13975;0,0379;0,0009;0,0084;0,0002;49,792;9,946;15,8;3,083333333333333;241,0;0,0;72,0;568088,5932671656;5515934,024955345;;;-1,0531778037547763;628,9815673828125
2024-05-18;15449;0,0295;0,0007;0,0065;0,0002;49,784;9,934;16,1;3,055555555555556;238,0;0,0;73,0;567235,976097938;5515033,77807713;;;-1,0531778037547763;628,9815673828125
2024-05-18;19623;0,0249;0,0007;0,0033;0,0001;49,798;9,928;15,9;3,1666666666666665;246,0;0,0;73,0;566784,8051692393;5516584,912229571;;;-1,206575778152184;628,9815673828125
2024-05-18;25049;0,0047;0,0001;0,0007;0,0;49,814;9,918;14,8;3,4444444444444446;248,0;0,0;78,0;566043,3787976378;5518354,912347081;;;-1,3117126449651302;628,9815673828125
2024-05-18;46505;0,0143;0,0005;0,0024;0,0001;49,808;9,968;15,7;2,9166666666666665;239,0;0,0;71,0;569649,0675175646;5517733,074541176;;;-1,0654431342225272;628,9815673828125
2024-05-18;1;0,0294;0,001;0,0056;0,0002;49,8047;9,95642;15,8;3,083333333333333;241,0;0,0;72,0;568820,5605106109;5517355,496720748;;;-1,06030108543986;628,9815673828125
2024-05-19;5456;0,0217;0,0005;0,0049;0,0001;49,802;9,944;17,5;3,6944444444444446;232,0;0,4;69,0;567930,6533392705;5517043,993212319;;;-1,0668806952644971;1269,1959228515625
2024-05-19;9094;0,0038;0,0001;0,0003;0,0;49,796;9,902;17,9;3,75;228,0;0,3;68,0;564916,3789284342;5516339,731191984;;;-1,472710967064066;1269,1959228515625
2024-05-19;10645;0,0089;0,0001;0,0016;0,0;49,782;9,932;17,7;4,027777777777778;228,0;0,3;72,0;567094,7661046094;5514809,631751885;;;-1,0669060945511861;1269,1959228515625
2024-05-19;13975;0,0214;0,0004;0,0042;0,0002;49,792;9,946;17,5;3,6944444444444446;232,0;0,4;69,0;568088,5932671656;5515934,024955345;;;-1,0669060945510558;1269,1959228515625
2024-05-19;15449;0,0177;0,0003;0,0035;0,0001;49,784;9,934;17,7;4,027777777777778;228,0;0,3;72,0;567235,976097938;5515033,77807713;;;-1,0669060945510558;1269,1959228515625
2024-05-19;19623;0,0164;0,0004;0,0026;0,0001;49,798;9,928;17,7;3,8333333333333335;231,0;0,2;71,0;566784,8051692393;5516584,912229571;;;-1,0669060945510558;1269,1959228515625
2024-05-19;25049;0,0028;0,0001;0,0004;0,0;49,814;9,918;16,8;4,111111111111112;229,0;0,1;74,0;566043,3787976378;5518354,912347081;;;-0,9486921429633822;1269,1959228515625
2024-05-19;46505;0,0082;0,0002;0,0019;0,0001;49,808;9,968;17,4;3,4722222222222223;231,0;0,4;65,0;569649,0675175646;5517733,074541176;;;-0,9608330904034459;1269,1959228515625
2024-05-19;1;0,0188;0,0004;0,004;0,0001;49,8047;9,95642;17,5;3,6944444444444446;232,0;0,4;69,0;568820,5605106109;5517355,496720748;;;-1,0548182568179467;1269,1959228515625
2024-05-20;5456;0,0236;0,0005;0,0052;0,0001;49,802;9,944;20,5;1,2222222222222223;9,0;0,0;53,0;567930,6533392705;5517043,993212319;;2,3784156828122064e-05;-1,0518655606620135;1184,525390625
2024-05-20;9094;0,0041;0,0001;0,0003;0,0;49,796;9,902;20,9;0,6111111111111112;9,0;0,0;47,0;564916,3789284342;5516339,731191984;0,383;2,256824336655221e-05;-1,093515753746153;1184,525390625
2024-05-20;10645;0,0113;0,0002;0,0017;0,0001;49,782;9,932;20,8;0,1388888888888889;315,0;0,0;49,0;567094,7661046094;5514809,631751885;;2,971762660309019e-05;-1,0223826169968606;1184,525390625
2024-05-20;13975;0,026;0,0006;0,0052;0,0002;49,792;9,946;20,5;1,2222222222222223;9,0;0,0;53,0;568088,5932671656;5515934,024955345;0,508;1,889917257358266e-05;-0,9184190630912518;1184,525390625
2024-05-20;15449;0,023;0,0004;0,0043;0,0001;49,784;9,934;20,8;0,1388888888888889;315,0;0,0;49,0;567235,976097938;5515033,77807713;0,5;2,8037741337945383e-05;-1,0390966706229539;1184,525390625
2024-05-20;19623;0,017;0,0004;0,0023;0,0001;49,798;9,928;20,4;1,0;360,0;0,0;55,0;566784,8051692393;5516584,912229571;0,3185;2,2568243366549076e-05;-1,0935157537460014;1184,525390625
2024-05-20;25049;0,0031;0,0001;0,0005;0,0;49,814;9,918;19,3;1,1111111111111112;10,0;0,0;62,0;566043,3787976378;5518354,912347081;;2,2623715846394538e-05;-1,091615586037292;1184,525390625
2024-05-20;46505;0,009;0,0003;0,002;0,0001;49,808;9,968;20,3;1,3055555555555556;23,0;0,0;51,0;569649,0675175646;5517733,074541176;;2,6225874535156156e-05;-0,9682263731956043;1184,525390625
2024-05-20;1;0,0209;0,0006;0,0046;0,0002;49,8047;9,95642;20,5;1,2222222222222223;9,0;0,0;53,0;568820,5605106109;5517355,496720748;;2,6225874535159798e-05;-0,9682263731957387;1184,525390625
2024-05-21;5456;0,0346;0,0023;0,0074;0,0007;49,802;9,944;20,2;2,25;122,0;0,1;64,0;567930,6533392705;5517043,993212319;;;-0,7927211821079995;325,3284912109375
2024-05-21;9094;0,0057;0,0003;0,0004;0,0;49,796;9,902;20,4;2,1944444444444446;120,0;0,0;63,0;564916,3789284342;5516339,731191984;;;-0,8395538628102274;325,3284912109375
2024-05-21;10645;0,0148;0,0008;0,0023;0,0002;49,782;9,932;20,1;2,055555555555556;129,0;0,0;67,0;567094,7661046094;5514809,631751885;;;-0,8213908590522787;325,3284912109375
2024-05-21;13975;0,0352;0,0019;0,0079;0,0005;49,792;9,946;20,2;2,25;122,0;0,1;64,0;568088,5932671656;5515934,024955345;;;-0,8050200939178236;325,3284912109375
2024-05-21;15449;0,0308;0,0015;0,0063;0,0003;49,784;9,934;20,1;2,055555555555556;129,0;0,0;67,0;567235,976097938;5515033,77807713;;;-0,8073324253812516;325,3284912109375
2024-05-21;19623;0,0228;0,0014;0,0029;0,0002;49,798;9,928;20,1;2,1944444444444446;120,0;0,2;65,0;566784,8051692393;5516584,912229571;;;-0,8228049058222139;325,3284912109375
2024-05-21;25049;0,0043;0,0003;0,0007;0,0001;49,814;9,918;19,0;2,333333333333333;115,0;0,1;70,0;566043,3787976378;5518354,912347081;;;-0,8316179419779087;325,3284912109375
2024-05-21;46505;0,0127;0,0009;0,0019;0,0002;49,808;9,968;20,0;2,1666666666666665;124,0;0,1;64,0;569649,0675175646;5517733,074541176;;;-0,7927211821078894;325,3284912109375
2024-05-21;1;0,0283;0,0021;0,0063;0,0004;49,8047;9,95642;20,2;2,25;122,0;0,1;64,0;568820,5605106109;5517355,496720748;;;-0,7927211821079995;325,3284912109375
2024-05-22;5456;0,0322;0,0024;0,0068;0,0008;49,802;9,944;17,4;3,3611111111111107;258,0;0,0;67,0;567930,6533392705;5517043,993212319;;;-1,081682885288295;1113,051025390625
2024-05-22;9094;0,0056;0,0003;0,0004;0,0;49,796;9,902;18,3;2,9166666666666665;264,0;0,0;61,0;564916,3789284342;5516339,731191984;;;-1,2652767449618778;1113,051025390625
2024-05-22;10645;0,013;0,0006;0,0021;0,0001;49,782;9,932;18,1;3,0277777777777777;264,0;0,0;64,0;567094,7661046094;5514809,631751885;;;-1,2652767449618567;1113,051025390625
2024-05-22;13975;0,0323;0,0016;0,0079;0,0004;49,792;9,946;17,4;3,3611111111111107;258,0;0,0;67,0;568088,5932671656;5515934,024955345;;;-1,2596197792591024;1113,051025390625
2024-05-22;15449;0,0277;0,0011;0,0063;0,0003;49,784;9,934;18,1;3,0277777777777777;264,0;0,0;64,0;567235,976097938;5515033,77807713;;;-1,2652767449617024;1113,051025390625
2024-05-22;19623;0,0222;0,0015;0,0028;0,0002;49,798;9,928;17,5;3,222222222222222;263,0;0,0;67,0;566784,8051692393;5516584,912229571;;;-1,2652767449617024;1113,051025390625
2024-05-22;25049;0,0042;0,0003;0,0007;0,0001;49,814;9,918;16,5;3,4444444444444446;260,0;0,0;71,0;566043,3787976378;5518354,912347081;;;-0,9486077618933411;1113,051025390625
2024-05-22;46505;0,0125;0,0008;0,002;0,0002;49,808;9,968;17,4;3,4444444444444446;260,0;0,0;65,0;569649,0675175646;5517733,074541176;;;-1,2935700428390269;1113,051025390625
2024-05-22;1;0,0283;0,0018;0,0066;0,0003;49,8047;9,95642;17,4;3,3611111111111107;258,0;0,0;67,0;568820,5605106109;5517355,496720748;;;-1,2745644294360705;1113,051025390625
2024-05-23;5456;0,0254;0,0019;0,0073;0,0007;49,802;9,944;21,1;2,0277777777777777;261,0;0,0;47,0;567930,6533392705;5517043,993212319;;;-0,38807597044281983;1239,306396484375
2024-05-23;9094;0,0054;0,0003;0,0004;0,0;49,796;9,902;21,5;1,7222222222222223;263,0;0,0;43,0;564916,3789284342;5516339,731191984;;;-0,27566237565047075;1239,306396484375
2024-05-23;10645;0,0144;0,0008;0,0025;0,0002;49,782;9,932;21,1;1,9444444444444444;258,0;0,0;47,0;567094,7661046094;5514809,631751885;0,34;;-0,2861535400152474;1239,306396484375
2024-05-23;13975;0,0322;0,0016;0,0081;0,0004;49,792;9,946;21,1;2,0277777777777777;261,0;0,0;47,0;568088,5932671656;5515934,024955345;0,359;;-0,4576733692998798;1239,306396484375
2024-05-23;15449;0,0302;0,0016;0,0062;0,0004;49,784;9,934;21,1;1,9444444444444444;258,0;0,0;47,0;567235,976097938;5515033,77807713;0,338;;-0,2861535400152124;1239,306396484375
2024-05-23;19623;0,0194;0,0012;0,003;0,0002;49,798;9,928;21,3;2,0;264,0;0,0;47,0;566784,8051692393;5516584,912229571;;;-0,30647608757547506;1239,306396484375
2024-05-23;25049;0,004;0,0002;0,0007;0,0001;49,814;9,918;20,3;2,0;264,0;0,0;50,0;566043,3787976378;5518354,912347081;;;-0,5701280006699294;1239,306396484375
2024-05-23;46505;0,0117;0,0008;0,002;0,0002;49,808;9,968;20,7;1,9166666666666667;264,0;0,0;45,0;569649,0675175646;5517733,074541176;0,402;;-0,5425069302941604;1239,306396484375
2024-05-23;1;0,0266;0,0017;0,0063;0,0003;49,8047;9,95642;21,1;2,0277777777777777;261,0;0,0;47,0;568820,5605106109;5517355,496720748;;;-0,4906020954554521;1239,306396484375
2024-05-24;5456;0,039;0,0022;0,0092;0,0007;49,802;9,944;17,8;1,5555555555555554;230,0;5,8;72,0;567930,6533392705;5517043,993212319;;;-0,9310670495034135;600,175048828125
2024-05-24;9094;0,0066;0,0003;0,0005;0,0;49,796;9,902;18,0;1,5;228,0;5,1000000000000005;69,0;564916,3789284342;5516339,731191984;;;-0,6783882828396083;600,175048828125
2024-05-24;10645;0,0155;0,0006;0,0026;0,0001;49,782;9,932;17,8;1,6388888888888888;227,0;5,6000000000000005;73,0;567094,7661046094;5514809,631751885;;;-0,4685331583023509;600,175048828125
2024-05-24;13975;0,0403;0,0016;0,0096;0,0004;49,792;9,946;17,8;1,5555555555555554;230,0;5,8;72,0;568088,5932671656;5515934,024955345;;;-0,5355609688744103;600,175048828125
2024-05-24;15449;0,0322;0,001;0,0072;0,0002;49,784;9,934;17,8;1,6388888888888888;227,0;5,6000000000000005;73,0;567235,976097938;5515033,77807713;;;-0,4685331583022937;600,175048828125
2024-05-24;19623;0,0254;0,0013;0,0033;0,0002;49,798;9,928;17,6;1,5555555555555554;230,0;5,300000000000001;74,0;566784,8051692393;5516584,912229571;;;-0,674235377322051;600,175048828125
2024-05-24;25049;0,005;0,0002;0,0009;0,0;49,814;9,918;16,6;1,6944444444444442;230,0;5,2;79,0;566043,3787976378;5518354,912347081;;;-0,9310670495032998;600,175048828125
2024-05-24;46505;0,0147;0,0008;0,0025;0,0002;49,808;9,968;17,8;1,5555555555555554;225,0;5,7;69,0;569649,0675175646;5517733,074541176;;;-0,9438640140324838;600,175048828125
2024-05-24;1;0,032;0,0017;0,0067;0,0003;49,8047;9,95642;17,8;1,5555555555555554;230,0;5,8;72,0;568820,5605106109;5517355,496720748;;;-0,9345748644708212;600,175048828125
2024-05-25;5456;0,034;0,0013;0,0074;0,0003;49,802;9,944;19,5;0,9444444444444444;198,0;0,0;60,0;567930,6533392705;5517043,993212319;;;-0,9174600839615726;1504,515380859375
2024-05-25;9094;0,0055;0,0002;0,0004;0,0;49,796;9,902;19,8;1,3055555555555556;203,0;0,0;59,0;564916,3789284342;5516339,731191984;;;-1,269251227378985;1504,515380859375
2024-05-25;10645;0,0121;0,0004;0,0021;0,0001;49,782;9,932;19,5;1,4444444444444444;205,0;0,0;64,0;567094,7661046094;5514809,631751885;;;-1,2269932718157186;1504,515380859375
2024-05-25;13975;0,033;0,001;0,0083;0,0002;49,792;9,946;19,5;0,9444444444444444;198,0;0,0;60,0;568088,5932671656;5515934,024955345;0,421;;-0,9256967439413686;1504,515380859375
2024-05-25;15449;0,0247;0,0008;0,0058;0,0002;49,784;9,934;19,5;1,4444444444444444;205,0;0,0;64,0;567235,976097938;5515033,77807713;0,491;;-0,9912068571667723;1504,515380859375
2024-05-25;19623;0,0223;0,0009;0,003;0,0002;49,798;9,928;19,4;1,3333333333333333;207,0;0,0;65,0;566784,8051692393;5516584,912229571;;;-1,168536415580107;1504,515380859375
2024-05-25;25049;0,0042;0,0001;0,0007;0,0;49,814;9,918;18,2;1,3333333333333333;207,0;0,0;71,0;566043,3787976378;5518354,912347081;;;-0,9174600839614605;1504,515380859375
2024-05-25;46505;0,0124;0,0005;0,002;0,0001;49,808;9,968;19,4;1,0;186,0;0,0;60,0;569649,0675175646;5517733,074541176;;;-0,9174600839614453;1504,515380859375
2024-05-25;1;0,0261;0,0011;0,0051;0,0002;49,8047;9,95642;19,5;0,9444444444444444;198,0;0,0;60,0;568820,5605106109;5517355,496720748;;;-0,9174600839615726;1504,515380859375
2024-05-26;5456;0,0245;0,0005;0,0053;0,0001;49,802;9,944;23,4;2,333333333333333;160,0;0,0;47,0;567930,6533392705;5517043,993212319;;2,4946810299300126e-05;-0,2870937287807733;1491,151123046875
2024-05-26;9094;0,0042;0,0001;0,0004;0,0;49,796;9,902;23,8;2,388888888888889;165,0;0,0;44,0;564916,3789284342;5516339,731191984;0,141;6,432352165575847e-06;-0,33615174889568217;1491,151123046875
2024-05-26;10645;0,0113;0,0002;0,0018;0,0;49,782;9,932;23,5;2,4722222222222223;166,0;0,0;48,0;567094,7661046094;5514809,631751885;0,167;6,432352165575741e-06;-0,3766636781568628;1491,151123046875
2024-05-26;13975;0,0342;0,0007;0,0103;0,0002;49,792;9,946;23,4;2,333333333333333;160,0;0,0;47,0;568088,5932671656;5515934,024955345;0,167;2,494681029929708e-05;-0,28709372878073824;1491,151123046875
2024-05-26;15449;0,0228;0,0004;0,0039;0,0001;49,784;9,934;23,5;2,4722222222222223;166,0;0,0;48,0;567235,976097938;5515033,77807713;;1,1709815280725249e-05;-0,33999482200718356;1491,151123046875
2024-05-26;19623;0,0158;0,0004;0,003;0,0001;49,798;9,928;23,5;2,4444444444444446;161,0;0,0;47,0;566784,8051692393;5516584,912229571;;6,989785938601984e-06;-0,3588582205283487;1491,151123046875
2024-05-26;25049;0,0032;0,0001;0,0006;0,0;49,814;9,918;22,5;2,4166666666666665;163,0;0,0;52,0;566043,3787976378;5518354,912347081;0,209;2,4208188255274748e-05;-0,2956087617482528;1491,151123046875
2024-05-26;46505;0,0088;0,0002;0,0019;0,0001;49,808;9,968;23,3;2,25;159,0;0,0;45,0;569649,0675175646;5517733,074541176;0,219;2,4946810299296663e-05;-0,28709372878073347;1491,151123046875
2024-05-26;1;0,0201;0,0004;0,0041;0,0001;49,8047;9,95642;23,4;2,333333333333333;160,0;0,0;47,0;568820,5605106109;5517355,496720748;0,2345;2,4946810299300126e-05;-0,2870937287807733;1491,151123046875
2024-05-27;5456;0,0317;0,0023;0,0067;0,0008;49,802;9,944;20,7;2,055555555555556;209,0;1,8;62,0;567930,6533392705;5517043,993212319;;1,6570276784479304e-05;-1,3128307908774648;1033,188232421875
2024-05-27;9094;0,0053;0,0003;0,0004;0,0;49,796;9,902;21,0;1,8333333333333333;209,0;1,9;59,0;564916,3789284342;5516339,731191984;;8,593596499626903e-06;-1,212138344346513;1033,188232421875
2024-05-27;10645;0,0141;0,0007;0,0023;0,0001;49,782;9,932;20,9;1,8888888888888888;212,0;2,0;63,0;567094,7661046094;5514809,631751885;;1,6570276784479304e-05;-1,4344154298306853;1033,188232421875
2024-05-27;13975;0,0334;0,0018;0,0075;0,0004;49,792;9,946;20,7;2,055555555555556;209,0;1,8;62,0;568088,5932671656;5515934,024955345;;1,657027678447728e-05;-1,43441542983051;1033,188232421875
2024-05-27;15449;0,0299;0,0012;0,0063;0,0002;49,784;9,934;20,9;1,8888888888888888;212,0;2,0;63,0;567235,976097938;5515033,77807713;;1,657027678447728e-05;-1,43441542983051;1033,188232421875
2024-05-27;19623;0,0212;0,0015;0,0027;0,0002;49,798;9,928;20,8;2,0;207,0;2,0;63,0;566784,8051692393;5516584,912229571;;1,657027678447728e-05;-1,3372055683350497;1033,188232421875
2024-05-27;25049;0,004;0,0003;0,0007;0,0001;49,814;9,918;19,8;2,1666666666666665;202,0;1,8;68,0;566043,3787976378;5518354,912347081;;1,6570276734311975e-05;-1,2545649802746868;1033,188232421875
2024-05-27;46505;0,0118;0,0008;0,002;0,0002;49,808;9,968;20,8;1,8888888888888888;212,0;2,1;60,0;569649,0675175646;5517733,074541176;;1,6570276784477003e-05;-1,312830790877283;1033,188232421875
2024-05-27;1;0,0271;0,0019;0,0061;0,0003;49,8047;9,95642;20,7;2,055555555555556;209,0;1,8;62,0;568820,5605106109;5517355,496720748;;1,6570276784479304e-05;-1,3128307908774648;1033,188232421875
2024-05-28;5456;0,0319;0,0024;0,0067;0,0007;49,802;9,944;17,9;4,0;269,0;0,0;45,0;567930,6533392705;5517043,993212319;;;-1,53662316048454;1700,9384765625
2024-05-28;9094;0,0054;0,0003;0,0004;0,0;49,796;9,902;18,3;3,8055555555555554;270,0;0,0;42,0;564916,3789284342;5516339,731191984;;;-1,7007231613478173;1700,9384765625
2024-05-28;10645;0,0144;0,0008;0,0024;0,0001;49,782;9,932;18,1;3,888888888888889;270,0;0,0;44,0;567094,7661046094;5514809,631751885;;;-1,7001576855099274;1700,9384765625
2024-05-28;13975;0,0328;0,0021;0,0071;0,0005;49,792;9,946;17,9;4,0;269,0;0,0;45,0;568088,5932671656;5515934,024955345;;;-1,700575660676845;1700,9384765625
2024-05-28;15449;0,0304;0,0014;0,0064;0,0002;49,784;9,934;18,1;3,888888888888889;270,0;0,0;44,0;567235,976097938;5515033,77807713;;;-1,7007481455802431;1700,9384765625
2024-05-28;19623;0,0214;0,0016;0,0027;0,0002;49,798;9,928;17,8;4,111111111111112;270,0;0,0;46,0;566784,8051692393;5516584,912229571;;;-1,7007481455802431;1700,9384765625
2024-05-28;25049;0,0041;0,0003;0,0007;0,0001;49,814;9,918;16,6;4,194444444444445;270,0;0,0;51,0;566043,3787976378;5518354,912347081;;;-1,5052352249621914;1700,9384765625
2024-05-28;46505;0,012;0,0009;0,0019;0,0002;49,808;9,968;17,8;3,8055555555555554;270,0;0,0;43,0;569649,0675175646;5517733,074541176;;2,2077800332391586e-05;-1,4970703366402156;1700,9384765625
2024-05-28;1;0,0279;0,0019;0,0066;0,0003;49,8047;9,95642;17,9;4,0;269,0;0,0;45,0;568820,5605106109;5517355,496720748;;;-1,550838219199485;1700,9384765625
2024-05-29;5456;0,0351;0,0024;0,0083;0,0007;49,802;9,944;17,2;3,1666666666666665;215,0;0,4;69,0;567930,6533392705;5517043,993212319;;;0,17904929816724544;852,8965454101562
2024-05-29;9094;0,0059;0,0003;0,0004;0,0;49,796;9,902;17,4;3,0;210,0;0,1;68,0;564916,3789284342;5516339,731191984;;;0,37905421853069665;852,8965454101562
2024-05-29;10645;0,0156;0,0008;0,0027;0,0001;49,782;9,932;17,3;3,194444444444444;212,0;0,2;69,0;567094,7661046094;5514809,631751885;;;0,3517215719742645;852,8965454101562
2024-05-29;13975;0,0349;0,002;0,0075;0,0005;49,792;9,946;17,2;3,1666666666666665;215,0;0,4;69,0;568088,5932671656;5515934,024955345;;;0,17904929816722356;852,8965454101562
2024-05-29;15449;0,0328;0,0014;0,0071;0,0003;49,784;9,934;17,3;3,194444444444444;212,0;0,2;69,0;567235,976097938;5515033,77807713;;;0,2811110283925251;852,8965454101562
2024-05-29;19623;0,0237;0,0016;0,0034;0,0002;49,798;9,928;17,1;3,055555555555556;212,0;0,3;70,0;566784,8051692393;5516584,912229571;;;0,3789011076704356;852,8965454101562
2024-05-29;25049;0,0044;0,0003;0,0007;0,0001;49,814;9,918;16,0;3,222222222222222;210,0;0,6;74,0;566043,3787976378;5518354,912347081;;;0,20632388341145344;852,8965454101562
2024-05-29;46505;0,013;0,0009;0,0021;0,0002;49,808;9,968;17,1;3,083333333333333;216,0;0,3;68,0;569649,0675175646;5517733,074541176;;;0,1790492981672206;852,8965454101562
2024-05-29;1;0,0287;0,002;0,0062;0,0003;49,8047;9,95642;17,2;3,1666666666666665;215,0;0,4;69,0;568820,5605106109;5517355,496720748;;;0,17904929816724544;852,8965454101562
2024-05-30;5456;0,0213;0,0006;0,0048;0,0001;49,802;9,944;18,3;1,1944444444444444;336,0;14,0;70,0;567930,6533392705;5517043,993212319;;;-1,1130507937966332;1207,4388427734375
2024-05-30;9094;0,0036;0,0001;0,0003;0,0;49,796;9,902;18,5;1,027777777777778;349,0;13,6;67,0;564916,3789284342;5516339,731191984;;;-0,9540416902299776;1207,4388427734375
2024-05-30;10645;0,0093;0,0002;0,0015;0,0;49,782;9,932;18,3;1,1944444444444444;336,0;12,7;71,0;567094,7661046094;5514809,631751885;;;-0,055009207840054586;1207,4388427734375
2024-05-30;13975;0,0231;0,0005;0,0051;0,0001;49,792;9,946;18,3;1,1944444444444444;336,0;14,0;70,0;568088,5932671656;5515934,024955345;;;-0,6490234732627683;1207,4388427734375
2024-05-30;15449;0,0191;0,0004;0,0037;0,0;49,784;9,934;18,3;1,1944444444444444;336,0;12,7;71,0;567235,976097938;5515033,77807713;;;-0,31361755186605994;1207,4388427734375
2024-05-30;19623;0,015;0,0005;0,002;0,0001;49,798;9,928;18,3;1,25;346,0;14,6;72,0;566784,8051692393;5516584,912229571;;;-0,09688572133691122;1207,4388427734375
2024-05-30;25049;0,0027;0,0001;0,0004;0,0;49,814;9,918;17,3;1,3055555555555556;351,0;17,2;77,0;566043,3787976378;5518354,912347081;;;-1,2526044301750938;1207,4388427734375
2024-05-30;46505;0,0084;0,0003;0,0022;0,0001;49,808;9,968;18,2;1,4444444444444444;335,0;12,8;68,0;569649,0675175646;5517733,074541176;;;-0,7807965410014462;1207,4388427734375
2024-05-30;1;0,0189;0,0005;0,004;0,0002;49,8047;9,95642;18,3;1,1944444444444444;336,0;14,0;70,0;568820,5605106109;5517355,496720748;;;-0,8915479585998732;1207,4388427734375
2024-05-31;5456;0,0397;0,002;0,009;0,0006;49,802;9,944;16,7;2,555555555555556;339,0;0,1;76,0;567930,6533392705;5517043,993212319;;;-0,7170236110687926;648,9430541992188
2024-05-31;9094;0,0072;0,0003;0,0005;0,0;49,796;9,902;16,7;2,5;331,0;0,4;75,0;564916,3789284342;5516339,731191984;;;-0,7170236110688045;648,9430541992188
2024-05-31;10645;0,0181;0,0006;0,0032;0,0001;49,782;9,932;16,7;2,555555555555556;334,0;0,7999999999999999;77,0;567094,7661046094;5514809,631751885;;;-0,6722385883331927;648,9430541992188
2024-05-31;13975;0,0432;0,0015;0,0099;0,0003;49,792;9,946;16,7;2,555555555555556;339,0;0,1;76,0;568088,5932671656;5515934,024955345;;;-0,7171762618412362;648,9430541992188
2024-05-31;15449;0,0365;0,001;0,0067;0,0002;49,784;9,934;16,7;2,555555555555556;334,0;0,7999999999999999;77,0;567235,976097938;5515033,77807713;;;-0,6722385883331107;648,9430541992188
2024-05-31;19623;0,0283;0,0013;0,0037;0,0002;49,798;9,928;16,5;2,5;331,0;0,2;79,0;566784,8051692393;5516584,912229571;;;-0,7162017076989315;648,9430541992188
2024-05-31;25049;0,0054;0,0002;0,0009;0,0;49,814;9,918;15,6;2,861111111111111;331,0;0,2;82,0;566043,3787976378;5518354,912347081;;;-0,717023611068705;648,9430541992188
2024-05-31;46505;0,0153;0,0008;0,0025;0,0002;49,808;9,968;16,5;2,4444444444444446;341,0;0,4;75,0;569649,0675175646;5517733,074541176;;;-0,8376801732212176;648,9430541992188
2024-05-31;1;0,0333;0,0019;0,0072;0,0003;49,8047;9,95642;16,7;2,555555555555556;339,0;0,1;76,0;568820,5605106109;5517355,496720748;;;-0,8433238267899348;648,9430541992188
2024-06-01;5456;0,0348;0,0009;0,0083;0,0002;49,802;9,944;15,6;3,9722222222222223;315,0;19,3;89,0;567930,6533392705;5517043,993212319;;;-0,807226753322841;548,95654296875
2024-06-01;9094;0,0057;0,0001;0,0004;0,0;49,796;9,902;15,9;3,8333333333333335;309,0;21,2;87,0;564916,3789284342;5516339,731191984;;;-0,7438464783514358;548,95654296875
2024-06-01;10645;0,0148;0,0004;0,0027;0,0001;49,782;9,932;15,9;4,027777777777778;314,0;21,9;89,0;567094,7661046094;5514809,631751885;;;-0,6469708383083947;548,95654296875
2024-06-01;13975;0,0337;0,0009;0,0072;0,0003;49,792;9,946;15,6;3,9722222222222223;315,0;19,3;89,0;568088,5932671656;5515934,024955345;;;-0,7239609658717903;548,95654296875
2024-06-01;15449;0,0301;0,0007;0,0063;0,0002;49,784;9,934;15,9;4,027777777777778;314,0;21,9;89,0;567235,976097938;5515033,77807713;;;-0,6469708383083158;548,95654296875
2024-06-01;19623;0,023;0,0006;0,0032;0,0001;49,798;9,928;15,6;4,027777777777778;312,0;20,5;90,0;566784,8051692393;5516584,912229571;;;-0,7440289206673096;548,95654296875
2024-06-01;25049;0,0043;0,0001;0,0007;0,0;49,814;9,918;14,8;4,166666666666667;314,0;20,8;92,0;566043,3787976378;5518354,912347081;;;-0,7894083957447648;548,95654296875
2024-06-01;46505;0,0125;0,0004;0,0022;0,0002;49,808;9,968;15,6;3,888888888888889;314,0;20,1;88,0;569649,0675175646;5517733,074541176;;;-0,7905219131526293;548,95654296875
2024-06-01;1;0,0263;0,0009;0,005;0,0002;49,8047;9,95642;15,6;3,9722222222222223;315,0;19,3;89,0;568820,5605106109;5517355,496720748;;;-0,8133199214070979;548,95654296875
2024-06-02;5456;0,0254;0,0006;0,0059;0,0001;49,802;9,944;18,5;3,333333333333333;21,0;2,1;82,0;567930,6533392705;5517043,993212319;;;-0,2528932995444851;625,0206298828125
2024-06-02;9094;0,0039;0,0001;0,0003;0,0;49,796;9,902;18,3;2,0;360,0;2,2;86,0;564916,3789284342;5516339,731191984;;;-0,7857641556631245;625,0206298828125
2024-06-02;10645;0,011;0,0003;0,0016;0,0001;49,782;9,932;18,4;2,333333333333333;10,0;5,0;85,0;567094,7661046094;5514809,631751885;;;-0,8920134570185121;625,0206298828125
2024-06-02;13975;0,0287;0,0007;0,0069;0,0003;49,792;9,946;18,5;3,333333333333333;21,0;2,1;82,0;568088,5932671656;5515934,024955345;;;-0,48538476228712596;625,0206298828125
2024-06-02;15449;0,0215;0,0005;0,0035;0,0001;49,784;9,934;18,4;2,333333333333333;10,0;5,0;85,0;567235,976097938;5515033,77807713;;;-0,9098552176084487;625,0206298828125
2024-06-02;19623;0,0174;0,0005;0,0022;0,0001;49,798;9,928;18,4;2,4444444444444446;12,0;2,8;84,0;566784,8051692393;5516584,912229571;;;-0,7976313968407955;625,0206298828125
2024-06-02;25049;0,0031;0,0001;0,0005;0,0;49,814;9,918;17,5;2,5;358,0;17,200000000000003;89,0;566043,3787976378;5518354,912347081;;;-0,30104311638970593;625,0206298828125
2024-06-02;46505;0,0088;0,0003;0,0019;0,0002;49,808;9,968;18,3;3,25;18,0;8,2;82,0;569649,0675175646;5517733,074541176;;;-0,2420781403779874;625,0206298828125
2024-06-02;1;0,0194;0,0005;0,0038;0,0002;49,8047;9,95642;18,5;3,333333333333333;21,0;2,1;82,0;568820,5605106109;5517355,496720748;;;-0,24207814037802097;625,0206298828125
2024-06-03;5456;0,0332;0,0021;0,007;0,0006;49,802;9,944;15,8;2,1944444444444446;330,0;0,0;68,0;567930,6533392705;5517043,993212319;;;-1,0656434038304112;1093,232177734375
2024-06-03;9094;0,0051;0,0003;0,0004;0,0;49,796;9,902;16,2;2,1944444444444446;330,0;0,0;64,0;564916,3789284342;5516339,731191984;;;-1,0939580500127088;1093,232177734375
2024-06-03;10645;0,0127;0,0005;0,0023;0,0001;49,782;9,932;16,2;2,305555555555556;326,0;0,0;67,0;567094,7661046094;5514809,631751885;;;-1,117018527620944;1093,232177734375
2024-06-03;13975;0,0333;0,0015;0,0085;0,0004;49,792;9,946;15,8;2,1944444444444446;330,0;0,0;68,0;568088,5932671656;5515934,024955345;;;-1,0481167482806404;1093,232177734375
2024-06-03;15449;0,0265;0,001;0,006;0,0002;49,784;9,934;16,2;2,305555555555556;326,0;0,0;67,0;567235,976097938;5515033,77807713;;;-1,1347082214902078;1093,232177734375
2024-06-03;19623;0,0217;0,0014;0,0028;0,0002;49,798;9,928;16,0;2,055555555555556;331,0;0,0;69,0;566784,8051692393;5516584,912229571;;;-1,1122501194476762;1093,232177734375
2024-06-03;25049;0,0039;0,0003;0,0007;0,0001;49,814;9,918;15,4;2,0;333,0;0,0;71,0;566043,3787976378;5518354,912347081;;;-1,0951792563113498;1093,232177734375
2024-06-03;46505;0,0124;0,0007;0,0019;0,0002;49,808;9,968;15,7;2,2222222222222223;324,0;0,0;67,0;569649,0675175646;5517733,074541176;;;-1,041198968887282;1093,232177734375
2024-06-03;1;0,0281;0,0017;0,0065;0,0003;49,8047;9,95642;15,8;2,1944444444444446;330,0;0,0;68,0;568820,5605106109;5517355,496720748;;;-1,0411989688874264;1093,232177734375
2024-06-04;5456;0,0327;0,0023;0,0075;0,0007;49,802;9,944;20,3;2,4722222222222223;243,0;0,0;47,0;567930,6533392705;5517043,993212319;;;-0,9374946951867026;1368,044189453125
2024-06-04;9094;0,0057;0,0003;0,0004;0,0;49,796;9,902;20,5;2,2777777777777777;241,0;0,0;46,0;564916,3789284342;5516339,731191984;;;-1,0345999498362783;1368,044189453125
2024-06-04;10645;0,0147;0,0008;0,0024;0,0001;49,782;9,932;20,4;2,5277777777777777;236,0;0,0;48,0;567094,7661046094;5514809,631751885;;;-0,9314027684957233;1368,044189453125
2024-06-04;13975;0,0342;0,002;0,0079;0,0005;49,792;9,946;20,3;2,4722222222222223;243,0;0,0;47,0;568088,5932671656;5515934,024955345;;;-0,596760630135365;1368,044189453125
2024-06-04;15449;0,0309;0,0014;0,0067;0,0003;49,784;9,934;20,4;2,5277777777777777;236,0;0,0;48,0;567235,976097938;5515033,77807713;;;-0,9374946951865881;1368,044189453125
2024-06-04;19623;0,0224;0,0015;0,0029;0,0002;49,798;9,928;20,2;2,638888888888889;245,0;0,0;49,0;566784,8051692393;5516584,912229571;;;-0,9374946951865881;1368,044189453125
2024-06-04;25049;0,0043;0,0003;0,0007;0,0001;49,814;9,918;19,1;2,583333333333333;242,0;0,0;53,0;566043,3787976378;5518354,912347081;;;-0,940035776760868;1368,044189453125
2024-06-04;46505;0,0121;0,0008;0,002;0,0002;49,808;9,968;20,2;2,25;238,0;0,0;45,0;569649,0675175646;5517733,074541176;;;-0,31708219647406094;1368,044189453125
2024-06-04;1;0,0275;0,0018;0,0062;0,0003;49,8047;9,95642;20,3;2,4722222222222223;243,0;0,0;47,0;568820,5605106109;5517355,496720748;;;-0,31708219647410496;1368,044189453125
2024-06-05;5456;0,0337;0,0023;0,0076;0,0008;49,802;9,944;19,5;4,166666666666667;246,0;0,0;63,0;567930,6533392705;5517043,993212319;;;-1,2336344808207738;1088,290283203125
2024-06-05;9094;0,0058;0,0003;0,0004;0,0;49,796;9,902;19,7;3,583333333333333;243,0;0,0;61,0;564916,3789284342;5516339,731191984;;;-1,182996008906758;1088,290283203125
2024-06-05;10645;0,0151;0,0006;0,0022;0,0001;49,782;9,932;19,5;3,638888888888889;238,0;0,0;65,0;567094,7661046094;5514809,631751885;;;-1,00412667144874;1088,290283203125
2024-06-05;13975;0,0358;0,0016;0,0086;0,0004;49,792;9,946;19,5;4,166666666666667;246,0;0,0;63,0;568088,5932671656;5515934,024955345;;;-1,0041069984435746;1088,290283203125
2024-06-05;15449;0,0321;0,0011;0,0074;0,0002;49,784;9,934;19,5;3,638888888888889;238,0;0,0;65,0;567235,976097938;5515033,77807713;;;-1,0041069984435746;1088,290283203125
2024-06-05;19623;0,0226;0,0013;0,003;0,0002;49,798;9,928;19,5;4,055555555555555;250,0;0,0;64,0;566784,8051692393;5516584,912229571;;;-1,062197267284209;1088,290283203125
2024-06-05;25049;0,0043;0,0003;0,0007;0,0001;49,814;9,918;18,4;4,361111111111111;250,0;0,0;69,0;566043,3787976378;5518354,912347081;;;-1,2439056634902599;1088,290283203125
2024-06-05;46505;0,0124;0,0007;0,0019;0,0002;49,808;9,968;19,2;4,027777777777778;243,0;0,0;62,0;569649,0675175646;5517733,074541176;;;-1,054699732727268;1088,290283203125
2024-06-05;1;0,0286;0,0016;0,0067;0,0003;49,8047;9,95642;19,5;4,166666666666667;246,0;0,0;63,0;568820,5605106109;5517355,496720748;;;-1,1142225566743702;1088,290283203125
2024-06-06;5456;0,0345;0,0025;0,0076;0,0009;49,802;9,944;20,7;2,055555555555556;241,0;0,0;56,0;567930,6533392705;5517043,993212319;;3,728890806087641e-05;-0,7286387085915292;1665,8699951171875
2024-06-06;9094;0,006;0,0003;0,0004;0,0;49,796;9,902;20,9;1,8888888888888888;245,0;0,0;54,0;564916,3789284342;5516339,731191984;;3,5711035707212724e-05;-1,248700544238228;1665,8699951171875
2024-06-06;10645;0,0159;0,0008;0,0027;0,0001;49,782;9,932;21,1;2,1666666666666665;236,0;0,0;54,0;567094,7661046094;5514809,631751885;;3,4084574313310444e-05;-0,8233579506083284;1665,8699951171875
2024-06-06;13975;0,037;0,0018;0,0087;0,0005;49,792;9,946;20,7;2,055555555555556;241,0;0,0;56,0;568088,5932671656;5515934,024955345;;3,728890806087186e-05;-0,7924136249841257;1665,8699951171875
2024-06-06;15449;0,0331;0,0016;0,0065;0,0004;49,784;9,934;21,1;2,1666666666666665;236,0;0,0;54,0;567235,976097938;5515033,77807713;;3,728890806087186e-05;-0,8060226429045505;1665,8699951171875
2024-06-06;19623;0,0228;0,0015;0,003;0,0002;49,798;9,928;20,5;2,0;243,0;0,0;58,0;566784,8051692393;5516584,912229571;;3,636861157384912e-05;-0,7195702310527804;1665,8699951171875
2024-06-06;25049;0,0044;0,0003;0,0007;0,0001;49,814;9,918;19,4;2,111111111111111;245,0;0,0;61,0;566043,3787976378;5518354,912347081;;2,920608531872789e-05;-0,7087950756154068;1665,8699951171875
2024-06-06;46505;0,0125;0,0008;0,0019;0,0002;49,808;9,968;21,0;1,8611111111111112;234,0;0,0;53,0;569649,0675175646;5517733,074541176;;3,728890806087124e-05;-0,7286387085914282;1665,8699951171875
2024-06-06;1;0,0285;0,0018;0,0064;0,0003;49,8047;9,95642;20,7;2,055555555555556;241,0;0,0;56,0;568820,5605106109;5517355,496720748;;3,728890806087641e-05;-0,7286387085915292;1665,8699951171875
2024-06-07;5456;0,0405;0,0025;0,0092;0,0009;49,802;9,944;22,1;3,611111111111111;264,0;0,0;36,0;567930,6533392705;5517043,993212319;;3,541750403011824e-05;-0,6288681758547583;2110,903076171875
2024-06-07;9094;0,0072;0,0003;0,0006;0,0;49,796;9,902;22,3;3,0;270,0;0,0;34,0;564916,3789284342;5516339,731191984;0,286;2,9429249031124212e-05;-0,6095657073701227;2110,903076171875
2024-06-07;10645;0,0185;0,0008;0,003;0,0001;49,782;9,932;22,4;3,1111111111111107;264,0;0,0;37,0;567094,7661046094;5514809,631751885;0,3075;3,8356283766919606e-05;-0,5215902999043952;2110,903076171875
2024-06-07;13975;0,0428;0,0021;0,0099;0,0005;49,792;9,946;22,1;3,611111111111111;264,0;0,0;36,0;568088,5932671656;5515934,024955345;0,332;3,542061313055354e-05;-0,48418701440094514;2110,903076171875
2024-06-07;15449;0,0382;0,0017;0,0075;0,0003;49,784;9,934;22,4;3,1111111111111107;264,0;0,0;37,0;567235,976097938;5515033,77807713;;3,807550560434396e-05;-0,5180129143326487;2110,903076171875
2024-06-07;19623;0,0276;0,0015;0,0037;0,0002;49,798;9,928;22,1;3,5;267,0;0,0;37,0;566784,8051692393;5516584,912229571;;3,831526851883246e-05;-0,5807657146292126;2110,903076171875
2024-06-07;25049;0,0054;0,0003;0,0009;0,0001;49,814;9,918;21,0;3,638888888888889;262,0;0,0;39,0;566043,3787976378;5518354,912347081;0,373;3,335202479707762e-05;-0,6538394645506529;2110,903076171875
2024-06-07;46505;0,0157;0,0008;0,0024;0,0002;49,808;9,968;22,1;3,333333333333333;263,0;0,0;35,0;569649,0675175646;5517733,074541176;0,348;3,542061313055295e-05;-0,6288294233381463;2110,903076171875
2024-06-07;1;0,035;0,002;0,0078;0,0003;49,8047;9,95642;22,1;3,611111111111111;264,0;0,0;36,0;568820,5605106109;5517355,496720748;;3,542061313055787e-05;-0,6288294233382337;2110,903076171875
2024-06-08;5456;0,0348;0,0011;0,008;0,0003;49,802;9,944;24,5;3,9166666666666665;238,0;0,0;39,0;567930,6533392705;5517043,993212319;0,254;2,308864122824377e-05;-0,21852085739376204;1755,496337890625
2024-06-08;9094;0,0058;0,0002;0,0004;0,0;49,796;9,902;24,9;3,4722222222222223;237,0;0,0;37,0;564916,3789284342;5516339,731191984;0,216;2,3389065204936823e-05;-0,22105397934054002;1755,496337890625
2024-06-08;10645;0,0143;0,0005;0,0023;0,0001;49,782;9,932;24,6;3,75;236,0;0,0;40,0;567094,7661046094;5514809,631751885;0,203;2,037126751020159e-05;-0,16058830171825003;1755,496337890625
2024-06-08;13975;0,0351;0,0011;0,0086;0,0002;49,792;9,946;24,5;3,9166666666666665;238,0;0,0;39,0;568088,5932671656;5515934,024955345;0,185;2,1565477292259695e-05;-0,18604803550903748;1755,496337890625
2024-06-08;15449;0,0287;0,0009;0,0052;0,0001;49,784;9,934;24,6;3,75;236,0;0,0;40,0;567235,976097938;5515033,77807713;0,187;2,1892102643071536e-05;-0,1930114658284181;1755,496337890625
2024-06-08;19623;0,0226;0,0009;0,0031;0,0002;49,798;9,928;24,6;3,7777777777777777;238,0;0,0;40,0;566784,8051692393;5516584,912229571;0,24;2,3088641228240952e-05;-0,21852085739373533;1755,496337890625
2024-06-08;25049;0,0044;0,0001;0,0007;0,0;49,814;9,918;23,6;3,9166666666666665;238,0;0,0;43,0;566043,3787976378;5518354,912347081;0,231;2,3088641228240952e-05;-0,21852085739373533;1755,496337890625
2024-06-08;46505;0,013;0,0005;0,002;0,0001;49,808;9,968;24,4;3,6944444444444446;237,0;0,0;38,0;569649,0675175646;5517733,074541176;0,203;1,8033391971209124e-05;-0,18730507422165543;1755,496337890625
2024-06-08;1;0,027;0,0011;0,0052;0,0002;49,8047;9,95642;24,5;3,9166666666666665;238,0;0,0;39,0;568820,5605106109;5517355,496720748;0,223;2,308864122824377e-05;-0,21852085739376204;1755,496337890625
2024-06-09;5456;0,0256;0,0006;0,0055;0,0001;49,802;9,944;22,0;2,5277777777777777;277,0;0,0;40,0;567930,6533392705;5517043,993212319;;;-0,46644133329395837;1748,114013671875
2024-06-09;9094;0,0044;0,0001;0,0003;0,0;49,796;9,902;22,1;2,055555555555556;284,0;0,0;38,0;564916,3789284342;5516339,731191984;;;-0,4695077359482942;1748,114013671875
2024-06-09;10645;0,0121;0,0002;0,0018;0,0;49,782;9,932;22,1;2,333333333333333;280,0;0,0;40,0;567094,7661046094;5514809,631751885;;;-0,5433964133263143;1748,114013671875
2024-06-09;13975;0,0283;0,0006;0,0057;0,0002;49,792;9,946;22,0;2,5277777777777777;277,0;0,0;40,0;568088,5932671656;5515934,024955345;;;-0,5160033987720349;1748,114013671875
2024-06-09;15449;0,0244;0,0005;0,0045;0,0001;49,784;9,934;22,1;2,333333333333333;280,0;0,0;40,0;567235,976097938;5515033,77807713;;;-0,5433964133262479;1748,114013671875
2024-06-09;19623;0,0183;0,0005;0,0025;0,0001;49,798;9,928;22,0;2,305555555555556;275,0;0,0;40,0;566784,8051692393;5516584,912229571;;;-0,47801982101004187;1748,114013671875
2024-06-09;25049;0,0033;0,0001;0,0005;0,0;49,814;9,918;20,9;2,111111111111111;273,0;0,0;43,0;566043,3787976378;5518354,912347081;;;-0,4664413332939014;1748,114013671875
2024-06-09;46505;0,0096;0,0003;0,0019;0,0001;49,808;9,968;21,9;2,2222222222222223;278,0;0,0;38,0;569649,0675175646;5517733,074541176;;;-0,6077114939689361;1748,114013671875
2024-06-09;1;0,0218;0,0005;0,0048;0,0001;49,8047;9,95642;22,0;2,5277777777777777;277,0;0,0;40,0;568820,5605106109;5517355,496720748;;;-0,5896023823884253;1748,114013671875
2024-06-10;5456;0,0337;0,0025;0,0071;0,0008;49,802;9,944;21,3;4,583333333333333;247,0;0,0;36,0;567930,6533392705;5517043,993212319;;3,497140278341575e-05;-0,6226505041123018;2000,933837890625
2024-06-10;9094;0,0058;0,0003;0,0004;0,0;49,796;9,902;21,5;4,111111111111112;241,0;0,0;34,0;564916,3789284342;5516339,731191984;;3,475957782939459e-05;-0,7482481598854889;2000,933837890625
2024-06-10;10645;0,0151;0,0009;0,0026;0,0001;49,782;9,932;21,0;4,555555555555555;241,0;0,0;36,0;567094,7661046094;5514809,631751885;;;-0,4174436926842126;2000,933837890625
2024-06-10;13975;0,0352;0,0022;0,008;0,0005;49,792;9,946;21,3;4,583333333333333;247,0;0,0;36,0;568088,5932671656;5515934,024955345;;;-0,41744369268416165;2000,933837890625
2024-06-10;15449;0,0316;0,0017;0,0067;0,0004;49,784;9,934;21,0;4,555555555555555;241,0;0,0;36,0;567235,976097938;5515033,77807713;;;-0,41744369268416165;2000,933837890625
2024-06-10;19623;0,0226;0,0016;0,003;0,0002;49,798;9,928;21,5;4,388888888888889;246,0;0,0;35,0;566784,8051692393;5516584,912229571;;3,497140228259955e-05;-0,6115991850887522;2000,933837890625
2024-06-10;25049;0,0043;0,0003;0,0007;0,0001;49,814;9,918;20,3;4,611111111111112;248,0;0,0;38,0;566043,3787976378;5518354,912347081;;3,4971402783411483e-05;-0,6226505041122258;2000,933837890625
2024-06-10;46505;0,0125;0,0009;0,0019;0,0002;49,808;9,968;21,0;4,5;249,0;0,0;35,0;569649,0675175646;5517733,074541176;0,424;3,379708153586476e-05;-0,7249474865489645;2000,933837890625
2024-06-10;1;0,0281;0,002;0,0064;0,0003;49,8047;9,95642;21,3;4,583333333333333;247,0;0,0;36,0;568820,5605106109;5517355,496720748;;3,497140278341575e-05;-0,6226505041123018;2000,933837890625
2024-06-11;5456;0,0319;0,0024;0,0066;0,0007;49,802;9,944;16,5;3,611111111111111;275,0;0,0;39,0;567930,6533392705;5517043,993212319;;;-0,49190972452014003;1667,046875
2024-06-11;9094;0,0057;0,0003;0,0004;0,0;49,796;9,902;16,6;3,5;275,0;0,0;39,0;564916,3789284342;5516339,731191984;;;-0,5832664979696596;1667,046875
2024-06-11;10645;0,0154;0,0008;0,0026;0,0001;49,782;9,932;16,5;3,638888888888889;278,0;0,0;41,0;567094,7661046094;5514809,631751885;;;-0,23530964672932803;1667,046875
2024-06-11;13975;0,0346;0,0021;0,0078;0,0005;49,792;9,946;16,5;3,611111111111111;275,0;0,0;39,0;568088,5932671656;5515934,024955345;;;-0,3101794729009182;1667,046875
2024-06-11;15449;0,0322;0,0016;0,0067;0,0003;49,784;9,934;16,5;3,638888888888889;278,0;0,0;41,0;567235,976097938;5515033,77807713;;;-0,250354395277811;1667,046875
2024-06-11;19623;0,0226;0,0017;0,0029;0,0003;49,798;9,928;16,8;3,8055555555555554;272,0;0,0;40,0;566784,8051692393;5516584,912229571;;;-0,23775044296328168;1667,046875
2024-06-11;25049;0,0042;0,0003;0,0007;0,0;49,814;9,918;15,8;3,9166666666666665;267,0;0,0;43,0;566043,3787976378;5518354,912347081;;;-0,6380501007813559;1667,046875
2024-06-11;46505;0,0124;0,0008;0,0019;0,0002;49,808;9,968;16,2;3,5277777777777777;278,0;0,0;38,0;569649,0675175646;5517733,074541176;;;0,05817764159291719;1667,046875
2024-06-11;1;0,0285;0,0016;0,0068;0,0003;49,8047;9,95642;16,5;3,611111111111111;275,0;0,0;39,0;568820,5605106109;5517355,496720748;;;-0,19007249625130543;1667,046875
2024-06-12;5456;0,0334;0,0024;0,007;0,0008;49,802;9,944;18,2;1,3611111111111112;287,0;0,0;40,0;567930,6533392705;5517043,993212319;;;-0,980156958759421;1692,442626953125
2024-06-12;9094;0,0058;0,0004;0,0004;0,0;49,796;9,902;18,7;1,6944444444444442;267,0;0,0;38,0;564916,3789284342;5516339,731191984;0,345;;-0,2174630463123561;1692,442626953125
2024-06-12;10645;0,0153;0,0008;0,0025;0,0001;49,782;9,932;18,2;2,2222222222222223;265,0;0,0;42,0;567094,7661046094;5514809,631751885;;1,689646939048152e-05;-0,441890279033339;1692,442626953125
2024-06-12;13975;0,036;0,002;0,0087;0,0004;49,792;9,946;18,2;1,3611111111111112;287,0;0,0;40,0;568088,5932671656;5515934,024955345;0,415;1,6896469302991527e-05;-0,9299339408661792;1692,442626953125
2024-06-12;15449;0,032;0,0016;0,0068;0,0003;49,784;9,934;18,2;2,2222222222222223;265,0;0,0;42,0;567235,976097938;5515033,77807713;;;-0,7235316471596491;1692,442626953125
2024-06-12;19623;0,0226;0,0017;0,0028;0,0002;49,798;9,928;18,4;1,3888888888888888;270,0;0,0;43,0;566784,8051692393;5516584,912229571;;;-0,536303211028846;1692,442626953125
2024-06-12;25049;0,0044;0,0003;0,0007;0,0001;49,814;9,918;17,6;1,6666666666666663;287,0;0,0;44,0;566043,3787976378;5518354,912347081;;;-1,0683237910270384;1692,442626953125
2024-06-12;46505;0,012;0,0008;0,0019;0,0002;49,808;9,968;18,5;1,1388888888888888;308,0;0,0;34,0;569649,0675175646;5517733,074541176;;;-0,9906176703316458;1692,442626953125
2024-06-12;1;0,0274;0,0019;0,0061;0,0003;49,8047;9,95642;18,2;1,3611111111111112;287,0;0,0;40,0;568820,5605106109;5517355,496720748;0,549;;-0,9871307718146275;1692,442626953125
2024-06-13;5456;0,0326;0,0025;0,0067;0,0008;49,802;9,944;17,8;2,111111111111111;262,0;0,0;37,0;567930,6533392705;5517043,993212319;;;-0,7906517382322054;2183,575927734375
2024-06-13;9094;0,0058;0,0004;0,0004;0,0;49,796;9,902;18,1;1,7222222222222223;277,0;0,0;35,0;564916,3789284342;5516339,731191984;;;-0,7417416396392321;2183,575927734375
2024-06-13;10645;0,0158;0,0008;0,003;0,0002;49,782;9,932;17,8;1,8333333333333333;283,0;0,0;38,0;567094,7661046094;5514809,631751885;;;-0,857907732239432;2183,575927734375
2024-06-13;13975;0,0362;0,0025;0,0086;0,0007;49,792;9,946;17,8;2,111111111111111;262,0;0,0;37,0;568088,5932671656;5515934,024955345;;;-0,9216063618659709;2183,575927734375
2024-06-13;15449;0,0329;0,0015;0,0069;0,0003;49,784;9,934;17,8;1,8333333333333333;283,0;0,0;38,0;567235,976097938;5515033,77807713;;;-0,9216063618659709;2183,575927734375
2024-06-13;19623;0,0231;0,0017;0,0032;0,0003;49,798;9,928;18,0;2,111111111111111;270,0;0,0;37,0;566784,8051692393;5516584,912229571;;;-0,8963888139020424;2183,575927734375
2024-06-13;25049;0,0043;0,0003;0,0007;0,0001;49,814;9,918;16,8;2,333333333333333;263,0;0,0;42,0;566043,3787976378;5518354,912347081;;;-0,7087537348270214;2183,575927734375
2024-06-13;46505;0,0127;0,0009;0,0019;0,0002;49,808;9,968;17,7;2,0;267,0;0,0;36,0;569649,0675175646;5517733,074541176;;;-0,9216063618659556;2183,575927734375
2024-06-13;1;0,0289;0,0022;0,0068;0,0004;49,8047;9,95642;17,8;2,111111111111111;262,0;0,0;37,0;568820,5605106109;5517355,496720748;;;-0,9216063618660835;2183,575927734375
2024-06-14;5456;0,0414;0,0021;0,0089;0,0006;49,802;9,944;17,1;4,444444444444445;211,0;0,9;61,0;567930,6533392705;5517043,993212319;;;-0,12414856485725739;1037,1181640625
2024-06-14;9094;0,0074;0,0003;0,0005;0,0;49,796;9,902;17,6;4,361111111111111;212,0;0,8;59,0;564916,3789284342;5516339,731191984;;;-0,2221494615078217;1037,1181640625
2024-06-14;10645;0,0188;0,0007;0,0031;0,0001;49,782;9,932;17,3;4,638888888888888;213,0;0,7;62,0;567094,7661046094;5514809,631751885;;;-0,21609548295450334;1037,1181640625
2024-06-14;13975;0,0435;0,0016;0,0102;0,0003;49,792;9,946;17,1;4,444444444444445;211,0;0,9;61,0;568088,5932671656;5515934,024955345;;;-0,12325737625360136;1037,1181640625
2024-06-14;15449;0,0389;0,0014;0,0083;0,0003;49,784;9,934;17,3;4,638888888888888;213,0;0,7;62,0;567235,976097938;5515033,77807713;;;-0,18392903968361948;1037,1181640625
2024-06-14;19623;0,0295;0,0014;0,0041;0,0002;49,798;9,928;17,1;4,5;212,0;0,8;62,0;566784,8051692393;5516584,912229571;;;-0,22214946150779089;1037,1181640625
2024-06-14;25049;0,0055;0,0002;0,0009;0,0;49,814;9,918;15,7;4,472222222222222;214,0;0,8;68,0;566043,3787976378;5518354,912347081;;;-0,37168290141476956;1037,1181640625
2024-06-14;46505;0,0158;0,0008;0,0024;0,0002;49,808;9,968;17,0;4,25;210,0;0,9;61,0;569649,0675175646;5517733,074541176;;;-0,12325737625359931;1037,1181640625
2024-06-14;1;0,0347;0,0017;0,0076;0,0003;49,8047;9,95642;17,1;4,444444444444445;211,0;0,9;61,0;568820,5605106109;5517355,496720748;;;-0,12325737625361641;1037,1181640625
2024-06-15;5456;0,0367;0,0012;0,0084;0,0003;49,802;9,944;19,4;6,527777777777778;247,0;10,2;51,0;567930,6533392705;5517043,993212319;;2,1637590180036772e-05;-1,1500648260117652;1456,193359375
2024-06-15;9094;0,0059;0,0002;0,0004;0,0;49,796;9,902;19,7;5,527777777777778;248,0;10,6;49,0;564916,3789284342;5516339,731191984;;;-1,1775716543198929;1456,193359375
2024-06-15;10645;0,0135;0,0004;0,0023;0,0001;49,782;9,932;19,5;6,0;244,0;10,7;50,0;567094,7661046094;5514809,631751885;;2,1637589891956333e-05;-1,1504832733447816;1456,193359375
2024-06-15;13975;0,0346;0,001;0,0076;0,0002;49,792;9,946;19,4;6,527777777777778;247,0;10,2;51,0;568088,5932671656;5515934,024955345;;2,163759018003413e-05;-1,1500648260116249;1456,193359375
2024-06-15;15449;0,0278;0,0007;0,0063;0,0002;49,784;9,934;19,5;6,0;244,0;10,7;50,0;567235,976097938;5515033,77807713;;2,163759018003413e-05;-1,1500648260116249;1456,193359375
2024-06-15;19623;0,0241;0,0009;0,0031;0,0002;49,798;9,928;19,4;6,194444444444445;249,0;10,4;52,0;566784,8051692393;5516584,912229571;;2,1637589988071063e-05;-1,1512551153428656;1456,193359375
2024-06-15;25049;0,0045;0,0001;0,0007;0,0;49,814;9,918;18,2;6,583333333333333;248,0;9,9;57,0;566043,3787976378;5518354,912347081;;2,163759016983076e-05;-0,9438543868874841;1456,193359375
2024-06-15;46505;0,0134;0,0004;0,0021;0,0001;49,808;9,968;19,5;6,194444444444445;247,0;10,3;48,0;569649,0675175646;5517733,074541176;;2,077435725452788e-05;-1,1142145587508079;1456,193359375
2024-06-15;1;0,0281;0,0008;0,0057;0,0002;49,8047;9,95642;19,4;6,527777777777778;247,0;10,2;51,0;568820,5605106109;5517355,496720748;;2,1637590180036772e-05;-1,1500648260117652;1456,193359375
2024-06-16;5456;0,0253;0,0006;0,0057;0,0001;49,802;9,944;21,0;5,111111111111111;219,0;0,1;43,0;567930,6533392705;5517043,993212319;;;-1,3234022322682346;1547,997802734375
2024-06-16;9094;0,0044;0,0001;0,0004;0,0;49,796;9,902;21,2;4,222222222222222;216,0;0,2;43,0;564916,3789284342;5516339,731191984;0,183;;-1,481553326388724;1547,997802734375
2024-06-16;10645;0,012;0,0003;0,0017;0,0;49,782;9,932;21,1;4,388888888888889;215,0;0,1;45,0;567094,7661046094;5514809,631751885;;;-1,5875012476474561;1547,997802734375
2024-06-16;13975;0,0274;0,0007;0,0054;0,0002;49,792;9,946;21,0;5,111111111111111;219,0;0,1;43,0;568088,5932671656;5515934,024955345;;;-2,0547404289245015;1547,997802734375
2024-06-16;15449;0,0247;0,0005;0,0046;0,0001;49,784;9,934;21,1;4,388888888888889;215,0;0,1;45,0;567235,976097938;5515033,77807713;;;-1,8823193589931624;1547,997802734375
2024-06-16;19623;0,0185;0,0005;0,0026;0,0001;49,798;9,928;20,9;4,888888888888889;221,0;0,2;44,0;566784,8051692393;5516584,912229571;;;-1,6279032477330315;1547,997802734375
2024-06-16;25049;0,0033;0,0001;0,0005;0,0;49,814;9,918;19,7;5,166666666666667;224,0;0,3;47,0;566043,3787976378;5518354,912347081;;;-1,1526297330855992;1547,997802734375
2024-06-16;46505;0,0095;0,0002;0,0019;0,0001;49,808;9,968;20,9;4,722222222222222;216,0;0,1;43,0;569649,0675175646;5517733,074541176;;;-2,043700319759503;1547,997802734375
2024-06-16;1;0,0214;0,0005;0,0045;0,0001;49,8047;9,95642;21,0;5,111111111111111;219,0;0,1;43,0;568820,5605106109;5517355,496720748;;;-1,8476138799515862;1547,997802734375
2024-06-17;5456;0,0335;0,0022;0,0074;0,0007;49,802;9,944;21,9;3,5;243,0;5,6;65,0;567930,6533392705;5517043,993212319;;;-0,5741330385208666;1379,6859130859375
2024-06-17;9094;0,0056;0,0003;0,0004;0,0;49,796;9,902;22,3;3,138888888888889;239,0;5,5;62,0;564916,3789284342;5516339,731191984;;;-1,0022136877954582;1379,6859130859375
2024-06-17;10645;0,0133;0,0006;0,0025;0,0001;49,782;9,932;22,1;3,416666666666667;238,0;6,2;64,0;567094,7661046094;5514809,631751885;;;-0,6112550627440786;1379,6859130859375
2024-06-17;13975;0,0339;0,0018;0,0083;0,0004;49,792;9,946;21,9;3,5;243,0;5,6;65,0;568088,5932671656;5515934,024955345;;;-0,6112550627440039;1379,6859130859375
2024-06-17;15449;0,0279;0,001;0,0063;0,0002;49,784;9,934;22,1;3,416666666666667;238,0;6,2;64,0;567235,976097938;5515033,77807713;;;-0,6112550627440039;1379,6859130859375
2024-06-17;19623;0,0217;0,0014;0,0027;0,0002;49,798;9,928;21,8;3,3611111111111107;243,0;5,7;66,0;566784,8051692393;5516584,912229571;;;-0,5951459689153864;1379,6859130859375
2024-06-17;25049;0,0042;0,0002;0,0007;0,0001;49,814;9,918;20,5;3,5277777777777777;245,0;5,2;70,0;566043,3787976378;5518354,912347081;;;-0,5542624047041849;1379,6859130859375
2024-06-17;46505;0,0125;0,0008;0,0019;0,0002;49,808;9,968;21,8;3,3888888888888884;242,0;6,2;63,0;569649,0675175646;5517733,074541176;;;-0,5846807225439383;1379,6859130859375
2024-06-17;1;0,0284;0,0018;0,0066;0,0003;49,8047;9,95642;21,9;3,5;243,0;5,6;65,0;568820,5605106109;5517355,496720748;;;-0,5741330385208666;1379,6859130859375
2024-06-18;5456;0,0321;0,0025;0,0069;0,0007;49,802;9,944;26,9;2,7777777777777777;154,0;0,0;52,0;567930,6533392705;5517043,993212319;;2,18366876652019e-05;-0,6370236128569244;1732,4676513671875
2024-06-18;9094;0,0058;0,0003;0,0004;0,0;49,796;9,902;27,2;2,805555555555556;153,0;0,0;49,0;564916,3789284342;5516339,731191984;0,351;2,1893349840136236e-05;-0,6374426441596521;1732,4676513671875
2024-06-18;10645;0,015;0,0007;0,0024;0,0001;49,782;9,932;27,3;2,944444444444444;156,0;0,0;51,0;567094,7661046094;5514809,631751885;0,287;2,7573140373138272e-05;-0,737392901411486;1732,4676513671875
2024-06-18;13975;0,0344;0,0019;0,0077;0,0004;49,792;9,946;26,9;2,7777777777777777;154,0;0,0;52,0;568088,5932671656;5515934,024955345;0,284;2,6612027294546033e-05;-0,6418142142563831;1732,4676513671875
2024-06-18;15449;0,0307;0,0013;0,0064;0,0002;49,784;9,934;27,3;2,944444444444444;156,0;0,0;51,0;567235,976097938;5515033,77807713;0,288;2,1836687665199234e-05;-0,6370236128568467;1732,4676513671875
2024-06-18;19623;0,022;0,0015;0,0029;0,0002;49,798;9,928;27,1;2,9166666666666665;153,0;0,0;52,0;566784,8051692393;5516584,912229571;0,314;2,1836687665199234e-05;-0,6370236128568467;1732,4676513671875
2024-06-18;25049;0,0043;0,0003;0,0007;0,0001;49,814;9,918;25,8;3,0;154,0;0,0;57,0;566043,3787976378;5518354,912347081;0,355;2,1836687665199234e-05;-0,6370236128568467;1732,4676513671875
2024-06-18;46505;0,0122;0,0008;0,0019;0,0002;49,808;9,968;26,7;2,694444444444444;153,0;0,0;51,0;569649,0675175646;5517733,074541176;0,268;2,183668766519887e-05;-0,6370236128568361;1732,4676513671875
2024-06-18;1;0,0278;0,0017;0,0065;0,0003;49,8047;9,95642;26,9;2,7777777777777777;154,0;0,0;52,0;568820,5605106109;5517355,496720748;;2,18366876652019e-05;-0,6370236128569244;1732,4676513671875
2024-06-19;5456;0,0326;0,0021;0,0074;0,0007;49,802;9,944;22,2;2,888888888888889;272,0;0,9;76,0;567930,6533392705;5517043,993212319;;;-0,8513610213995776;523,9229736328125
2024-06-19;9094;0,0057;0,0003;0,0004;0,0;49,796;9,902;22,5;2,9166666666666665;276,0;0,8999999999999999;72,0;564916,3789284342;5516339,731191984;;;-0,8513610213995917;523,9229736328125
2024-06-19;10645;0,0142;0,0005;0,0026;0,0001;49,782;9,932;22,4;2,9166666666666665;276,0;0,8;73,0;567094,7661046094;5514809,631751885;;;-0,6807357873196176;523,9229736328125
2024-06-19;13975;0,0351;0,0016;0,0086;0,0003;49,792;9,946;22,2;2,888888888888889;272,0;0,9;76,0;568088,5932671656;5515934,024955345;;;-0,5756137384336744;523,9229736328125
2024-06-19;15449;0,0302;0,0009;0,0073;0,0001;49,784;9,934;22,4;2,9166666666666665;276,0;0,8;73,0;567235,976097938;5515033,77807713;;;-0,7288701568392134;523,9229736328125
2024-06-19;19623;0,0219;0,0013;0,0029;0,0002;49,798;9,928;22,1;3,0277777777777777;276,0;0,8999999999999999;77,0;566784,8051692393;5516584,912229571;;;-0,8513610213994737;523,9229736328125
2024-06-19;25049;0,0042;0,0003;0,0007;0,0001;49,814;9,918;20,9;3,1111111111111107;270,0;0,8999999999999999;85,0;566043,3787976378;5518354,912347081;;;-0,8513610213994737;523,9229736328125
2024-06-19;46505;0,0122;0,0008;0,0019;0,0002;49,808;9,968;22,3;2,805555555555556;276,0;1,0;73,0;569649,0675175646;5517733,074541176;;;-0,688331168622161;523,9229736328125
2024-06-19;1;0,0275;0,0018;0,0062;0,0003;49,8047;9,95642;22,2;2,888888888888889;272,0;0,9;76,0;568820,5605106109;5517355,496720748;;;-0,741642395730146;523,9229736328125
2024-06-20;5456;0,0336;0,0022;0,0073;0,0007;49,802;9,944;21,8;2,9166666666666665;86,0;0,0;67,0;567930,6533392705;5517043,993212319;;;-0,6809194813221777;587,7984619140625
2024-06-20;9094;0,0059;0,0003;0,0004;0,0;49,796;9,902;22,1;2,611111111111111;92,0;0,0;63,0;564916,3789284342;5516339,731191984;;;-0,838363349437806;587,7984619140625
2024-06-20;10645;0,0144;0,0007;0,0028;0,0001;49,782;9,932;22,1;2,611111111111111;90,0;0,0;66,0;567094,7661046094;5514809,631751885;;;-0,8409972664531972;587,7984619140625
2024-06-20;13975;0,0348;0,0018;0,008;0,0004;49,792;9,946;21,8;2,9166666666666665;86,0;0,0;67,0;568088,5932671656;5515934,024955345;;;-0,5948565006255934;587,7984619140625
2024-06-20;15449;0,0293;0,0013;0,0057;0,0003;49,784;9,934;22,1;2,611111111111111;90,0;0,0;66,0;567235,976097938;5515033,77807713;;;-0,8383323154183304;587,7984619140625
2024-06-20;19623;0,0238;0,0015;0,0033;0,0002;49,798;9,928;22,0;3,0;90,0;0,0;66,0;566784,8051692393;5516584,912229571;;;-0,8383633494376896;587,7984619140625
2024-06-20;25049;0,0044;0,0003;0,0007;0,0001;49,814;9,918;20,9;3,1111111111111107;94,0;0,0;72,0;566043,3787976378;5518354,912347081;;;-0,8134434755520564;587,7984619140625
2024-06-20;46505;0,0126;0,0008;0,002;0,0002;49,808;9,968;21,7;2,694444444444444;86,0;0,0;66,0;569649,0675175646;5517733,074541176;;;-0,5948565006255834;587,7984619140625
2024-06-20;1;0,0284;0,0018;0,0063;0,0003;49,8047;9,95642;21,8;2,9166666666666665;86,0;0,0;67,0;568820,5605106109;5517355,496720748;;;-0,594856500625666;587,7984619140625
2024-06-21;5456;0,0432;0,002;0,0103;0,0007;49,802;9,944;23,0;2,694444444444444;184,0;1,3;80,0;567930,6533392705;5517043,993212319;;;-0,523423969745685;651,4761962890625
2024-06-21;9094;0,0075;0,0003;0,0006;0,0;49,796;9,902;23,2;2,611111111111111;180,0;1,2;78,0;564916,3789284342;5516339,731191984;;;-0,5885613958590122;651,4761962890625
2024-06-21;10645;0,019;0,0007;0,003;0,0001;49,782;9,932;23,2;2,7222222222222223;186,0;2,1;79,0;567094,7661046094;5514809,631751885;;;-0,4575470163764642;651,4761962890625
2024-06-21;13975;0,046;0,0019;0,011;0,0005;49,792;9,946;23,0;2,694444444444444;184,0;1,3;80,0;568088,5932671656;5515934,024955345;;;-0,4914590115713302;651,4761962890625
2024-06-21;15449;0,0386;0,0012;0,0081;0,0002;49,784;9,934;23,2;2,7222222222222223;186,0;2,1;79,0;567235,976097938;5515033,77807713;;;-0,5229770525121649;651,4761962890625
2024-06-21;19623;0,0308;0,0014;0,004;0,0002;49,798;9,928;22,9;2,805555555555556;178,0;1,3;81,0;566784,8051692393;5516584,912229571;;;-0,523423969745621;651,4761962890625
2024-06-21;25049;0,0057;0,0002;0,0009;0,0;49,814;9,918;22,0;3,0;176,0;1,4;83,0;566043,3787976378;5518354,912347081;;;-0,523423969745621;651,4761962890625
2024-06-21;46505;0,0157;0,0008;0,0025;0,0002;49,808;9,968;22,9;2,5;185,0;1,1;80,0;569649,0675175646;5517733,074541176;;;-0,5173172354697947;651,4761962890625
2024-06-21;1;0,0353;0,0018;0,0077;0,0003;49,8047;9,95642;23,0;2,694444444444444;184,0;1,3;80,0;568820,5605106109;5517355,496720748;;;-0,5198972132757407;651,4761962890625
2024-06-22;5456;0,0363;0,0011;0,0078;0,0003;49,802;9,944;20,1;2,972222222222222;230,0;0,1;60,0;567930,6533392705;5517043,993212319;;;-0,3413589642862845;1162,0242919921875
2024-06-22;9094;0,0062;0,0002;0,0004;0,0;49,796;9,902;20,5;2,611111111111111;230,0;0,1;57,0;564916,3789284342;5516339,731191984;;;-0,38356551527981214;1162,0242919921875
2024-06-22;10645;0,0159;0,0005;0,0024;0,0001;49,782;9,932;20,4;2,833333333333333;231,0;0,1;59,0;567094,7661046094;5514809,631751885;;;-0,3086435496807387;1162,0242919921875
2024-06-22;13975;0,0362;0,0009;0,0076;0,0002;49,792;9,946;20,1;2,972222222222222;230,0;0,1;60,0;568088,5932671656;5515934,024955345;;;-0,5272086416680796;1162,0242919921875
2024-06-22;15449;0,0339;0,001;0,0076;0,0002;49,784;9,934;20,4;2,833333333333333;231,0;0,1;59,0;567235,976097938;5515033,77807713;;;-0,36207711807575704;1162,0242919921875
2024-06-22;19623;0,0255;0,0009;0,003;0,0001;49,798;9,928;20,1;2,9166666666666665;232,0;0,1;61,0;566784,8051692393;5516584,912229571;;;-0,38249170291890267;1162,0242919921875
2024-06-22;25049;0,0047;0,0001;0,0007;0,0;49,814;9,918;18,9;2,972222222222222;230,0;0,1;65,0;566043,3787976378;5518354,912347081;;;-0,1969156497356282;1162,0242919921875
2024-06-22;46505;0,0132;0,0005;0,002;0,0001;49,808;9,968;20,1;2,9166666666666665;232,0;0,1;58,0;569649,0675175646;5517733,074541176;;;-0,31085430085657617;1162,0242919921875
2024-06-22;1;0,0279;0,001;0,0056;0,0002;49,8047;9,95642;20,1;2,972222222222222;230,0;0,1;60,0;568820,5605106109;5517355,496720748;;;-0,31085430085661936;1162,0242919921875
2024-06-23;5456;0,0259;0,0006;0,0055;0,0001;49,802;9,944;22,3;1,777777777777778;47,0;0,0;55,0;567930,6533392705;5517043,993212319;;;-0,9092092514038936;1170,7315673828125
2024-06-23;9094;0,0047;0,0001;0,0004;0,0;49,796;9,902;22,3;1,6388888888888888;43,0;0,0;53,0;564916,3789284342;5516339,731191984;;;-0,9092092514039087;1170,7315673828125
2024-06-23;10645;0,012;0,0003;0,0016;0,0;49,782;9,932;22,0;1,7222222222222223;36,0;0,0;56,0;567094,7661046094;5514809,631751885;;;-0,832731485366899;1170,7315673828125
2024-06-23;13975;0,0278;0,0006;0,0054;0,0002;49,792;9,946;22,3;1,777777777777778;47,0;0,0;55,0;568088,5932671656;5515934,024955345;;;-0,8835862708710127;1170,7315673828125
2024-06-23;15449;0,0244;0,0005;0,0045;0,0001;49,784;9,934;22,0;1,7222222222222223;36,0;0,0;56,0;567235,976097938;5515033,77807713;;;-0,8327314853667975;1170,7315673828125
2024-06-23;19623;0,0202;0,0006;0,0025;0,0001;49,798;9,928;22,5;1,6944444444444442;50,0;0,0;54,0;566784,8051692393;5516584,912229571;;;-0,909120943409266;1170,7315673828125
2024-06-23;25049;0,0035;0,0001;0,0006;0,0;49,814;9,918;21,6;1,7222222222222223;54,0;0,0;57,0;566043,3787976378;5518354,912347081;;2,7669082521721877e-05;-0,9919152004610424;1170,7315673828125
2024-06-23;46505;0,0095;0,0003;0,0019;0,0001;49,808;9,968;22,1;1,6944444444444442;40,0;0,0;54,0;569649,0675175646;5517733,074541176;;;-1,0134675797520523;1170,7315673828125
2024-06-23;1;0,0214;0,0005;0,0044;0,0001;49,8047;9,95642;22,3;1,777777777777778;47,0;0,0;55,0;568820,5605106109;5517355,496720748;;;-1,005434664176692;1170,7315673828125
2024-06-24;5456;0,0288;0,0021;0,0066;0,0007;49,802;9,944;25,1;4,555555555555555;52,0;0,0;43,0;567930,6533392705;5517043,993212319;0,208;3,3477806096057856e-05;-0,8422828903891273;1651,4127197265625
2024-06-24;9094;0,0057;0,0003;0,0004;0,0;49,796;9,902;25,9;3,0277777777777777;63,0;0,0;37,0;564916,3789284342;5516339,731191984;0,1845;2,3795963361609457e-05;-0,8045310653844373;1651,4127197265625
2024-06-24;10645;0,015;0,0008;0,0024;0,0002;49,782;9,932;25,8;3,222222222222222;68,0;0,0;40,0;567094,7661046094;5514809,631751885;0,185;2,4037280127233744e-05;-0,7304453253746716;1651,4127197265625
2024-06-24;13975;0,0348;0,0024;0,0081;0,0006;49,792;9,946;25,1;4,555555555555555;52,0;0,0;43,0;568088,5932671656;5515934,024955345;0,183;3,083442607021337e-05;-0,7923120260238421;1651,4127197265625
2024-06-24;15449;0,0314;0,0014;0,0065;0,0003;49,784;9,934;25,8;3,222222222222222;68,0;0,0;40,0;567235,976097938;5515033,77807713;0,1903333333333333;2,5206286864864398e-05;-0,7410854661779358;1651,4127197265625
2024-06-24;19623;0,0231;0,0016;0,0031;0,0002;49,798;9,928;25,3;4,138888888888889;58,0;0,0;41,0;566784,8051692393;5516584,912229571;0,173;2,6563699299753974e-05;-0,7653076318413095;1651,4127197265625
2024-06-24;25049;0,0043;0,0003;0,0007;0,0001;49,814;9,918;23,9;3,9722222222222223;56,0;0,0;46,0;566043,3787976378;5518354,912347081;0,2;2,883755951188422e-05;-0,9454376995563236;1651,4127197265625
2024-06-24;46505;0,012;0,0008;0,0019;0,0002;49,808;9,968;25,0;4,055555555555555;52,0;0,0;42,0;569649,0675175646;5517733,074541176;0,1835;3,183095300776824e-05;-0,8550064817658094;1651,4127197265625
2024-06-24;1;0,0261;0,0018;0,0067;0,0004;49,8047;9,95642;25,1;4,555555555555555;52,0;0,0;43,0;568820,5605106109;5517355,496720748;0,1965;3,3694255762387424e-05;-0,8374711573124716;1651,4127197265625
2024-06-25;5456;0,0327;0,0029;0,007;0,0009;49,802;9,944;26,7;4,361111111111111;70,0;0,0;39,0;567930,6533392705;5517043,993212319;;3,942973213967963e-05;-0,1483473261924569;1614,26416015625
2024-06-25;9094;0,0058;0,0003;0,0004;0,0;49,796;9,902;27,0;3,888888888888889;67,0;0,0;36,0;564916,3789284342;5516339,731191984;0,14;3,3518187559821806e-05;-0,1927570572218658;1614,26416015625
2024-06-25;10645;0,015;0,0008;0,0024;0,0001;49,782;9,932;27,1;4,027777777777778;67,0;0,0;37,0;567094,7661046094;5514809,631751885;0,054;3,338062742841742e-05;-0,1926127225160779;1614,26416015625
2024-06-25;13975;0,0357;0,0022;0,0087;0,0004;49,792;9,946;26,7;4,361111111111111;70,0;0,0;39,0;568088,5932671656;5515934,024955345;0,0825;3,7903548218308795e-05;-0,03824432939290891;1614,26416015625
2024-06-25;15449;0,031;0,0015;0,006;0,0002;49,784;9,934;27,1;4,027777777777778;67,0;0,0;37,0;567235,976097938;5515033,77807713;0,075;3,351819472982175e-05;-0,18791751686228134;1614,26416015625
2024-06-25;19623;0,023;0,0017;0,003;0,0003;49,798;9,928;26,9;4,305555555555555;72,0;0,0;38,0;566784,8051692393;5516584,912229571;0,114;3,3380627428413345e-05;-0,19261272251605435;1614,26416015625
2024-06-25;25049;0,0043;0,0003;0,0007;0,0001;49,814;9,918;25,6;4,388888888888889;73,0;0,0;42,0;566043,3787976378;5518354,912347081;0,239;4,361129400731041e-05;-0,20719149525054714;1614,26416015625
2024-06-25;46505;0,0119;0,0008;0,0018;0,0002;49,808;9,968;26,5;4,166666666666667;69,0;0,0;38,0;569649,0675175646;5517733,074541176;0,1555;3,8046520660220695e-05;-0,043385178223330226;1614,26416015625
2024-06-25;1;0,0271;0,0018;0,0061;0,0003;49,8047;9,95642;26,7;4,361111111111111;70,0;0,0;39,0;568820,5605106109;5517355,496720748;0,152;3,87401229133358e-05;-0,06832464977880047;1614,26416015625
2024-06-26;5456;0,0341;0,0027;0,0072;0,0009;49,802;9,944;29,2;1,5277777777777777;58,0;0,0;46,0;567930,6533392705;5517043,993212319;0,195;4,1804651118586024e-05;-0,9761838316918332;1825,3759765625
2024-06-26;9094;0,0058;0,0004;0,0004;0,0;49,796;9,902;29,7;1,4166666666666663;51,0;0,0;42,0;564916,3789284342;5516339,731191984;0,291;3,4060184164517115e-05;-0,9632216681195374;1825,3759765625
2024-06-26;10645;0,0148;0,0008;0,0022;0,0001;49,782;9,932;29,6;1,3611111111111112;54,0;0,0;45,0;567094,7661046094;5514809,631751885;0,146;2,42574733420065e-05;-0,9011752009392627;1825,3759765625
2024-06-26;13975;0,0366;0,0019;0,0084;0,0003;49,792;9,946;29,2;1,5277777777777777;58,0;0,0;46,0;568088,5932671656;5515934,024955345;0,15;2,326776051837844e-05;-0,9141876508659779;1825,3759765625
2024-06-26;15449;0,0309;0,0013;0,0067;0,0002;49,784;9,934;29,6;1,3611111111111112;54,0;0,0;45,0;567235,976097938;5515033,77807713;0,156;2,4257473342003538e-05;-0,9011752009391526;1825,3759765625
2024-06-26;19623;0,0241;0,0019;0,0033;0,0003;49,798;9,928;29,7;1,4444444444444444;56,0;0,0;43,0;566784,8051692393;5516584,912229571;0,161;3,7405316539325444e-05;-0,9573780688953271;1825,3759765625
2024-06-26;25049;0,0044;0,0003;0,0007;0,0001;49,814;9,918;28,3;1,3055555555555556;58,0;0,0;48,0;566043,3787976378;5518354,912347081;0,212;4,1804651118580915e-05;-0,976183831691714;1825,3759765625
2024-06-26;46505;0,0111;0,0009;0,0011;0,0003;49,808;9,968;28,9;1,4166666666666663;51,0;0,0;47,0;569649,0675175646;5517733,074541176;0,179;2,2113517167424262e-05;-0,9917809186962315;1825,3759765625
2024-06-26;1;0,0262;0,0019;0,0065;0,0004;49,8047;9,95642;29,2;1,5277777777777777;58,0;0,0;46,0;568820,5605106109;5517355,496720748;0,198;2,3084648691401387e-05;-0,9935402344315966;1825,3759765625
2024-06-27;5456;0,0339;0,0024;0,0074;0,0008;49,802;9,944;26,2;2,083333333333333;235,0;0,0;65,0;567930,6533392705;5517043,993212319;;4,136784082220788e-05;-0,8834765255452028;1210,529052734375
2024-06-27;9094;0,0058;0,0003;0,0004;0,0;49,796;9,902;26,9;1,8611111111111112;234,0;0,1;61,0;564916,3789284342;5516339,731191984;0,4115;3,9884838443453066e-05;-0,896554170774839;1210,529052734375
2024-06-27;10645;0,0139;0,0006;0,0026;0,0001;49,782;9,932;26,6;1,972222222222222;229,0;0,2;66,0;567094,7661046094;5514809,631751885;0,315;4,211402163385265e-05;-0,8935563361679155;1210,529052734375
2024-06-27;13975;0,0355;0,002;0,0089;0,0005;49,792;9,946;26,2;2,083333333333333;235,0;0,0;65,0;568088,5932671656;5515934,024955345;0,309;4,164651634988044e-05;-0,8872410490828582;1210,529052734375
2024-06-27;15449;0,0294;0,0012;0,0067;0,0003;49,784;9,934;26,6;1,972222222222222;229,0;0,2;66,0;567235,976097938;5515033,77807713;0,342;4,136784082220283e-05;-0,8834765255450949;1210,529052734375
2024-06-27;19623;0,0235;0,0016;0,003;0,0002;49,798;9,928;26,3;1,972222222222222;240,0;0,0;65,0;566784,8051692393;5516584,912229571;0,358;4,136784082220283e-05;-0,8834765255450949;1210,529052734375
2024-06-27;25049;0,0044;0,0003;0,0007;0,0;49,814;9,918;25,0;1,972222222222222;246,0;0,0;71,0;566043,3787976378;5518354,912347081;;4,118652262515807e-05;-0,8974524426908278;1210,529052734375
2024-06-27;46505;0,0125;0,0008;0,0019;0,0002;49,808;9,968;26,3;2,1944444444444446;227,0;0,0;64,0;569649,0675175646;5517733,074541176;0,296;4,2169847743913814e-05;-0,9073994409240607;1210,529052734375
2024-06-27;1;0,0284;0,0018;0,0063;0,0003;49,8047;9,95642;26,2;2,083333333333333;235,0;0,0;65,0;568820,5605106109;5517355,496720748;0,299;4,137383964886925e-05;-0,8836554634305436;1210,529052734375
2024-06-28;5456;0,0432;0,0022;0,0099;0,0006;49,802;9,944;24,5;3,305555555555556;265,0;2,8;76,0;567930,6533392705;5517043,993212319;;;-0,5600775666777421;1014,2342529296875
2024-06-28;9094;0,0075;0,0003;0,0006;0,0;49,796;9,902;24,8;3,0;268,0;3,0;74,0;564916,3789284342;5516339,731191984;;;-0,5603640079498908;1014,2342529296875
2024-06-28;10645;0,0187;0,0007;0,0031;0,0001;49,782;9,932;24,8;3,1111111111111107;266,0;4,0;76,0;567094,7661046094;5514809,631751885;;;-0,7289004732298741;1014,2342529296875
2024-06-28;13975;0,0437;0,002;0,011;0,0005;49,792;9,946;24,5;3,305555555555556;265,0;2,8;76,0;568088,5932671656;5515934,024955345;;;-0,46097462624310126;1014,2342529296875
2024-06-28;15449;0,0381;0,0011;0,0076;0,0002;49,784;9,934;24,8;3,1111111111111107;266,0;4,0;76,0;567235,976097938;5515033,77807713;;;-0,6040265026097251;1014,2342529296875
2024-06-28;19623;0,0298;0,0015;0,0039;0,0002;49,798;9,928;24,5;3,3888888888888884;268,0;2,7;76,0;566784,8051692393;5516584,912229571;;;-0,5603640079498131;1014,2342529296875
2024-06-28;25049;0,0056;0,0003;0,0009;0,0001;49,814;9,918;23,2;3,5;265,0;2,4;80,0;566043,3787976378;5518354,912347081;;;-0,5603640079498131;1014,2342529296875
2024-06-28;46505;0,0163;0,0008;0,0027;0,0002;49,808;9,968;24,4;3,0277777777777777;262,0;2,8;74,0;569649,0675175646;5517733,074541176;;;-0,37138628778099136;1014,2342529296875
2024-06-28;1;0,037;0,0019;0,0084;0,0003;49,8047;9,95642;24,5;3,305555555555556;265,0;2,8;76,0;568820,5605106109;5517355,496720748;;;-0,37594982236627283;1014,2342529296875
2024-06-29;5456;0,0371;0,0012;0,0081;0,0003;49,802;9,944;29,9;1,7222222222222223;80,0;0,0;55,0;567930,6533392705;5517043,993212319;;3,696296537418497e-05;0,4210667000807691;1204,863037109375
2024-06-29;9094;0,006;0,0002;0,0005;0,0;49,796;9,902;30,4;1,5;90,0;0,0;52,0;564916,3789284342;5516339,731191984;0,388;3,525461730954685e-05;0,3398666804562963;1204,863037109375
2024-06-29;10645;0,0154;0,0004;0,0025;0,0;49,782;9,932;30,4;1,3888888888888888;90,0;0,0;54,0;567094,7661046094;5514809,631751885;0,4675;4,977633810482689e-05;0,43000769516272164;1204,863037109375
2024-06-29;13975;0,0368;0,0011;0,008;0,0003;49,792;9,946;29,9;1,7222222222222223;80,0;0,0;55,0;568088,5932671656;5515934,024955345;0,401;4,850498522285861e-05;0,42756352426794114;1204,863037109375
2024-06-29;15449;0,0311;0,0009;0,0057;0,0002;49,784;9,934;30,4;1,3888888888888888;90,0;0,0;54,0;567235,976097938;5515033,77807713;0,4635;4,5810235244664796e-05;0,4422470272675654;1204,863037109375
2024-06-29;19623;0,0254;0,001;0,0035;0,0002;49,798;9,928;30,3;1,805555555555556;90,0;0,0;53,0;566784,8051692393;5516584,912229571;0,421;4,270529116566218e-05;0,43641181769621434;1204,863037109375
2024-06-29;25049;0,0046;0,0001;0,0008;0,0;49,814;9,918;29,1;1,9166666666666667;96,0;0,0;57,0;566043,3787976378;5518354,912347081;;3,730814851449336e-05;0,42086083576591987;1204,863037109375
2024-06-29;46505;0,0136;0,0005;0,002;0,0001;49,808;9,968;29,7;1,5833333333333333;72,0;0,0;55,0;569649,0675175646;5517733,074541176;;2,783979562081969e-05;0,42650768160818076;1204,863037109375
2024-06-29;1;0,0292;0,0011;0,0059;0,0002;49,8047;9,95642;29,9;1,7222222222222223;80,0;0,0;55,0;568820,5605106109;5517355,496720748;;2,7839795620823553e-05;0,42650768160823993;1204,863037109375
2024-06-30;5456;0,0236;0,0007;0,005;0,0001;49,802;9,944;21,8;4,527777777777778;235,0;2,1;74,0;567930,6533392705;5517043,993212319;;;-0,6063458080939428;575,608154296875
2024-06-30;9094;0,0041;0,0001;0,0003;0,0;49,796;9,902;21,9;3,9166666666666665;232,0;2,7;73,0;564916,3789284342;5516339,731191984;;;-0,5457513928413992;575,608154296875
2024-06-30;10645;0,0113;0,0002;0,0017;0,0001;49,782;9,932;21,7;4,055555555555555;232,0;2,0;75,0;567094,7661046094;5514809,631751885;;;-0,5977512884336167;575,608154296875
2024-06-30;13975;0,0278;0,0007;0,0063;0,0003;49,792;9,946;21,8;4,527777777777778;235,0;2,1;74,0;568088,5932671656;5515934,024955345;;;-0,6224932074546635;575,608154296875
2024-06-30;15449;0,0227;0,0004;0,0041;0,0001;49,784;9,934;21,7;4,055555555555555;232,0;2,0;75,0;567235,976097938;5515033,77807713;;;-0,6201938954378315;575,608154296875
2024-06-30;19623;0,0175;0,0005;0,0024;0,0001;49,798;9,928;21,9;4,416666666666667;237,0;2,4;74,0;566784,8051692393;5516584,912229571;;;-0,5752901229251518;575,608154296875
2024-06-30;25049;0,0031;0,0001;0,0005;0,0;49,814;9,918;20,8;4,75;235,0;3,0;78,0;566043,3787976378;5518354,912347081;;;-0,4145941886088395;575,608154296875
2024-06-30;46505;0,0091;0,0003;0,0019;0,0001;49,808;9,968;21,6;4,305555555555555;234,0;2,6;73,0;569649,0675175646;5517733,074541176;;;-0,6224932074546532;575,608154296875
2024-06-30;1;0,02;0,0006;0,0041;0,0002;49,8047;9,95642;21,8;4,527777777777778;235,0;2,1;74,0;568820,5605106109;5517355,496720748;;;-0,6224932074547396;575,608154296875
2024-07-01;5456;0,0347;0,0023;0,0072;0,0007;49,802;9,944;19,1;3,583333333333333;283,0;0,1;73,0;567930,6533392705;5517043,993212319;;;-0,2820704579353596;762,052490234375
2024-07-01;9094;0,0058;0,0003;0,0004;0,0;49,796;9,902;19,0;3,4444444444444446;278,0;0,1;76,0;564916,3789284342;5516339,731191984;;;-0,5442408109449596;762,052490234375
2024-07-01;10645;0,0136;0,0006;0,0025;0,0001;49,782;9,932;18,9;3,5277777777777777;278,0;0,3;79,0;567094,7661046094;5514809,631751885;;;-0,14302259683610347;762,052490234375
2024-07-01;13975;0,0356;0,0018;0,0085;0,0005;49,792;9,946;19,1;3,583333333333333;283,0;0,1;73,0;568088,5932671656;5515934,024955345;;;-0,14302259683608598;762,052490234375
2024-07-01;15449;0,0277;0,001;0,0057;0,0002;49,784;9,934;18,9;3,5277777777777777;278,0;0,3;79,0;567235,976097938;5515033,77807713;;;-0,14302259683608598;762,052490234375
2024-07-01;19623;0,0232;0,0015;0,0028;0,0002;49,798;9,928;19,0;3,555555555555556;281,0;0,1;75,0;566784,8051692393;5516584,912229571;;;-0,20536929145212648;762,052490234375
2024-07-01;25049;0,0043;0,0003;0,0007;0,0001;49,814;9,918;17,9;3,555555555555556;280,0;0,0;79,0;566043,3787976378;5518354,912347081;;;-0,28207045793532515;762,052490234375
2024-07-01;46505;0,0127;0,0008;0,002;0,0002;49,808;9,968;19,2;3,638888888888889;286,0;0,1;72,0;569649,0675175646;5517733,074541176;;;-0,3081490042829814;762,052490234375
2024-07-01;1;0,0291;0,0016;0,0068;0,0003;49,8047;9,95642;19,1;3,583333333333333;283,0;0,1;73,0;568820,5605106109;5517355,496720748;;;-0,327402277586472;762,052490234375
2024-07-02;5456;0,035;0,0022;0,0072;0,0006;49,802;9,944;17,9;3,305555555555556;270,0;0,0;62,0;567930,6533392705;5517043,993212319;;;-0,6885014176369357;1098,4326171875
2024-07-02;9094;0,0059;0,0003;0,0004;0,0;49,796;9,902;18,2;3,138888888888889;277,0;0,0;59,0;564916,3789284342;5516339,731191984;;;-0,10928992182017576;1098,4326171875
2024-07-02;10645;0,0153;0,0006;0,0025;0,0001;49,782;9,932;18,1;3,25;279,0;0,0;62,0;567094,7661046094;5514809,631751885;;;-0,11169631575952957;1098,4326171875
2024-07-02;13975;0,0361;0,0017;0,0083;0,0004;49,792;9,946;17,9;3,305555555555556;270,0;0,0;62,0;568088,5932671656;5515934,024955345;;;-0,6885014176368516;1098,4326171875
2024-07-02;15449;0,0313;0,0011;0,0065;0,0002;49,784;9,934;18,1;3,25;279,0;0,0;62,0;567235,976097938;5515033,77807713;;;-0,3127976505858408;1098,4326171875
2024-07-02;19623;0,0244;0,0014;0,0029;0,0002;49,798;9,928;17,8;3,3888888888888884;272,0;0,2;64,0;566784,8051692393;5516584,912229571;;;-0,12972010350136046;1098,4326171875
2024-07-02;25049;0,0045;0,0003;0,0007;0,0001;49,814;9,918;16,9;3,611111111111111;265,0;0,0;66,0;566043,3787976378;5518354,912347081;;;-0,6377131154168649;1098,4326171875
2024-07-02;46505;0,0124;0,0008;0,0019;0,0002;49,808;9,968;17,9;3,333333333333333;277,0;0,0;60,0;569649,0675175646;5517733,074541176;;;-0,6885014176368401;1098,4326171875
2024-07-02;1;0,0282;0,0017;0,0063;0,0003;49,8047;9,95642;17,9;3,305555555555556;270,0;0,0;62,0;568820,5605106109;5517355,496720748;;;-0,6885014176369357;1098,4326171875
2024-07-03;5456;0,0349;0,0024;0,0073;0,0007;49,802;9,944;18,6;2,6666666666666665;257,0;1,1;57,0;567930,6533392705;5517043,993212319;;;-0,5491077538352326;771,5989379882812
2024-07-03;9094;0,0057;0,0003;0,0004;0,0;49,796;9,902;18,8;2,1666666666666665;248,0;1,1;55,0;564916,3789284342;5516339,731191984;;;-0,5562598336053058;771,5989379882812
2024-07-03;10645;0,0136;0,0006;0,0024;0,0001;49,782;9,932;18,5;2,388888888888889;248,0;1,2;59,0;567094,7661046094;5514809,631751885;;;-0,7587375431813754;771,5989379882812
2024-07-03;13975;0,0349;0,0017;0,0087;0,0004;49,792;9,946;18,6;2,6666666666666665;257,0;1,1;57,0;568088,5932671656;5515934,024955345;;;-1,033470366439003;771,5989379882812
2024-07-03;15449;0,029;0,001;0,0071;0,0002;49,784;9,934;18,5;2,388888888888889;248,0;1,2;59,0;567235,976097938;5515033,77807713;;;-0,779876813292481;771,5989379882812
2024-07-03;19623;0,0243;0,0015;0,0032;0,0002;49,798;9,928;18,6;2,583333333333333;257,0;1,1;58,0;566784,8051692393;5516584,912229571;;;-0,7606304173989755;771,5989379882812
2024-07-03;25049;0,0044;0,0003;0,0007;0,0001;49,814;9,918;17,5;2,7777777777777777;255,0;1,4;63,0;566043,3787976378;5518354,912347081;;;-0,4865341791502982;771,5989379882812
2024-07-03;46505;0,0125;0,0008;0,002;0,0002;49,808;9,968;18,5;2,6666666666666665;257,0;1,2;55,0;569649,0675175646;5517733,074541176;;;-1,0925618261098367;771,5989379882812
2024-07-03;1;0,0286;0,0018;0,0065;0,0003;49,8047;9,95642;18,6;2,6666666666666665;257,0;1,1;57,0;568820,5605106109;5517355,496720748;;;-1,0823114003476861;771,5989379882812
2024-07-04;5456;0,0367;0,002;0,0077;0,0006;49,802;9,944;16,7;4,277777777777778;233,0;0,8;82,0;567930,6533392705;5517043,993212319;;;-1,271282047033429;938,6988525390625
2024-07-04;9094;0,0062;0,0003;0,0004;0,0;49,796;9,902;17,3;4,194444444444445;232,0;1,1;78,0;564916,3789284342;5516339,731191984;;;-1,3231657445432212;938,6988525390625
2024-07-04;10645;0,016;0,0007;0,0027;0,0001;49,782;9,932;17,1;4,611111111111112;231,0;0,8999999999999999;80,0;567094,7661046094;5514809,631751885;;;-1,2219869629680105;938,6988525390625
2024-07-04;13975;0,0382;0,0015;0,0089;0,0003;49,792;9,946;16,7;4,277777777777778;233,0;0,8;82,0;568088,5932671656;5515934,024955345;;;-1,2070365830591185;938,6988525390625
2024-07-04;15449;0,033;0,0014;0,0067;0,0003;49,784;9,934;17,1;4,611111111111112;231,0;0,8999999999999999;80,0;567235,976097938;5515033,77807713;;;-1,2883123192463395;938,6988525390625
2024-07-04;19623;0,0255;0,0015;0,0034;0,0002;49,798;9,928;16,9;4,166666666666667;235,0;0,8999999999999999;82,0;566784,8051692393;5516584,912229571;;;-1,3231630912620138;938,6988525390625
2024-07-04;25049;0,0047;0,0003;0,0007;0,0001;49,814;9,918;16,1;4,722222222222222;234,0;1,0;85,0;566043,3787976378;5518354,912347081;;2,1463233420980076e-05;-1,5663679969261959;938,6988525390625
2024-07-04;46505;0,013;0,0007;0,0021;0,0001;49,808;9,968;16,6;3,9166666666666665;232,0;0,7;81,0;569649,0675175646;5517733,074541176;;;-1,2712820470332524;938,6988525390625
2024-07-04;1;0,0301;0,0014;0,0068;0,0002;49,8047;9,95642;16,7;4,277777777777778;233,0;0,8;82,0;568820,5605106109;5517355,496720748;;;-1,271282047033429;938,6988525390625
2024-07-05;5456;0,0424;0,0022;0,0097;0,0007;49,802;9,944;20,5;4,083333333333333;259,0;0,0;51,0;567930,6533392705;5517043,993212319;;;-0,8435021209956064;1590,458740234375
2024-07-05;9094;0,0073;0,0003;0,0006;0,0;49,796;9,902;21,4;3,638888888888889;254,0;0,0;45,0;564916,3789284342;5516339,731191984;;;-0,8432114124299024;1590,458740234375
2024-07-05;10645;0,0177;0,0007;0,003;0,0001;49,782;9,932;21,0;3,9166666666666665;251,0;0,0;49,0;567094,7661046094;5514809,631751885;;;-0,8432114124298884;1590,458740234375
2024-07-05;13975;0,0456;0,0018;0,0113;0,0004;49,792;9,946;20,5;4,083333333333333;259,0;0,0;51,0;568088,5932671656;5515934,024955345;;;-0,807105672804635;1590,458740234375
2024-07-05;15449;0,0365;0,0012;0,0078;0,0002;49,784;9,934;21,0;3,9166666666666665;251,0;0,0;49,0;567235,976097938;5515033,77807713;;;-0,8432114124297854;1590,458740234375
2024-07-05;19623;0,03;0,0015;0,0038;0,0002;49,798;9,928;20,6;4,055555555555555;260,0;0,0;51,0;566784,8051692393;5516584,912229571;;;-0,8432114124297854;1590,458740234375
2024-07-05;25049;0,0055;0,0003;0,0009;0,0;49,814;9,918;19,4;4,25;261,0;0,0;57,0;566043,3787976378;5518354,912347081;;;-0,6994640862178233;1590,458740234375
2024-07-05;46505;0,0158;0,0008;0,0025;0,0002;49,808;9,968;20,7;4,0;257,0;0,0;47,0;569649,0675175646;5517733,074541176;;;-0,8058731555938355;1590,458740234375
2024-07-05;1;0,035;0,0017;0,0077;0,0003;49,8047;9,95642;20,5;4,083333333333333;259,0;0,0;51,0;568820,5605106109;5517355,496720748;;;-0,8165783876171069;1590,458740234375
2024-07-06;5456;0,0374;0,0011;0,0086;0,0002;49,802;9,944;27,3;5,833333333333333;235,0;0,0;44,0;567930,6533392705;5517043,993212319;;;-0,052837738440014805;1060,80615234375
2024-07-06;9094;0,0057;0,0002;0,0004;0,0;49,796;9,902;27,9;5,472222222222222;235,0;0,0;42,0;564916,3789284342;5516339,731191984;0,153;;-0,10868650674821144;1060,80615234375
2024-07-06;10645;0,0148;0,0005;0,0023;0,0001;49,782;9,932;27,7;5,805555555555555;234,0;0,0;44,0;567094,7661046094;5514809,631751885;0,13;;0,1724409461684275;1060,80615234375
2024-07-06;13975;0,0414;0,0014;0,0107;0,0005;49,792;9,946;27,3;5,833333333333333;235,0;0,0;44,0;568088,5932671656;5515934,024955345;0,2535;;0,5063892602920387;1060,80615234375
2024-07-06;15449;0,0304;0,0009;0,0066;0,0002;49,784;9,934;27,7;5,805555555555555;234,0;0,0;44,0;567235,976097938;5515033,77807713;0,147;;0,17484639210735198;1060,80615234375
2024-07-06;19623;0,0247;0,0008;0,0028;0,0001;49,798;9,928;27,3;5,805555555555555;238,0;0,0;45,0;566784,8051692393;5516584,912229571;;;-0,10868650674819635;1060,80615234375
2024-07-06;25049;0,0045;0,0001;0,0007;0,0;49,814;9,918;25,9;6,111111111111111;238,0;0,0;49,0;566043,3787976378;5518354,912347081;;;-0,07900198671131231;1060,80615234375
2024-07-06;46505;0,0136;0,0005;0,0021;0,0001;49,808;9,968;27,6;5,611111111111111;235,0;0,0;42,0;569649,0675175646;5517733,074541176;0,2355;;-0,05202028527855637;1060,80615234375
2024-07-06;1;0,0288;0,001;0,0059;0,0002;49,8047;9,95642;27,3;5,833333333333333;235,0;0,0;44,0;568820,5605106109;5517355,496720748;0,156;;-0,052020285278563595;1060,80615234375
2024-07-07;5456;0,0274;0,0006;0,0055;0,0002;49,802;9,944;20,2;1,9166666666666667;219,0;0,0;44,0;567930,6533392705;5517043,993212319;;;-0,3797680118408068;1460,36474609375
2024-07-07;9094;0,0049;0,0001;0,0004;0,0;49,796;9,902;20,8;2,805555555555556;215,0;0,0;40,0;564916,3789284342;5516339,731191984;;3,380687489740693e-05;-0,6552038408685236;1460,36474609375
2024-07-07;10645;0,0129;0,0002;0,0021;0,0;49,782;9,932;20,4;2,833333333333333;219,0;0,0;43,0;567094,7661046094;5514809,631751885;;;-0,3647598624229772;1460,36474609375
2024-07-07;13975;0,0292;0,0005;0,0071;0,0001;49,792;9,946;20,2;1,9166666666666667;219,0;0,0;44,0;568088,5932671656;5515934,024955345;;;-0,3647598624229327;1460,36474609375
2024-07-07;15449;0,0265;0,0004;0,0051;0,0001;49,784;9,934;20,4;2,833333333333333;219,0;0,0;43,0;567235,976097938;5515033,77807713;;;-0,3647598624229327;1460,36474609375
2024-07-07;19623;0,0211;0,0005;0,0027;0,0001;49,798;9,928;20,2;2,555555555555556;211,0;0,0;44,0;566784,8051692393;5516584,912229571;;;-0,3647598624229327;1460,36474609375
2024-07-07;25049;0,0037;0,0001;0,0006;0,0;49,814;9,918;19,3;2,4722222222222223;207,0;0,0;47,0;566043,3787976378;5518354,912347081;;;-0,7653539776801844;1460,36474609375
2024-07-07;46505;0,0097;0,0003;0,0019;0,0001;49,808;9,968;20,0;1,6944444444444442;220,0;0,0;43,0;569649,0675175646;5517733,074541176;;;-0,5048232691016923;1460,36474609375
2024-07-07;1;0,0219;0,0005;0,0046;0,0001;49,8047;9,95642;20,2;1,9166666666666667;219,0;0,0;44,0;568820,5605106109;5517355,496720748;;;-0,3952702168825672;1460,36474609375
2024-07-08;5456;0,0336;0,0026;0,0067;0,0009;49,802;9,944;24,5;0,4166666666666666;166,0;0,0;40,0;567930,6533392705;5517043,993212319;;2,5330287371618946e-05;-0,413897946476975;1872,128662109375
2024-07-08;9094;0,0058;0,0003;0,0004;0,0;49,796;9,902;25,1;2,583333333333333;193,0;0,0;36,0;564916,3789284342;5516339,731191984;;2,938380702886994e-05;-0,4596804385545486;1872,128662109375
2024-07-08;10645;0,0153;0,0007;0,0025;0,0001;49,782;9,932;24,7;2,888888888888889;194,0;0,0;40,0;567094,7661046094;5514809,631751885;;3,014604180862361e-05;-0,46828950196508967;1872,128662109375
2024-07-08;13975;0,0371;0,0019;0,009;0,0004;49,792;9,946;24,5;0,4166666666666666;166,0;0,0;40,0;568088,5932671656;5515934,024955345;0,13;3,014604180861993e-05;-0,4682895019650325;1872,128662109375
2024-07-08;15449;0,031;0,0012;0,0056;0,0002;49,784;9,934;24,7;2,888888888888889;194,0;0,0;40,0;567235,976097938;5515033,77807713;;3,014604180861993e-05;-0,4682895019650325;1872,128662109375
2024-07-08;19623;0,0241;0,0018;0,0029;0,0002;49,798;9,928;25,0;1,5555555555555554;207,0;0,0;39,0;566784,8051692393;5516584,912229571;;2,859082293472467e-05;-0,4507240769038431;1872,128662109375
2024-07-08;25049;0,0044;0,0003;0,0007;0,0;49,814;9,918;23,5;0,5277777777777778;248,0;0,0;46,0;566043,3787976378;5518354,912347081;;2,5330287451197607e-05;-0,4138827522751198;1872,128662109375
2024-07-08;46505;0,0124;0,0008;0,0018;0,0002;49,808;9,968;24,6;1,6666666666666663;155,0;0,0;39,0;569649,0675175646;5517733,074541176;0,267;3,377509877473624e-05;-0,41450355746042655;1872,128662109375
2024-07-08;1;0,0283;0,0017;0,0065;0,0002;49,8047;9,95642;24,5;0,4166666666666666;166,0;0,0;40,0;568820,5605106109;5517355,496720748;;2,673339921230344e-05;-0,41399856920267697;1872,128662109375
2024-07-09;5456;0,0335;0,0026;0,007;0,0007;49,802;9,944;30,0;2,75;136,0;0,0;41,0;567930,6533392705;5517043,993212319;0,054;3,716659226981053e-05;-0,22895074739925683;1756,647705078125
2024-07-09;9094;0,0058;0,0003;0,0004;0,0;49,796;9,902;30,4;2,611111111111111;140,0;0,0;38,0;564916,3789284342;5516339,731191984;0,094;3,582685894798882e-05;-0,30093793570998645;1756,647705078125
2024-07-09;10645;0,0149;0,0007;0,0022;0,0001;49,782;9,932;30,4;2,7777777777777777;142,0;0,0;39,0;567094,7661046094;5514809,631751885;0,0703333333333333;2,5476865630482846e-05;-0,20251271780582175;1756,647705078125
2024-07-09;13975;0,0362;0,0021;0,0085;0,0004;49,792;9,946;30,0;2,75;136,0;0,0;41,0;568088,5932671656;5515934,024955345;0,084;3,017168355461761e-05;-0,199804737912506;1756,647705078125
2024-07-09;15449;0,0311;0,0015;0,0064;0,0003;49,784;9,934;30,4;2,7777777777777777;142,0;0,0;39,0;567235,976097938;5515033,77807713;0,0415;2,547686563047973e-05;-0,20251271780579702;1756,647705078125
2024-07-09;19623;0,0235;0,0018;0,0027;0,0002;49,798;9,928;30,3;2,888888888888889;136,0;0,0;40,0;566784,8051692393;5516584,912229571;0,087;3,398626312917173e-05;-0,20439914306553103;1756,647705078125
2024-07-09;25049;0,0044;0,0003;0,0007;0,0001;49,814;9,918;28,9;2,972222222222222;138,0;0,0;45,0;566043,3787976378;5518354,912347081;;3,7811888655816395e-05;-0,24794551521342326;1756,647705078125
2024-07-09;46505;0,0124;0,0008;0,0019;0,0002;49,808;9,968;29,8;2,611111111111111;137,0;0,0;40,0;569649,0675175646;5517733,074541176;0,091;3,3532647505647865e-05;-0,22282275366922538;1756,647705078125
2024-07-09;1;0,0291;0,0018;0,0069;0,0003;49,8047;9,95642;30,0;2,75;136,0;0,0;41,0;568820,5605106109;5517355,496720748;0,123;3,357287160140203e-05;-0,22493578613583987;1756,647705078125
2024-07-10;5456;0,034;0,0024;0,0066;0,0007;49,802;9,944;26,6;3,416666666666667;230,0;0,9;61,0;567930,6533392705;5517043,993212319;;;-0,543869763612798;698,0631713867188
2024-07-10;9094;0,0059;0,0003;0,0004;0,0;49,796;9,902;26,5;3,222222222222222;234,0;0,7;61,0;564916,3789284342;5516339,731191984;;;-0,5755636242054855;698,0631713867188
2024-07-10;10645;0,0153;0,0007;0,0025;0,0001;49,782;9,932;26,3;3,583333333333333;240,0;1,3;64,0;567094,7661046094;5514809,631751885;;;-0,557582363486342;698,0631713867188
2024-07-10;13975;0,037;0,0019;0,0092;0,0003;49,792;9,946;26,6;3,416666666666667;230,0;0,9;61,0;568088,5932671656;5515934,024955345;;;-0,5524296198058671;698,0631713867188
2024-07-10;15449;0,0319;0,0014;0,0064;0,0002;49,784;9,934;26,3;3,583333333333333;240,0;1,3;64,0;567235,976097938;5515033,77807713;;;-0,5508445017905437;698,0631713867188
2024-07-10;19623;0,0247;0,0016;0,0032;0,0002;49,798;9,928;26,6;3,416666666666667;230,0;0,9;61,0;566784,8051692393;5516584,912229571;;;-0,5438697636127316;698,0631713867188
2024-07-10;25049;0,0045;0,0003;0,0007;0,0001;49,814;9,918;25,4;3,4722222222222223;231,0;0,7;64,0;566043,3787976378;5518354,912347081;;;-0,6438333738660158;698,0631713867188
2024-07-10;46505;0,0126;0,0008;0,0019;0,0002;49,808;9,968;26,2;3,055555555555556;229,0;1,9;61,0;569649,0675175646;5517733,074541176;;;-0,5438697636127225;698,0631713867188
2024-07-10;1;0,0289;0,0018;0,0067;0,0003;49,8047;9,95642;26,6;3,416666666666667;230,0;0,9;61,0;568820,5605106109;5517355,496720748;;;-0,543869763612798;698,0631713867188
2024-07-11;5456;0,0359;0,0026;0,0077;0,0008;49,802;9,944;25,3;1,972222222222222;246,0;4,5;61,0;567930,6533392705;5517043,993212319;;;-0,8304667862543009;1465,912353515625
2024-07-11;9094;0,0062;0,0003;0,0004;0,0;49,796;9,902;25,6;1,777777777777778;232,0;5,2;58,0;564916,3789284342;5516339,731191984;;;-0,9171001315117893;1465,912353515625
2024-07-11;10645;0,0163;0,0007;0,0028;0,0001;49,782;9,932;25,3;2,055555555555556;223,0;5,2;62,0;567094,7661046094;5514809,631751885;;3,067423194884164e-05;-0,9810705404852499;1465,912353515625
2024-07-11;13975;0,0393;0,0019;0,0094;0,0003;49,792;9,946;25,3;1,972222222222222;246,0;4,5;61,0;568088,5932671656;5515934,024955345;;;-0,17714503407477825;1465,912353515625
2024-07-11;15449;0,0334;0,0013;0,0068;0,0002;49,784;9,934;25,3;2,055555555555556;223,0;5,2;62,0;567235,976097938;5515033,77807713;;;-0,9171001315116619;1465,912353515625
2024-07-11;19623;0,0255;0,0016;0,0031;0,0002;49,798;9,928;25,3;2,0;243,0;4,800000000000001;62,0;566784,8051692393;5516584,912229571;;;-0,9171001315116619;1465,912353515625
2024-07-11;25049;0,0046;0,0003;0,0007;0,0001;49,814;9,918;23,9;2,0277777777777777;250,0;5,1;67,0;566043,3787976378;5518354,912347081;;;-0,9171001315116619;1465,912353515625
2024-07-11;46505;0,0131;0,0008;0,0019;0,0002;49,808;9,968;25,3;1,9166666666666667;231,0;4,3;60,0;569649,0675175646;5517733,074541176;;;-0,1771450340747753;1465,912353515625
2024-07-11;1;0,0296;0,0019;0,0068;0,0003;49,8047;9,95642;25,3;1,972222222222222;246,0;4,5;61,0;568820,5605106109;5517355,496720748;;;-0,1771450340747999;1465,912353515625
2024-07-12;5456;0,0426;0,0021;0,009;0,0006;49,802;9,944;26,8;4,555555555555555;237,0;0,3999999999999999;58,0;567930,6533392705;5517043,993212319;;;-1,6022069454194614;1201,46875
2024-07-12;9094;0,0076;0,0003;0,0006;0,0;49,796;9,902;27,3;4,416666666666667;237,0;0,3;56,0;564916,3789284342;5516339,731191984;;;-1,507252573967146;1201,46875
2024-07-12;10645;0,0189;0,0007;0,003;0,0001;49,782;9,932;27,2;4,75;235,0;0,3;57,0;567094,7661046094;5514809,631751885;;;-1,588323593139797;1201,46875
2024-07-12;13975;0,0495;0,0019;0,0142;0,0004;49,792;9,946;26,8;4,555555555555555;237,0;0,3999999999999999;58,0;568088,5932671656;5515934,024955345;;;-1,588323593139603;1201,46875
2024-07-12;15449;0,0387;0,0013;0,0084;0,0002;49,784;9,934;27,2;4,75;235,0;0,3;57,0;567235,976097938;5515033,77807713;;;-1,588323593139603;1201,46875
2024-07-12;19623;0,0302;0,0014;0,0038;0,0002;49,798;9,928;26,7;4,694444444444444;241,0;0,3999999999999999;60,0;566784,8051692393;5516584,912229571;;;-1,5991546420528622;1201,46875
2024-07-12;25049;0,0056;0,0002;0,0009;0,0;49,814;9,918;25,1;5,0;241,0;0,3999999999999999;67,0;566043,3787976378;5518354,912347081;;;-1,6022069454192656;1201,46875
2024-07-12;46505;0,0142;0,0007;0,0023;0,0002;49,808;9,968;26,9;4,194444444444445;237,0;0,3999999999999999;56,0;569649,0675175646;5517733,074541176;;;-1,5745337532342223;1201,46875
2024-07-12;1;0,0331;0,0016;0,0078;0,0003;49,8047;9,95642;26,8;4,555555555555555;237,0;0,3999999999999999;58,0;568820,5605106109;5517355,496720748;;;-1,5915805164891779;1201,46875
2024-07-13;5456;0,0367;0,001;0,0078;0,0002;49,802;9,944;21,5;3,6944444444444446;237,0;0,0;48,0;567930,6533392705;5517043,993212319;;1,7702072511960155e-05;-0,9550718124147171;1272,625
2024-07-13;9094;0,006;0,0002;0,0004;0,0;49,796;9,902;21,6;3,0277777777777777;243,0;0,0;45,0;564916,3789284342;5516339,731191984;0,54;;-0,9848868548871172;1272,625
2024-07-13;10645;0,0155;0,0004;0,0025;0,0;49,782;9,932;21,7;3,222222222222222;244,0;0,0;47,0;567094,7661046094;5514809,631751885;;;-0,9929476644177769;1272,625
2024-07-13;13975;0,0391;0,0012;0,0098;0,0003;49,792;9,946;21,5;3,6944444444444446;237,0;0,0;48,0;568088,5932671656;5515934,024955345;;;-0,7208056673407348;1272,625
2024-07-13;15449;0,0323;0,0007;0,0068;0,0001;49,784;9,934;21,7;3,222222222222222;244,0;0,0;47,0;567235,976097938;5515033,77807713;;;-0,9981195070827242;1272,625
2024-07-13;19623;0,0249;0,0008;0,0033;0,0002;49,798;9,928;21,5;3,5277777777777777;241,0;0,0;48,0;566784,8051692393;5516584,912229571;;;-0,9955725913581326;1272,625
2024-07-13;25049;0,0045;0,0001;0,0007;0,0;49,814;9,918;20,4;3,9722222222222223;242,0;0,0;51,0;566043,3787976378;5518354,912347081;;1,7702072000246918e-05;-0,9422435865903822;1272,625
2024-07-13;46505;0,0123;0,0004;0,0019;0,0001;49,808;9,968;21,3;3,4444444444444446;240,0;0,0;46,0;569649,0675175646;5517733,074541176;;;-0,35795788726006345;1272,625
2024-07-13;1;0,0263;0,0009;0,0055;0,0002;49,8047;9,95642;21,5;3,6944444444444446;237,0;0,0;48,0;568820,5605106109;5517355,496720748;;;-0,37879073316038037;1272,625
2024-07-14;5456;0,0264;0,0007;0,0054;0,0002;49,802;9,944;24,5;3,194444444444444;219,0;0,0;35,0;567930,6533392705;5517043,993212319;0,239;2,0226008473402616e-05;-0,5339909754694008;1940,503662109375
2024-07-14;9094;0,0048;0,0001;0,0004;0,0;49,796;9,902;24,6;3,25;223,0;0,3;35,0;564916,3789284342;5516339,731191984;;3,522568536317367e-05;-0,5439014945091082;1940,503662109375
2024-07-14;10645;0,0128;0,0003;0,0019;0,0001;49,782;9,932;24,5;3,3888888888888884;225,0;1,2;36,0;567094,7661046094;5514809,631751885;;3,350568931637412e-05;-0,551983285695366;1940,503662109375
2024-07-14;13975;0,0312;0,0006;0,007;0,0002;49,792;9,946;24,5;3,194444444444444;219,0;0,0;35,0;568088,5932671656;5515934,024955345;0,2455;1,8501541035220197e-05;-0,5950398929416963;1940,503662109375
2024-07-14;15449;0,026;0,0006;0,0051;0,0001;49,784;9,934;24,5;3,3888888888888884;225,0;1,2;36,0;567235,976097938;5515033,77807713;0,274;3,220637513703481e-05;-0,5557118585713877;1940,503662109375
2024-07-14;19623;0,0206;0,0006;0,003;0,0001;49,798;9,928;24,4;3,555555555555556;220,0;0,0;36,0;566784,8051692393;5516584,912229571;0,271;3,494555538803466e-05;-0,49923051373253646;1940,503662109375
2024-07-14;25049;0,0036;0,0001;0,0006;0,0;49,814;9,918;23,3;3,75;226,0;0,0;39,0;566043,3787976378;5518354,912347081;0,248;1,9607967096060068e-05;-0,5808189598464802;1940,503662109375
2024-07-14;46505;0,0092;0,0002;0,0022;0,0001;49,808;9,968;24,4;3,0;217,0;0,7;33,0;569649,0675175646;5517733,074541176;0,2025;2,022600847339981e-05;-0,5339909754693266;1940,503662109375
2024-07-14;1;0,0213;0,0005;0,0047;0,0002;49,8047;9,95642;24,5;3,194444444444444;219,0;0,0;35,0;568820,5605106109;5517355,496720748;0,2305;2,0226008473402616e-05;-0,5339909754694008;1940,503662109375
2024-07-15;5456;0,0354;0,0022;0,0072;0,0006;49,802;9,944;27,4;1,611111111111111;97,0;0,0;41,0;567930,6533392705;5517043,993212319;;1,900295228552018e-05;-0,07865797658451637;1340,092529296875
2024-07-15;9094;0,006;0,0003;0,0004;0,0;49,796;9,902;28,2;1,5555555555555554;135,0;0,0;36,0;564916,3789284342;5516339,731191984;0,2315;2,2048176106184356e-05;-0,13961209286937165;1340,092529296875
2024-07-15;10645;0,015;0,0007;0,0025;0,0001;49,782;9,932;28,3;1,805555555555556;146,0;0,0;37,0;567094,7661046094;5514809,631751885;0,2135;1,7396969285594378e-05;-0,08725062357602957;1340,092529296875
2024-07-15;13975;0,0393;0,0019;0,01;0,0004;49,792;9,946;27,4;1,611111111111111;97,0;0,0;41,0;568088,5932671656;5515934,024955345;0,2175;1,7568983359816056e-05;-0,08484351809058184;1340,092529296875
2024-07-15;15449;0,0307;0,0013;0,0059;0,0003;49,784;9,934;28,3;1,805555555555556;146,0;0,0;37,0;567235,976097938;5515033,77807713;0,21;1,900295228551786e-05;-0,07865797658450675;1340,092529296875
2024-07-15;19623;0,0245;0,0015;0,0029;0,0003;49,798;9,928;27,7;1,5555555555555554;105,0;0,0;40,0;566784,8051692393;5516584,912229571;0,2155;1,900295228551786e-05;-0,07865797658450675;1340,092529296875
2024-07-15;25049;0,0046;0,0003;0,0008;0,0001;49,814;9,918;26,4;1,5277777777777777;101,0;0,0;45,0;566043,3787976378;5518354,912347081;;1,8970647991421063e-05;-0,08334030323036314;1340,092529296875
2024-07-15;46505;0,0115;0,0007;0,0016;0,0002;49,808;9,968;27,4;1,5833333333333333;108,0;0,0;40,0;569649,0675175646;5517733,074541176;0,2235;2,6639790121406508e-05;-0,08223792538046465;1340,092529296875
2024-07-15;1;0,0274;0,0016;0,0067;0,0003;49,8047;9,95642;27,4;1,611111111111111;97,0;0,0;41,0;568820,5605106109;5517355,496720748;;2,1558031771730848e-05;-0,07985573067158803;1340,092529296875
2024-07-16;5456;0,0333;0,0023;0,0068;0,0006;49,802;9,944;24,7;5,0;244,0;1,9;51,0;567930,6533392705;5517043,993212319;0,383;2,547927328627898e-05;-0,7234148272546648;1423,917724609375
2024-07-16;9094;0,0059;0,0003;0,0004;0,0;49,796;9,902;25,2;4,472222222222222;241,0;1,8;49,0;564916,3789284342;5516339,731191984;0,3155;2,547927397245356e-05;-0,7261590361595953;1423,917724609375
2024-07-16;10645;0,0152;0,0007;0,0025;0,0001;49,782;9,932;25,0;4,833333333333333;240,0;1,7999999999999998;51,0;567094,7661046094;5514809,631751885;0,3;2,54792747532373e-05;-0,7127230829440827;1423,917724609375
2024-07-16;13975;0,0363;0,0023;0,0087;0,0005;49,792;9,946;24,7;5,0;244,0;1,9;51,0;568088,5932671656;5515934,024955345;0,297;;-0,3433185517787835;1423,917724609375
2024-07-16;15449;0,0316;0,0013;0,0065;0,0002;49,784;9,934;25,0;4,833333333333333;240,0;1,7999999999999998;51,0;567235,976097938;5515033,77807713;0,315;2,5479273972450027e-05;-0,7261590361594946;1423,917724609375
2024-07-16;19623;0,0239;0,0016;0,0032;0,0002;49,798;9,928;24,7;5,0;244,0;1,9;51,0;566784,8051692393;5516584,912229571;0,389;2,5479273972450027e-05;-0,7261590361594946;1423,917724609375
2024-07-16;25049;0,0044;0,0003;0,0007;0,0001;49,814;9,918;23,6;5,361111111111112;243,0;2,0;54,0;566043,3787976378;5518354,912347081;;2,5002110767851734e-05;-0,7287303546520124;1423,917724609375
2024-07-16;46505;0,0115;0,0007;0,0015;0,0002;49,808;9,968;24,6;4,777777777777778;244,0;1,9;50,0;569649,0675175646;5517733,074541176;0,284;;-0,3433185517787778;1423,917724609375
2024-07-16;1;0,0276;0,0016;0,0071;0,0003;49,8047;9,95642;24,7;5,0;244,0;1,9;51,0;568820,5605106109;5517355,496720748;0,34;;-0,3433185517788254;1423,917724609375
2024-07-17;5456;0,034;0,0026;0,0074;0,0009;49,802;9,944;24,2;3,3888888888888884;270,0;0,0;45,0;567930,6533392705;5517043,993212319;;2,460054929543051e-05;-0,9568364620209635;1666,1068115234375
2024-07-17;9094;0,0059;0,0004;0,0004;0,0;49,796;9,902;24,4;3,0;272,0;0,0;43,0;564916,3789284342;5516339,731191984;;;-0,8813480734826105;1666,1068115234375
2024-07-17;10645;0,0155;0,0008;0,0026;0,0001;49,782;9,932;24,1;3,194444444444444;272,0;0,0;46,0;567094,7661046094;5514809,631751885;0,312;4,115419824573829e-05;-1,0286521409417042;1666,1068115234375
2024-07-17;13975;0,0377;0,0021;0,0089;0,0004;49,792;9,946;24,2;3,3888888888888884;270,0;0,0;45,0;568088,5932671656;5515934,024955345;0,319;4,187040394754029e-05;-1,0158071517944045;1666,1068115234375
2024-07-17;15449;0,032;0,0016;0,0067;0,0002;49,784;9,934;24,1;3,194444444444444;272,0;0,0;46,0;567235,976097938;5515033,77807713;0,344;4,1790031958687864e-05;-1,0155326884379199;1666,1068115234375
2024-07-17;19623;0,0249;0,0018;0,0032;0,0003;49,798;9,928;24,4;3,416666666666667;273,0;0,0;45,0;566784,8051692393;5516584,912229571;0,343;2,4600548526971984e-05;-0,9494655323312697;1666,1068115234375
2024-07-17;25049;0,0045;0,0003;0,0007;0,0001;49,814;9,918;23,1;3,6944444444444446;273,0;0,0;49,0;566043,3787976378;5518354,912347081;;2,4600549295427504e-05;-0,9568364620208466;1666,1068115234375
2024-07-17;46505;0,0114;0,0008;0,0017;0,0002;49,808;9,968;24,0;3,194444444444444;272,0;0,0;44,0;569649,0675175646;5517733,074541176;0,396;2,3702086991660543e-05;-0,9490808406677549;1666,1068115234375
2024-07-17;1;0,0252;0,0017;0,0058;0,0003;49,8047;9,95642;24,2;3,3888888888888884;270,0;0,0;45,0;568820,5605106109;5517355,496720748;;2,460054929543051e-05;-0,9568364620209635;1666,1068115234375
2024-07-18;5456;0,0339;0,0025;0,0075;0,0009;49,802;9,944;25,9;2,7777777777777777;69,0;0,0;41,0;567930,6533392705;5517043,993212319;;3,114211722277396e-05;-0,7370637655258868;1648,221435546875
2024-07-18;9094;0,0061;0,0003;0,0004;0,0;49,796;9,902;26,3;2,611111111111111;67,0;0,0;39,0;564916,3789284342;5516339,731191984;;2,9754656801970738e-05;-0,7633047353056229;1648,221435546875
2024-07-18;10645;0,0159;0,0008;0,0027;0,0001;49,782;9,932;26,3;2,638888888888889;65,0;0,0;41,0;567094,7661046094;5514809,631751885;;2,8282410860884795e-05;-0,7313330369678894;1648,221435546875
2024-07-18;13975;0,0389;0,0023;0,0092;0,0005;49,792;9,946;25,9;2,7777777777777777;69,0;0,0;41,0;568088,5932671656;5515934,024955345;;3,0313628487280586e-05;-0,735403533581393;1648,221435546875
2024-07-18;15449;0,0327;0,0014;0,0064;0,0002;49,784;9,934;26,3;2,638888888888889;65,0;0,0;41,0;567235,976097938;5515033,77807713;0,294;3,1142117222770154e-05;-0,7370637655257968;1648,221435546875
2024-07-18;19623;0,0241;0,0016;0,0033;0,0002;49,798;9,928;26,2;2,75;71,0;0,0;41,0;566784,8051692393;5516584,912229571;0,27;3,1142117222770154e-05;-0,7370637655257968;1648,221435546875
2024-07-18;25049;0,0045;0,0003;0,0007;0,0001;49,814;9,918;24,9;2,805555555555556;73,0;0,0;46,0;566043,3787976378;5518354,912347081;;3,1142117222770154e-05;-0,7370637655257968;1648,221435546875
2024-07-18;46505;0,0117;0,0007;0,0018;0,0001;49,808;9,968;25,7;2,638888888888889;65,0;0,0;41,0;569649,0675175646;5517733,074541176;0,304;3,4147866244891976e-05;-0,7224376797675759;1648,221435546875
2024-07-18;1;0,0277;0,0017;0,0069;0,0003;49,8047;9,95642;25,9;2,7777777777777777;69,0;0,0;41,0;568820,5605106109;5517355,496720748;0,292;3,322613826296423e-05;-0,7269228421715438;1648,221435546875
2024-07-19;5456;0,0412;0,0022;0,0089;0,0007;49,802;9,944;28,4;2,2777777777777777;67,0;0,0;43,0;567930,6533392705;5517043,993212319;;3,044150179266907e-05;-0,6386186281808617;2116,802978515625
2024-07-19;9094;0,0074;0,0003;0,0006;0,0;49,796;9,902;28,7;2,055555555555556;67,0;0,0;41,0;564916,3789284342;5516339,731191984;0,085;1,917375448101877e-05;-0,49629373848443725;2116,802978515625
2024-07-19;10645;0,018;0,0008;0,0027;0,0001;49,782;9,932;28,7;1,972222222222222;66,0;0,0;43,0;567094,7661046094;5514809,631751885;;3,1938205211193495e-05;-0,4917826801538927;2116,802978515625
2024-07-19;13975;0,0457;0,0022;0,0116;0,0005;49,792;9,946;28,4;2,2777777777777777;67,0;0,0;43,0;568088,5932671656;5515934,024955345;;3,193820521118959e-05;-0,4917826801538327;2116,802978515625
2024-07-19;15449;0,0367;0,0016;0,0076;0,0003;49,784;9,934;28,7;1,972222222222222;66,0;0,0;43,0;567235,976097938;5515033,77807713;0,212;3,193820521118959e-05;-0,4917826801538327;2116,802978515625
2024-07-19;19623;0,03;0,0016;0,0038;0,0002;49,798;9,928;28,6;2,2222222222222223;72,0;0,0;43,0;566784,8051692393;5516584,912229571;;3,193820521118959e-05;-0,4917826801538327;2116,802978515625
2024-07-19;25049;0,0056;0,0003;0,0009;0,0;49,814;9,918;27,4;2,1944444444444446;74,0;0,0;46,0;566043,3787976378;5518354,912347081;;3,0441695427660494e-05;-0,6785422358240217;2116,802978515625
2024-07-19;46505;0,0143;0,0006;0,0023;0,0002;49,808;9,968;28,0;2,138888888888889;62,0;0,0;44,0;569649,0675175646;5517733,074541176;;3,0441501842001767e-05;-0,6608914863555777;2116,802978515625
2024-07-19;1;0,0333;0,0014;0,008;0,0002;49,8047;9,95642;28,4;2,2777777777777777;67,0;0,0;43,0;568820,5605106109;5517355,496720748;;3,0441501827067804e-05;-0,6534668768422195;2116,802978515625
2024-07-20;5456;0,033;0,0011;0,0074;0,0003;49,802;9,944;30,6;1,75;149,0;0,0;35,0;567930,6533392705;5517043,993212319;;2,3282267850906943e-05;-0,6701165688496646;1688,6781005859375
2024-07-20;9094;0,0058;0,0002;0,0004;0,0;49,796;9,902;30,8;2,055555555555556;166,0;0,0;34,0;564916,3789284342;5516339,731191984;0,446;2,5561399934369294e-05;-0,7139330748309378;1688,6781005859375
2024-07-20;10645;0,0143;0,0004;0,0021;0,0001;49,782;9,932;30,9;2,1666666666666665;167,0;0,0;35,0;567094,7661046094;5514809,631751885;0,464;2,9726206776106714e-05;-0,7164251655340865;1688,6781005859375
2024-07-20;13975;0,0357;0,0011;0,0094;0,0003;49,792;9,946;30,6;1,75;149,0;0,0;35,0;568088,5932671656;5515934,024955345;0,463;2,9726206776103082e-05;-0,716425165533999;1688,6781005859375
2024-07-20;15449;0,0287;0,0008;0,0058;0,0001;49,784;9,934;30,9;2,1666666666666665;167,0;0,0;35,0;567235,976097938;5515033,77807713;0,43;2,9726206776103082e-05;-0,716425165533999;1688,6781005859375
2024-07-20;19623;0,0241;0,0009;0,0034;0,0001;49,798;9,928;30,9;1,972222222222222;165,0;0,0;34,0;566784,8051692393;5516584,912229571;0,429;2,7292890368080434e-05;-0,7028818594618761;1688,6781005859375
2024-07-20;25049;0,0043;0,0001;0,0007;0,0;49,814;9,918;29,5;1,8333333333333333;167,0;0,0;39,0;566043,3787976378;5518354,912347081;;2,2766731490263996e-05;-0,6569677442312053;1688,6781005859375
2024-07-20;46505;0,01;0,0004;0,0019;0,0001;49,808;9,968;30,4;1,6388888888888888;142,0;0,0;36,0;569649,0675175646;5517733,074541176;0,464;2,5546227334415313e-05;-0,7316698879003194;1688,6781005859375
2024-07-20;1;0,0147;0,0006;0,0027;0,0002;49,8047;9,95642;30,6;1,75;149,0;0,0;35,0;568820,5605106109;5517355,496720748;0,446;2,5361716263123008e-05;-0,7263987735633161;1688,6781005859375
2024-07-21;5456;0,0258;0,0006;0,0049;0,0001;49,802;9,944;26,5;1,8888888888888888;273,0;0,0;62,0;567930,6533392705;5517043,993212319;;4,077862831764305e-05;-1,206394677478481;1269,5911865234375
2024-07-21;9094;0,0044;0,0001;0,0003;0,0;49,796;9,902;26,9;1,611111111111111;277,0;0,0;59,0;564916,3789284342;5516339,731191984;0,253;6,511250376207307e-06;-1,2279604375363748;1269,5911865234375
2024-07-21;10645;0,0124;0,0003;0,0018;0,0001;49,782;9,932;27,0;1,7222222222222223;277,0;0,0;61,0;567094,7661046094;5514809,631751885;0,249;4,077862831764305e-05;-1,0396345973024586;1269,5911865234375
2024-07-21;13975;0,031;0,0008;0,0069;0,0003;49,792;9,946;26,5;1,8888888888888888;273,0;0,0;62,0;568088,5932671656;5515934,024955345;0,252;4,0778628317638066e-05;-1,1664465665816928;1269,5911865234375
2024-07-21;15449;0,0254;0,0005;0,0047;0,0002;49,784;9,934;27,0;1,7222222222222223;277,0;0,0;61,0;567235,976097938;5515033,77807713;0,242;4,0778628317638066e-05;-1,160936444591344;1269,5911865234375
2024-07-21;19623;0,0204;0,0005;0,0028;0,0001;49,798;9,928;26,6;1,805555555555556;276,0;0,0;61,0;566784,8051692393;5516584,912229571;0,241;3,639747823653839e-05;-1,1762584498870614;1269,5911865234375
2024-07-21;25049;0,0034;0,0001;0,0005;0,0;49,814;9,918;25,3;1,805555555555556;273,0;0,0;66,0;566043,3787976378;5518354,912347081;;3,556213462237787e-05;-1,3237333267136622;1269,5911865234375
2024-07-21;46505;0,0091;0,0003;0,0022;0,0001;49,808;9,968;26,6;1,805555555555556;276,0;0,0;60,0;569649,0675175646;5517733,074541176;0,265;4,077862831763738e-05;-1,1664465665816732;1269,5911865234375
2024-07-21;1;0,0208;0,0005;0,0045;0,0002;49,8047;9,95642;26,5;1,8888888888888888;273,0;0,0;62,0;568820,5605106109;5517355,496720748;0,257;4,077862831764305e-05;-1,166446566581835;1269,5911865234375
2024-07-22;5456;0,0353;0,0025;0,0072;0,0008;49,802;9,944;24,8;3,611111111111111;276,0;0,0;55,0;567930,6533392705;5517043,993212319;;;-0,5679435729980999;1196,60546875
2024-07-22;9094;0,0058;0,0003;0,0004;0,0;49,796;9,902;24,9;3,1111111111111107;272,0;0,0;54,0;564916,3789284342;5516339,731191984;;;-0,7774287400423712;1196,60546875
2024-07-22;10645;0,0139;0,0006;0,0025;0,0001;49,782;9,932;25,0;3,1111111111111107;266,0;0,0;56,0;567094,7661046094;5514809,631751885;;3,8859470805622544e-05;-1,0739977359772732;1196,60546875
2024-07-22;13975;0,0375;0,002;0,0099;0,0004;49,792;9,946;24,8;3,611111111111111;276,0;0,0;55,0;568088,5932671656;5515934,024955345;;3,838630235113723e-05;-0,8450357877763283;1196,60546875
2024-07-22;15449;0,0293;0,0012;0,0069;0,0002;49,784;9,934;25,0;3,1111111111111107;266,0;0,0;56,0;567235,976097938;5515033,77807713;;3,8859471117553574e-05;-0,6846813625518895;1196,60546875
2024-07-22;19623;0,0234;0,0017;0,0027;0,0003;49,798;9,928;24,7;3,611111111111111;276,0;0,0;56,0;566784,8051692393;5516584,912229571;;;-0,5679435729980306;1196,60546875
2024-07-22;25049;0,0044;0,0003;0,0007;0,0001;49,814;9,918;23,2;3,7222222222222223;278,0;0,0;62,0;566043,3787976378;5518354,912347081;;;-0,5679435729980306;1196,60546875
2024-07-22;46505;0,0117;0,0008;0,0017;0,0001;49,808;9,968;24,7;3,305555555555556;273,0;0,0;53,0;569649,0675175646;5517733,074541176;;;-0,43562766909597334;1196,60546875
2024-07-22;1;0,0278;0,0017;0,0069;0,0003;49,8047;9,95642;24,8;3,611111111111111;276,0;0,0;55,0;568820,5605106109;5517355,496720748;;;-0,44650913538641956;1196,60546875
2024-07-23;5456;0,0272;0,0023;0,0073;0,0009;49,802;9,944;24,2;4,333333333333333;244,0;0,0;48,0;567930,6533392705;5517043,993212319;;;-1,2619173502726464;1711,425048828125
2024-07-23;9094;0,0058;0,0003;0,0004;0,0;49,796;9,902;24,5;3,083333333333333;245,0;0,0;48,0;564916,3789284342;5516339,731191984;;;-1,4519510269166638;1711,425048828125
2024-07-23;10645;0,0153;0,0007;0,0026;0,0001;49,782;9,932;24,4;3,3888888888888884;246,0;0,0;50,0;567094,7661046094;5514809,631751885;;;-2,062889814377024;1711,425048828125
2024-07-23;13975;0,0356;0,0019;0,0088;0,0004;49,792;9,946;24,2;4,333333333333333;244,0;0,0;48,0;568088,5932671656;5515934,024955345;;;-1,699285984039258;1711,425048828125
2024-07-23;15449;0,0329;0,0013;0,0072;0,0002;49,784;9,934;24,4;3,3888888888888884;246,0;0,0;50,0;567235,976097938;5515033,77807713;;;-1,9343649786187933;1711,425048828125
2024-07-23;19623;0,0236;0,0016;0,003;0,0002;49,798;9,928;24,1;3,888888888888889;247,0;0,0;50,0;566784,8051692393;5516584,912229571;;;-1,4519510269164624;1711,425048828125
2024-07-23;25049;0,0042;0,0003;0,0007;0,0001;49,814;9,918;22,9;3,888888888888889;247,0;0,0;55,0;566043,3787976378;5518354,912347081;;;-1,3184372530375783;1711,425048828125
2024-07-23;46505;0,0111;0,0008;0,0017;0,0001;49,808;9,968;24,5;3,944444444444444;243,0;0,0;46,0;569649,0675175646;5517733,074541176;;;-1,2602519989013101;1711,425048828125
2024-07-23;1;0,0261;0,0018;0,0065;0,0003;49,8047;9,95642;24,2;4,333333333333333;244,0;0,0;48,0;568820,5605106109;5517355,496720748;;;-1,260251998901485;1711,425048828125
2024-07-24;5456;0,0332;0,0022;0,0075;0,0007;49,802;9,944;21,5;3,5;290,0;0,0;57,0;567930,6533392705;5517043,993212319;;2,996944203914889e-05;0,8501045329297611;1218,593017578125
2024-07-24;9094;0,006;0,0003;0,0004;0,0;49,796;9,902;21,8;3,333333333333333;286,0;0,0;54,0;564916,3789284342;5516339,731191984;;4,4231435147047766e-05;1,018275885628891;1218,593017578125
2024-07-24;10645;0,0147;0,0006;0,0027;0,0001;49,782;9,932;21,8;3,3611111111111107;280,0;0,0;56,0;567094,7661046094;5514809,631751885;;4,5115230022933824e-05;0,9109925180674451;1218,593017578125
2024-07-24;13975;0,0375;0,0019;0,0096;0,0004;49,792;9,946;21,5;3,5;290,0;0,0;57,0;568088,5932671656;5515934,024955345;;4,5115230022928315e-05;0,7644992992281695;1218,593017578125
2024-07-24;15449;0,0313;0,0012;0,0073;0,0003;49,784;9,934;21,8;3,3611111111111107;280,0;0,0;56,0;567235,976097938;5515033,77807713;;4,5115230022928315e-05;0,9109925180673338;1218,593017578125
2024-07-24;19623;0,0239;0,0016;0,003;0,0003;49,798;9,928;21,3;3,6944444444444446;289,0;0,0;58,0;566784,8051692393;5516584,912229571;;4,173711062427228e-05;0,9341806851332222;1218,593017578125
2024-07-24;25049;0,0044;0,0003;0,0007;0,0;49,814;9,918;20,1;3,7222222222222223;290,0;0,0;63,0;566043,3787976378;5518354,912347081;;2,996944203914523e-05;0,935418701784611;1218,593017578125
2024-07-24;46505;0,0113;0,0008;0,0017;0,0001;49,808;9,968;21,5;3,1666666666666665;288,0;0,0;55,0;569649,0675175646;5517733,074541176;;3,7122814923841605e-05;0,8011190605836018;1218,593017578125
2024-07-24;1;0,0266;0,0019;0,0065;0,0004;49,8047;9,95642;21,5;3,5;290,0;0,0;57,0;568820,5605106109;5517355,496720748;;2,996944203914889e-05;0,8213522974990292;1218,593017578125
2024-07-25;5456;0,0347;0,0026;0,008;0,0009;49,802;9,944;24,5;1,1111111111111112;63,0;0,0;43,0;567930,6533392705;5517043,993212319;;3,838416887447597e-05;-0,6400060802698734;1538,73681640625
2024-07-25;9094;0,0059;0,0003;0,0004;0,0;49,796;9,902;24,8;0,6666666666666666;63,0;0,0;39,0;564916,3789284342;5516339,731191984;;3,710457713168989e-05;-0,6185324341059413;1538,73681640625
2024-07-25;10645;0,0153;0,0008;0,0025;0,0001;49,782;9,932;24,7;1,1111111111111112;100,0;0,0;41,0;567094,7661046094;5514809,631751885;;3,174282629521382e-05;-0,6568014240570207;1538,73681640625
2024-07-25;13975;0,0398;0,0023;0,0107;0,0005;49,792;9,946;24,5;1,1111111111111112;63,0;0,0;43,0;568088,5932671656;5515934,024955345;0,488;3,838416887447128e-05;-0,6046744079376005;1538,73681640625
2024-07-25;15449;0,0317;0,0016;0,0066;0,0003;49,784;9,934;24,7;1,1111111111111112;100,0;0,0;41,0;567235,976097938;5515033,77807713;;3,66510686782276e-05;-0,6328339576531556;1538,73681640625
2024-07-25;19623;0,0242;0,0015;0,0034;0,0002;49,798;9,928;24,5;0,8333333333333333;14,0;0,0;42,0;566784,8051692393;5516584,912229571;;3,710457766905627e-05;-0,6373052484598798;1538,73681640625
2024-07-25;25049;0,0044;0,0003;0,0007;0,0001;49,814;9,918;23,2;1,0;6,0;0,0;46,0;566043,3787976378;5518354,912347081;;3,838416887447128e-05;-0,6400060802697952;1538,73681640625
2024-07-25;46505;0,012;0,0007;0,0019;0,0002;49,808;9,968;24,2;1,611111111111111;86,0;0,0;43,0;569649,0675175646;5517733,074541176;0,351;3,838416887447064e-05;-0,6400060802697844;1538,73681640625
2024-07-25;1;0,0277;0,0017;0,0067;0,0003;49,8047;9,95642;24,5;1,1111111111111112;63,0;0,0;43,0;568820,5605106109;5517355,496720748;;3,838416887447597e-05;-0,6400060802698734;1538,73681640625
2024-07-26;5456;0,0418;0,002;0,0086;0,0006;49,802;9,944;20,0;1,1944444444444444;312,0;1,4;78,0;567930,6533392705;5517043,993212319;;;-0,5999263674021328;1033,26806640625
2024-07-26;9094;0,0074;0,0003;0,0006;0,0;49,796;9,902;20,6;1,0833333333333333;292,0;1,4;77,0;564916,3789284342;5516339,731191984;;;-0,5983630349261344;1033,26806640625
2024-07-26;10645;0,0186;0,0007;0,0032;0,0001;49,782;9,932;20,6;1,3055555555555556;279,0;1,4;78,0;567094,7661046094;5514809,631751885;;;-0,602609828114566;1033,26806640625
2024-07-26;13975;0,0483;0,0019;0,0143;0,0004;49,792;9,946;20,0;1,1944444444444444;312,0;1,4;78,0;568088,5932671656;5515934,024955345;;;-0,6026098281144923;1033,26806640625
2024-07-26;15449;0,0378;0,0015;0,0079;0,0005;49,784;9,934;20,6;1,3055555555555556;279,0;1,4;78,0;567235,976097938;5515033,77807713;;;-0,6007309642539953;1033,26806640625
2024-07-26;19623;0,0295;0,0015;0,0029;0,0002;49,798;9,928;20,0;1,1388888888888888;315,0;1,4;81,0;566784,8051692393;5516584,912229571;;;-0,5999263674020595;1033,26806640625
2024-07-26;25049;0,0056;0,0002;0,0009;0,0;49,814;9,918;18,9;0,8611111111111112;324,0;1,8;86,0;566043,3787976378;5518354,912347081;;;-0,5126843044369059;1033,26806640625
2024-07-26;46505;0,0146;0,0007;0,0023;0,0002;49,808;9,968;19,9;1,3333333333333333;312,0;1,5;77,0;569649,0675175646;5517733,074541176;;;-0,5357861187664434;1033,26806640625
2024-07-26;1;0,0338;0,0016;0,0082;0,0003;49,8047;9,95642;20,0;1,1944444444444444;312,0;1,4;78,0;568820,5605106109;5517355,496720748;;;-0,5957407386950792;1033,26806640625
2024-07-27;5456;0,0382;0,0012;0,0101;0,0004;49,802;9,944;23,7;1,6944444444444442;267,0;29,9;70,0;567930,6533392705;5517043,993212319;;;-0,8974165320397263;1118,7855224609375
2024-07-27;9094;0,006;0,0002;0,0006;0,0;49,796;9,902;24,1;1,805555555555556;264,0;26,3;67,0;564916,3789284342;5516339,731191984;;;-0,9648104516541303;1118,7855224609375
2024-07-27;10645;0,0146;0,0004;0,0029;0,0001;49,782;9,932;24,3;1,805555555555556;251,0;24,8;68,0;567094,7661046094;5514809,631751885;;;-1,1917775184976953;1118,7855224609375
2024-07-27;13975;0,0353;0,001;0,0083;0,0002;49,792;9,946;23,7;1,6944444444444442;267,0;29,9;70,0;568088,5932671656;5515934,024955345;;;-1,1860723495483059;1118,7855224609375
2024-07-27;15449;0,0305;0,0006;0,0065;0,0001;49,784;9,934;24,3;1,805555555555556;251,0;24,8;68,0;567235,976097938;5515033,77807713;;;-1,1860723495483059;1118,7855224609375
2024-07-27;19623;0,0238;0,0008;0,003;0,0002;49,798;9,928;23,6;1,6944444444444442;267,0;30,4;72,0;566784,8051692393;5516584,912229571;;;-1,0599559485662375;1118,7855224609375
2024-07-27;25049;0,0044;0,0001;0,0007;0,0;49,814;9,918;22,5;1,5;262,0;33,3;77,0;566043,3787976378;5518354,912347081;;;-0,8974165320396166;1118,7855224609375
2024-07-27;46505;0,0125;0,0004;0,002;0,0001;49,808;9,968;23,8;1,5555555555555554;255,0;27,5;67,0;569649,0675175646;5517733,074541176;;;-0,9101672409338046;1118,7855224609375
2024-07-27;1;0,0271;0,0009;0,0056;0,0002;49,8047;9,95642;23,7;1,6944444444444442;267,0;29,9;70,0;568820,5605106109;5517355,496720748;;;-0,8974165320397263;1118,7855224609375
2024-07-28;5456;0,0265;0,0007;0,0054;0,0002;49,802;9,944;22,1;2,833333333333333;321,0;1,3;50,0;567930,6533392705;5517043,993212319;;2,3684485364458506e-05;-1,2276619572812453;1548,15771484375
2024-07-28;9094;0,0045;0,0001;0,0004;0,0;49,796;9,902;22,4;2,694444444444444;312,0;1,4;49,0;564916,3789284342;5516339,731191984;0,426;2,3667032322547683e-05;-1,2103885866352595;1548,15771484375
2024-07-28;10645;0,0116;0,0003;0,0018;0,0;49,782;9,932;22,3;3,25;313,0;1,4;51,0;567094,7661046094;5514809,631751885;0,425;2,122162004525506e-05;-1,1735407114030028;1548,15771484375
2024-07-28;13975;0,0294;0,0006;0,0066;0,0002;49,792;9,946;22,1;2,833333333333333;321,0;1,3;50,0;568088,5932671656;5515934,024955345;0,426;2,5444296625209244e-05;-1,2121133804320943;1548,15771484375
2024-07-28;15449;0,0239;0,0006;0,0048;0,0001;49,784;9,934;22,3;3,25;313,0;1,4;51,0;567235,976097938;5515033,77807713;0,499;2,122162004525247e-05;-1,1735407114028595;1548,15771484375
2024-07-28;19623;0,0203;0,0006;0,0027;0,0001;49,798;9,928;22,1;2,75;314,0;1,4;52,0;566784,8051692393;5516584,912229571;;2,122162004525247e-05;-1,1735407114028595;1548,15771484375
2024-07-28;25049;0,0033;0,0001;0,0006;0,0;49,814;9,918;21,2;2,972222222222222;318,0;1,4;54,0;566043,3787976378;5518354,912347081;;2,8364298814339942e-05;-1,2811725650926622;1548,15771484375
2024-07-28;46505;0,0089;0,0002;0,002;0,0001;49,808;9,968;22,2;2,861111111111111;324,0;1,3;47,0;569649,0675175646;5517733,074541176;;2,544429662520882e-05;-1,212113380432074;1548,15771484375
2024-07-28;1;0,0206;0,0004;0,0044;0,0001;49,8047;9,95642;22,1;2,833333333333333;321,0;1,3;50,0;568820,5605106109;5517355,496720748;;2,5361761196702834e-05;-1,2137949281012663;1548,15771484375
2024-07-29;5456;0,026;0,0017;0,0068;0,0004;49,802;9,944;25,1;2,2222222222222223;85,0;0,0;43,0;567930,6533392705;5517043,993212319;0,237;2,973595655930972e-05;0,003625527024269437;1504,335693359375
2024-07-29;9094;0,005;0,0003;0,0004;0,0;49,796;9,902;25,4;2,0;84,0;0,0;41,0;564916,3789284342;5516339,731191984;0,1845;2,4777928956612416e-05;-0,11421725153924292;1504,335693359375
2024-07-29;10645;0,0147;0,0008;0,0024;0,0001;49,782;9,932;25,2;1,972222222222222;75,0;0,0;44,0;567094,7661046094;5514809,631751885;0,139;2,973595655930972e-05;0,003625527024269437;1504,335693359375
2024-07-29;13975;0,0362;0,0022;0,0089;0,0005;49,792;9,946;25,1;2,2222222222222223;85,0;0,0;43,0;568088,5932671656;5515934,024955345;0,1515;2,9735956559306088e-05;0,003625527024268993;1504,335693359375
2024-07-29;15449;0,0325;0,0018;0,0079;0,0005;49,784;9,934;25,2;1,972222222222222;75,0;0,0;44,0;567235,976097938;5515033,77807713;0,062;2,9735956559306088e-05;0,003625527024268993;1504,335693359375
2024-07-29;19623;0,0218;0,0015;0,0026;0,0002;49,798;9,928;25,3;2,1944444444444446;87,0;0,0;43,0;566784,8051692393;5516584,912229571;0,188;2,9885732867384034e-05;-0,00029433134744435985;1504,335693359375
2024-07-29;25049;0,0037;0,0002;0,0007;0,0;49,814;9,918;24,2;2,305555555555556;88,0;0,0;48,0;566043,3787976378;5518354,912347081;;3,156652526899423e-05;-0,05751960577407658;1504,335693359375
2024-07-29;46505;0,0107;0,0007;0,0017;0,0001;49,808;9,968;24,9;2,0277777777777777;81,0;0,0;42,0;569649,0675175646;5517733,074541176;0,179;2,9735956559305593e-05;0,0036255270242689375;1504,335693359375
2024-07-29;1;0,0242;0,0015;0,0062;0,0003;49,8047;9,95642;25,1;2,2222222222222223;85,0;0,0;43,0;568820,5605106109;5517355,496720748;0,1735;2,973595655930972e-05;0,003625527024269437;1504,335693359375
2024-07-30;5456;0,0316;0,0024;0,0076;0,0009;49,802;9,944;28,4;2,611111111111111;148,0;0,0;39,0;567930,6533392705;5517043,993212319;0,217;;0,0;1007,8705444335938
2024-07-30;9094;0,0056;0,0003;0,0004;0,0;49,796;9,902;28,7;2,611111111111111;148,0;0,0;38,0;564916,3789284342;5516339,731191984;0,205;;0,0;1007,8705444335938
2024-07-30;10645;0,0151;0,0008;0,0024;0,0001;49,782;9,932;28,7;2,638888888888889;151,0;0,0;39,0;567094,7661046094;5514809,631751885;0,195;;0,0;1007,8705444335938
2024-07-30;13975;0,0353;0,0018;0,0086;0,0004;49,792;9,946;28,4;2,611111111111111;148,0;0,0;39,0;568088,5932671656;5515934,024955345;0,1955;;0,0;1007,8705444335938
2024-07-30;15449;0,0332;0,0019;0,0082;0,0006;49,784;9,934;28,7;2,638888888888889;151,0;0,0;39,0;567235,976097938;5515033,77807713;0,2015;;0,0;1007,8705444335938
2024-07-30;19623;0,0205;0,0012;0,0031;0,0002;49,798;9,928;28,6;2,694444444444444;149,0;0,0;39,0;566784,8051692393;5516584,912229571;0,214;;0,0;1007,8705444335938
2024-07-30;25049;0,0041;0,0003;0,0007;0,0001;49,814;9,918;27,4;2,7777777777777777;150,0;0,0;42,0;566043,3787976378;5518354,912347081;0,215;;0,0;1007,8705444335938
2024-07-30;46505;0,011;0,0008;0,0016;0,0002;49,808;9,968;28,1;2,5277777777777777;146,0;0,0;40,0;569649,0675175646;5517733,074541176;0,1735;;0,0;1007,8705444335938
2024-07-30;1;0,0258;0,0018;0,0064;0,0003;49,8047;9,95642;28,4;2,611111111111111;148,0;0,0;39,0;568820,5605106109;5517355,496720748;0,1975;;0,0;1007,8705444335938
2024-07-31;5456;0,0349;0,0026;0,0074;0,0008;49,802;9,944;31,3;0,0;180,0;0,0;38,0;567930,6533392705;5517043,993212319;0,33;4,032026211394863e-05;-0,18284180194253513;1378,44287109375
2024-07-31;9094;0,0058;0,0003;0,0005;0,0;49,796;9,902;31,6;0,8611111111111112;225,0;0,0;36,0;564916,3789284342;5516339,731191984;0,261;3,688278212328147e-05;-0,17518488923266276;1378,44287109375
2024-07-31;10645;0,0149;0,0007;0,0025;0,0001;49,782;9,932;31,5;0,6388888888888888;219,0;0,0;38,0;567094,7661046094;5514809,631751885;0,249;3,585741615097839e-05;-0,16572659980740084;1378,44287109375
2024-07-31;13975;0,0364;0,0018;0,0085;0,0004;49,792;9,946;31,3;0,0;180,0;0,0;38,0;568088,5932671656;5515934,024955345;0,261;3,307928718276554e-05;-0,09718599269584492;1378,44287109375
2024-07-31;15449;0,0319;0,0014;0,0075;0,0003;49,784;9,934;31,5;0,6388888888888888;219,0;0,0;38,0;567235,976097938;5515033,77807713;0,265;3,585741615097401e-05;-0,1657265998073806;1378,44287109375
2024-07-31;19623;0,0243;0,0016;0,0029;0,0002;49,798;9,928;31,5;0,5277777777777778;248,0;0,0;37,0;566784,8051692393;5516584,912229571;0,303;3,585753640435692e-05;-0,16572706098416065;1378,44287109375
2024-07-31;25049;0,0044;0,0003;0,0008;0,0001;49,814;9,918;30,1;0,6111111111111112;270,0;0,0;42,0;566043,3787976378;5518354,912347081;;3,976870447299048e-05;-0,19445473220831277;1378,44287109375
2024-07-31;46505;0,0114;0,0007;0,0016;0,0001;49,808;9,968;31,0;0,1388888888888889;135,0;0,0;37,0;569649,0675175646;5517733,074541176;0,279;3,240825725862731e-05;-0,10675772967785348;1378,44287109375
2024-07-31;1;0,0275;0,0017;0,0068;0,0003;49,8047;9,95642;31,3;0,0;180,0;0,0;38,0;568820,5605106109;5517355,496720748;0,323;3,2381560181538445e-05;-0,1071454100540137;1378,44287109375
2024-08-01;5456;0,0357;0,0023;0,0079;0,0008;49,802;9,944;28,2;0,6388888888888888;129,0;0,0;53,0;567930,6533392705;5517043,993212319;;;-0,7189537083907757;411,7965087890625
2024-08-01;9094;0,0059;0,0003;0,0004;0,0;49,796;9,902;28,8;0,8055555555555555;173,0;0,0;50,0;564916,3789284342;5516339,731191984;;;-0,6791688203812394;411,7965087890625
2024-08-01;10645;0,0157;0,0008;0,0026;0,0002;49,782;9,932;28,3;0,7222222222222222;164,0;0,0;53,0;567094,7661046094;5514809,631751885;;;-0,6802908807988036;411,7965087890625
2024-08-01;13975;0,0389;0,0019;0,0097;0,0005;49,792;9,946;28,2;0,6388888888888888;129,0;0,0;53,0;568088,5932671656;5515934,024955345;;;-0,7203080058097633;411,7965087890625
2024-08-01;15449;0,0337;0,0017;0,0082;0,0004;49,784;9,934;28,3;0,7222222222222222;164,0;0,0;53,0;567235,976097938;5515033,77807713;;;-0,6921716509776391;411,7965087890625
2024-08-01;19623;0,025;0,0014;0,003;0,0002;49,798;9,928;28,5;0,6666666666666666;153,0;0,0;51,0;566784,8051692393;5516584,912229571;;;-0,6791688203811451;411,7965087890625
2024-08-01;25049;0,0045;0,0003;0,0007;0,0;49,814;9,918;27,0;0,5277777777777778;158,0;0,0;58,0;566043,3787976378;5518354,912347081;;;-0,47080752431207523;411,7965087890625
2024-08-01;46505;0,0114;0,0007;0,0017;0,0002;49,808;9,968;28,0;0,6944444444444444;135,0;0,0;53,0;569649,0675175646;5517733,074541176;;;-0,7203080058097513;411,7965087890625
2024-08-01;1;0,0266;0,0015;0,0062;0,0003;49,8047;9,95642;28,2;0,6388888888888888;129,0;0,0;53,0;568820,5605106109;5517355,496720748;;;-0,7203080058098512;411,7965087890625
2024-08-02;5456;0,0408;0,002;0,01;0,0007;49,802;9,944;22,6;2,694444444444444;338,0;0,0;69,0;567930,6533392705;5517043,993212319;;;-0,4441639780998645;1168,8046875
2024-08-02;9094;0,0068;0,0003;0,0005;0,0;49,796;9,902;23,0;2,638888888888889;335,0;0,0;65,0;564916,3789284342;5516339,731191984;;;-0,9399273991585813;1168,8046875
2024-08-02;10645;0,0162;0,0006;0,0027;0,0001;49,782;9,932;22,8;2,694444444444444;338,0;0,3;68,0;567094,7661046094;5514809,631751885;;;0,10142592340708727;1168,8046875
2024-08-02;13975;0,0435;0,0015;0,0117;0,0004;49,792;9,946;22,6;2,694444444444444;338,0;0,0;69,0;568088,5932671656;5515934,024955345;;;0,10142592340707489;1168,8046875
2024-08-02;15449;0,0343;0,0011;0,0087;0,0003;49,784;9,934;22,8;2,694444444444444;338,0;0,3;68,0;567235,976097938;5515033,77807713;;;0,0993355115883347;1168,8046875
2024-08-02;19623;0,0282;0,0013;0,0038;0,0002;49,798;9,928;22,9;2,833333333333333;337,0;0,0;69,0;566784,8051692393;5516584,912229571;;;-0,4441639780998103;1168,8046875
2024-08-02;25049;0,0052;0,0002;0,0009;0,0;49,814;9,918;21,7;2,944444444444444;336,0;0,0;74,0;566043,3787976378;5518354,912347081;;;-0,4441639780998103;1168,8046875
2024-08-02;46505;0,0141;0,0006;0,0024;0,0002;49,808;9,968;22,6;2,555555555555556;334,0;0,0;67,0;569649,0675175646;5517733,074541176;;;-0,37747803263745444;1168,8046875
2024-08-02;1;0,032;0,0014;0,0075;0,0002;49,8047;9,95642;22,6;2,694444444444444;338,0;0,0;69,0;568820,5605106109;5517355,496720748;;;-0,4360609306098323;1168,8046875
2024-08-03;5456;0,0337;0,0009;0,0077;0,0002;49,802;9,944;25,7;2,1666666666666665;236,0;0,0;61,0;567930,6533392705;5517043,993212319;;;-1,1399272680283659;1585,3046875
2024-08-03;9094;0,0054;0,0001;0,0003;0,0;49,796;9,902;26,0;1,972222222222222;229,0;0,0;59,0;564916,3789284342;5516339,731191984;;;-1,1399272680283847;1585,3046875
2024-08-03;10645;0,0141;0,0004;0,0022;0,0001;49,782;9,932;25,7;2,055555555555556;223,0;0,0;62,0;567094,7661046094;5514809,631751885;;;-0,13791867183575485;1585,3046875
2024-08-03;13975;0,0331;0,0007;0,0074;0,0002;49,792;9,946;25,7;2,1666666666666665;236,0;0,0;61,0;568088,5932671656;5515934,024955345;;;-0,9178336259707628;1585,3046875
2024-08-03;15449;0,0301;0,0009;0,0064;0,0003;49,784;9,934;25,7;2,055555555555556;223,0;0,0;62,0;567235,976097938;5515033,77807713;;;-1,1399272680282266;1585,3046875
2024-08-03;19623;0,0215;0,0008;0,0028;0,0002;49,798;9,928;25,7;2,1666666666666665;236,0;0,0;62,0;566784,8051692393;5516584,912229571;;;-1,1399272680282266;1585,3046875
2024-08-03;25049;0,0041;0,0001;0,0007;0,0;49,814;9,918;24,5;2,333333333333333;239,0;0,0;67,0;566043,3787976378;5518354,912347081;;;-1,1399272680282266;1585,3046875
2024-08-03;46505;0,0117;0,0004;0,0021;0,0001;49,808;9,968;25,6;2,055555555555556;227,0;0,0;60,0;569649,0675175646;5517733,074541176;;;-1,5069220066069875;1585,3046875
2024-08-03;1;0,0248;0,0008;0,005;0,0001;49,8047;9,95642;25,7;2,1666666666666665;236,0;0,0;61,0;568820,5605106109;5517355,496720748;;;-1,5069220066071964;1585,3046875
2024-08-04;5456;0,023;0,0006;0,0054;0,0001;49,802;9,944;22,9;3,9722222222222223;260,0;0,0;63,0;567930,6533392705;5517043,993212319;;;-0,044779126312850165;1057,2763671875
2024-08-04;9094;0,004;0,0001;0,0003;0,0;49,796;9,902;23,5;3,555555555555556;260,0;0,0;59,0;564916,3789284342;5516339,731191984;;;-0,2911417133133938;1057,2763671875
2024-08-04;10645;0,011;0,0003;0,0017;0,0001;49,782;9,932;23,2;3,555555555555556;259,0;0,1;62,0;567094,7661046094;5514809,631751885;;;-0,027953566983344783;1057,2763671875
2024-08-04;13975;0,025;0,0006;0,0049;0,0002;49,792;9,946;22,9;3,9722222222222223;260,0;0,0;63,0;568088,5932671656;5515934,024955345;;;-0,02795356698334137;1057,2763671875
2024-08-04;15449;0,0227;0,0006;0,0043;0,0001;49,784;9,934;23,2;3,555555555555556;259,0;0,1;62,0;567235,976097938;5515033,77807713;;;-0,02795356698334137;1057,2763671875
2024-08-04;19623;0,0167;0,0005;0,0024;0,0001;49,798;9,928;22,7;3,8333333333333335;263,0;0,2;64,0;566784,8051692393;5516584,912229571;;;-0,02795356698334137;1057,2763671875
2024-08-04;25049;0,003;0,0001;0,0005;0,0;49,814;9,918;21,5;4,055555555555555;260,0;0,0;69,0;566043,3787976378;5518354,912347081;;;-0,05079655381179909;1057,2763671875
2024-08-04;46505;0,008;0,0003;0,002;0,0001;49,808;9,968;22,8;3,75;261,0;0,0;61,0;569649,0675175646;5517733,074541176;;;-0,046176725300026825;1057,2763671875
2024-08-04;1;0,0185;0,0005;0,004;0,0002;49,8047;9,95642;22,9;3,9722222222222223;260,0;0,0;63,0;568820,5605106109;5517355,496720748;;;-0,04610983956722547;1057,2763671875
2024-08-05;5456;0,0334;0,0022;0,0071;0,0007;49,802;9,944;21,8;0,6666666666666666;63,0;0,0;60,0;567930,6533392705;5517043,993212319;;2,358589063078618e-05;-0,3794259279966709;1297,903076171875
2024-08-05;9094;0,0056;0,0003;0,0004;0,0;49,796;9,902;22,4;0,6388888888888888;51,0;0,0;55,0;564916,3789284342;5516339,731191984;0,132;2,2102299146725708e-05;-0,37255064359558887;1297,903076171875
2024-08-05;10645;0,0153;0,0008;0,0025;0,0001;49,782;9,932;22,2;0,6666666666666666;63,0;0,0;58,0;567094,7661046094;5514809,631751885;0,173;3,47022599268638e-05;-0,34134437001257867;1297,903076171875
2024-08-05;13975;0,0356;0,0017;0,0079;0,0005;49,792;9,946;21,8;0,6666666666666666;63,0;0,0;60,0;568088,5932671656;5515934,024955345;0,148;3,419847578813261e-05;-0,3421990219432352;1297,903076171875
2024-08-05;15449;0,0328;0,0017;0,0076;0,0004;49,784;9,934;22,2;0,6666666666666666;63,0;0,0;58,0;567235,976097938;5515033,77807713;0,146;2,1851730053520246e-05;-0,3339347651222795;1297,903076171875
2024-08-05;19623;0,0238;0,0015;0,0028;0,0002;49,798;9,928;21,9;0,6388888888888888;39,0;0,0;60,0;566784,8051692393;5516584,912229571;;2,2385148946292105e-05;-0,3658429882062094;1297,903076171875
2024-08-05;25049;0,0043;0,0003;0,0007;0,0;49,814;9,918;20,8;0,5;37,0;0,0;64,0;566043,3787976378;5518354,912347081;0,15;2,35858906307833e-05;-0,37942592799662456;1297,903076171875
2024-08-05;46505;0,0112;0,0007;0,0017;0,0001;49,808;9,968;21,6;0,9444444444444444;58,0;0,0;59,0;569649,0675175646;5517733,074541176;0,129;3,0048642656764516e-05;-0,40638302266595905;1297,903076171875
2024-08-05;1;0,026;0,0013;0,0062;0,0003;49,8047;9,95642;21,8;0,6666666666666666;63,0;0,0;60,0;568820,5605106109;5517355,496720748;0,107;3,0048590112319206e-05;-0,406382803495343;1297,903076171875
2024-08-06;5456;0,031;0,0024;0,0066;0,0007;49,802;9,944;26,5;2,0;117,0;0,0;49,0;567930,6533392705;5517043,993212319;;3,0126846596034767e-05;-0,31382251152595636;1534,88427734375
2024-08-06;9094;0,0054;0,0003;0,0004;0,0;49,796;9,902;27,0;1,8888888888888888;115,0;0,0;47,0;564916,3789284342;5516339,731191984;;2,6408284611537234e-05;-0,3844110220671123;1534,88427734375
2024-08-06;10645;0,0146;0,0008;0,0025;0,0001;49,782;9,932;26,8;1,75;114,0;0,0;50,0;567094,7661046094;5514809,631751885;;3,1882051469221996e-05;-0,37942988651435483;1534,88427734375
2024-08-06;13975;0,0335;0,0018;0,008;0,0004;49,792;9,946;26,5;2,0;117,0;0,0;49,0;568088,5932671656;5515934,024955345;;3,375544273858e-05;-0,3466216246479129;1534,88427734375
2024-08-06;15449;0,0311;0,0017;0,0074;0,0004;49,784;9,934;26,8;1,75;114,0;0,0;50,0;567235,976097938;5515033,77807713;;3,315342677865048e-05;-0,3387705139856442;1534,88427734375
2024-08-06;19623;0,0215;0,0015;0,0027;0,0003;49,798;9,928;26,7;2,055555555555556;119,0;0,0;48,0;566784,8051692393;5516584,912229571;;3,0712685512486335e-05;-0,30826822355433675;1534,88427734375
2024-08-06;25049;0,0041;0,0003;0,0007;0,0001;49,814;9,918;25,6;2,138888888888889;118,0;0,0;52,0;566043,3787976378;5518354,912347081;;2,90067364403504e-05;-0,32528178393839857;1534,88427734375
2024-08-06;46505;0,0107;0,0007;0,0016;0,0001;49,808;9,968;26,3;1,8333333333333333;112,0;0,0;49,0;569649,0675175646;5517733,074541176;;3,075089443882322e-05;-0,30743820965288676;1534,88427734375
2024-08-06;1;0,0248;0,0015;0,0059;0,0003;49,8047;9,95642;26,5;2,0;117,0;0,0;49,0;568820,5605106109;5517355,496720748;;3,075089443882749e-05;-0,30743820965292945;1534,88427734375
2024-08-07;5456;0,0322;0,0023;0,0068;0,0008;49,802;9,944;28,0;3,5277777777777777;263,0;0,0;50,0;567930,6533392705;5517043,993212319;;;-1,1793041229249148;891,281005859375
2024-08-07;9094;0,0055;0,0003;0,0004;0,0;49,796;9,902;28,5;3,222222222222222;265,0;0,0;47,0;564916,3789284342;5516339,731191984;0,229;;-1,2710417469001434;891,281005859375
2024-08-07;10645;0,0145;0,0007;0,0023;0,0001;49,782;9,932;28,2;3,4722222222222223;258,0;0,0;48,0;567094,7661046094;5514809,631751885;0,217;;-1,1352724004652095;891,281005859375
2024-08-07;13975;0,0354;0,0018;0,0083;0,0005;49,792;9,946;28,0;3,5277777777777777;263,0;0,0;50,0;568088,5932671656;5515934,024955345;0,222;;-1,175584211199201;891,281005859375
2024-08-07;15449;0,0307;0,0015;0,0067;0,0004;49,784;9,934;28,2;3,4722222222222223;258,0;0,0;48,0;567235,976097938;5515033,77807713;;;-1,179304122924771;891,281005859375
2024-08-07;19623;0,0223;0,0013;0,003;0,0002;49,798;9,928;28,2;3,5;265,0;0,0;49,0;566784,8051692393;5516584,912229571;0,231;;-1,179304122924771;891,281005859375
2024-08-07;25049;0,0041;0,0003;0,0007;0,0001;49,814;9,918;26,9;3,7222222222222223;264,0;0,0;52,0;566043,3787976378;5518354,912347081;;;-1,179304122924771;891,281005859375
2024-08-07;46505;0,011;0,0007;0,0018;0,0001;49,808;9,968;28,0;3,4444444444444446;262,0;0,0;47,0;569649,0675175646;5517733,074541176;0,209;;-1,1536649465560391;891,281005859375
2024-08-07;1;0,0252;0,0016;0,0059;0,0003;49,8047;9,95642;28,0;3,5277777777777777;263,0;0,0;50,0;568820,5605106109;5517355,496720748;;;-1,1552507603572422;891,281005859375
2024-08-08;5456;0,0338;0,0023;0,0071;0,0008;49,802;9,944;22,4;2,388888888888889;272,0;0,0;59,0;567930,6533392705;5517043,993212319;;;-0,06320844607178029;1618,208740234375
2024-08-08;9094;0,0055;0,0003;0,0004;0,0;49,796;9,902;22,3;2,111111111111111;270,0;0,0;60,0;564916,3789284342;5516339,731191984;;;-1,025675892830008;1618,208740234375
2024-08-08;10645;0,0135;0,0006;0,0023;0,0001;49,782;9,932;22,2;2,2222222222222223;275,0;0,0;65,0;567094,7661046094;5514809,631751885;;;-1,551830530166771;1618,208740234375
2024-08-08;13975;0,0346;0,0014;0,0083;0,0004;49,792;9,946;22,4;2,388888888888889;272,0;0,0;59,0;568088,5932671656;5515934,024955345;0,288;;-0,5470906496047817;1618,208740234375
2024-08-08;15449;0,0291;0,0013;0,0076;0,0003;49,784;9,934;22,2;2,2222222222222223;275,0;0,0;65,0;567235,976097938;5515033,77807713;;;-1,5016326519512964;1618,208740234375
2024-08-08;19623;0,0229;0,0014;0,0027;0,0002;49,798;9,928;22,3;2,388888888888889;272,0;0,0;61,0;566784,8051692393;5516584,912229571;;;-1,111930017328532;1618,208740234375
2024-08-08;25049;0,0042;0,0003;0,0007;0,0001;49,814;9,918;21,0;2,5;275,0;0,0;69,0;566043,3787976378;5518354,912347081;;;-0,46497119635561424;1618,208740234375
2024-08-08;46505;0,0112;0,0007;0,0016;0,0001;49,808;9,968;22,3;2,305555555555556;272,0;0,0;56,0;569649,0675175646;5517733,074541176;;;-0,11214489335324979;1618,208740234375
2024-08-08;1;0,0263;0,0017;0,0064;0,0003;49,8047;9,95642;22,4;2,388888888888889;272,0;0,0;59,0;568820,5605106109;5517355,496720748;;;-0,011208037913030888;1618,208740234375
2024-08-09;5456;0,0377;0,0023;0,0084;0,0006;49,802;9,944;26,5;3,75;228,0;0,0;46,0;567930,6533392705;5517043,993212319;;2,6619784544434152e-05;-0,590254958519052;1480,41259765625
2024-08-09;9094;0,0066;0,0003;0,0005;0,0;49,796;9,902;26,7;3,25;225,0;0,0;45,0;564916,3789284342;5516339,731191984;;3,5346115463983294e-05;-0,5948544310230061;1480,41259765625
2024-08-09;10645;0,0168;0,0007;0,0026;0,0001;49,782;9,932;26,5;3,611111111111111;222,0;0,0;47,0;567094,7661046094;5514809,631751885;;3,516499782563516e-05;-0,5889266028177965;1480,41259765625
2024-08-09;13975;0,0412;0,0019;0,0101;0,0005;49,792;9,946;26,5;3,75;228,0;0,0;46,0;568088,5932671656;5515934,024955345;;1,3540815142941325e-05;-0,5387489979569777;1480,41259765625
2024-08-09;15449;0,0342;0,0012;0,0077;0,0002;49,784;9,934;26,5;3,611111111111111;222,0;0,0;47,0;567235,976097938;5515033,77807713;;3,516499782563086e-05;-0,5709148347377614;1480,41259765625
2024-08-09;19623;0,0267;0,0014;0,0035;0,0002;49,798;9,928;26,4;3,611111111111111;231,0;0,0;47,0;566784,8051692393;5516584,912229571;;3,516499782563086e-05;-0,5709148347377614;1480,41259765625
2024-08-09;25049;0,005;0,0002;0,0008;0,0;49,814;9,918;25,0;3,7777777777777777;233,0;0,0;53,0;566043,3787976378;5518354,912347081;;3,392361158659163e-05;-0,6185612710050974;1480,41259765625
2024-08-09;46505;0,0131;0,0007;0,0023;0,0002;49,808;9,968;26,4;3,611111111111111;224,0;0,0;45,0;569649,0675175646;5517733,074541176;;1,3513094017980009e-05;-0,566419852040834;1480,41259765625
2024-08-09;1;0,03;0,0017;0,007;0,0003;49,8047;9,95642;26,5;3,75;228,0;0,0;46,0;568820,5605106109;5517355,496720748;;1,3513094017981884e-05;-0,5387077629566697;1480,41259765625
2024-08-10;5456;0,0329;0,0011;0,0083;0,0003;49,802;9,944;27,2;4,527777777777778;262,0;0,0;53,0;567930,6533392705;5517043,993212319;0,168;3,22519790437565e-05;-0,6055538269534189;1626,782470703125
2024-08-10;9094;0,0055;0,0002;0,0004;0,0;49,796;9,902;27,4;4,027777777777778;263,0;0,0;50,0;564916,3789284342;5516339,731191984;0,153;3,531685055693238e-05;-0,6480316596331076;1626,782470703125
2024-08-10;10645;0,014;0,0004;0,0022;0,0001;49,782;9,932;27,6;4,25;262,0;0,0;51,0;567094,7661046094;5514809,631751885;0,166;3,55150659743264e-05;-0,28434601351646616;1626,782470703125
2024-08-10;13975;0,0319;0,0009;0,0068;0,0003;49,792;9,946;27,2;4,527777777777778;262,0;0,0;53,0;568088,5932671656;5515934,024955345;0,135;3,551506597432206e-05;-0,46141087263821234;1626,782470703125
2024-08-10;15449;0,0289;0,0007;0,0059;0,0001;49,784;9,934;27,6;4,25;262,0;0,0;51,0;567235,976097938;5515033,77807713;;3,551506597432206e-05;-0,39048483219626945;1626,782470703125
2024-08-10;19623;0,0222;0,0008;0,0033;0,0002;49,798;9,928;26,9;4,416666666666667;266,0;0,0;54,0;566784,8051692393;5516584,912229571;;3,528347983281058e-05;-0,3525095390010632;1626,782470703125
2024-08-10;25049;0,0041;0,0001;0,0006;0,0;49,814;9,918;25,6;4,527777777777778;264,0;0,0;59,0;566043,3787976378;5518354,912347081;0,197;3,1349376513388976e-05;-0,7571361474692605;1626,782470703125
2024-08-10;46505;0,0113;0,0004;0,0022;0,0001;49,808;9,968;27,2;4,416666666666667;264,0;0,0;50,0;569649,0675175646;5517733,074541176;0,154;3,498891798874327e-05;-0,45908081232070985;1626,782470703125
2024-08-10;1;0,0243;0,0008;0,0049;0,0002;49,8047;9,95642;27,2;4,527777777777778;262,0;0,0;53,0;568820,5605106109;5517355,496720748;0,17;3,500162521544054e-05;-0,45913709194726504;1626,782470703125
2024-08-11;5456;0,0216;0,0006;0,0046;0,0002;49,802;9,944;28,4;1,777777777777778;38,0;0,0;40,0;567930,6533392705;5517043,993212319;;3,581955206755418e-05;0,07363322749734613;1251,533935546875
2024-08-11;9094;0,0039;0,0001;0,0003;0,0;49,796;9,902;28,7;1,6944444444444442;28,0;0,0;38,0;564916,3789284342;5516339,731191984;0,0903333333333333;4,133620849222931e-05;0,0035622792284478386;1251,533935546875
2024-08-11;10645;0,0114;0,0003;0,0017;0,0001;49,782;9,932;28,5;1,805555555555556;34,0;0,0;40,0;567094,7661046094;5514809,631751885;0,0723333333333333;3,581955206755418e-05;0,07363322749734613;1251,533935546875
2024-08-11;13975;0,0255;0,0005;0,005;0,0002;49,792;9,946;28,4;1,777777777777778;38,0;0,0;40,0;568088,5932671656;5515934,024955345;0,0643333333333333;3,581955206754981e-05;0,07363322749733714;1251,533935546875
2024-08-11;15449;0,0236;0,0005;0,0048;0,0001;49,784;9,934;28,5;1,805555555555556;34,0;0,0;40,0;567235,976097938;5515033,77807713;0,0905;3,581955206754981e-05;0,07363322749733714;1251,533935546875
2024-08-11;19623;0,0159;0,0004;0,002;0,0001;49,798;9,928;28,5;1,6666666666666663;33,0;0,0;40,0;566784,8051692393;5516584,912229571;0,088;3,581955206754981e-05;0,07363322749733714;1251,533935546875
2024-08-11;25049;0,0029;0,0001;0,0005;0,0;49,814;9,918;27,0;1,4444444444444444;25,0;0,0;47,0;566043,3787976378;5518354,912347081;0,053;3,5438563051779024e-05;-0,0014887256231599592;1251,533935546875
2024-08-11;46505;0,0082;0,0002;0,002;0,0001;49,808;9,968;28,1;1,8611111111111112;36,0;0,0;40,0;569649,0675175646;5517733,074541176;0,0635;3,5167112602230136e-05;0,06566801680559353;1251,533935546875
2024-08-11;1;0,0186;0,0004;0,004;0,0002;49,8047;9,95642;28,4;1,777777777777778;38,0;0,0;40,0;568820,5605106109;5517355,496720748;0,064;3,581955206755418e-05;0,07363322749734613;1251,533935546875
2024-08-12;5456;0,0305;0,0024;0,007;0,0007;49,802;9,944;30,4;1,4166666666666663;94,0;0,0;44,0;567930,6533392705;5517043,993212319;0,1605;;-1,0633677058508164;1185,78759765625
2024-08-12;9094;0,0052;0,0003;0,0004;0,0;49,796;9,902;31,1;1,25;104,0;0,0;41,0;564916,3789284342;5516339,731191984;0,1355;;-0,9423053860665406;1185,78759765625
2024-08-12;10645;0,0136;0,0007;0,0021;0,0001;49,782;9,932;30,9;1,2777777777777777;108,0;0,0;42,0;567094,7661046094;5514809,631751885;0,086;;-0,9485448776211487;1185,78759765625
2024-08-12;13975;0,0332;0,0016;0,0074;0,0004;49,792;9,946;30,4;1,4166666666666663;94,0;0,0;44,0;568088,5932671656;5515934,024955345;0,1535;;-1,063457369804352;1185,78759765625
2024-08-12;15449;0,0291;0,0012;0,0067;0,0003;49,784;9,934;30,9;1,2777777777777777;108,0;0,0;42,0;567235,976097938;5515033,77807713;0,159;;-0,9900335956369921;1185,78759765625
2024-08-12;19623;0,0212;0,0014;0,0024;0,0002;49,798;9,928;30,8;1,4166666666666663;98,0;0,0;42,0;566784,8051692393;5516584,912229571;0,1615;;-0,9423053860664098;1185,78759765625
2024-08-12;25049;0,004;0,0003;0,0007;0,0;49,814;9,918;29,3;1,3055555555555556;99,0;0,0;48,0;566043,3787976378;5518354,912347081;0,154;;-1,0201509228470833;1185,78759765625
2024-08-12;46505;0,0109;0,0008;0,0016;0,0002;49,808;9,968;30,3;1,4166666666666663;94,0;0,0;43,0;569649,0675175646;5517733,074541176;0,1295;;-1,0634573698043341;1185,78759765625
2024-08-12;1;0,0255;0,0019;0,0062;0,0004;49,8047;9,95642;30,4;1,4166666666666663;94,0;0,0;44,0;568820,5605106109;5517355,496720748;0,221;;-1,0634573698044818;1185,78759765625
2024-08-13;5456;0,031;0,0023;0,0066;0,0008;49,802;9,944;32,4;0,9166666666666666;96,0;0,0;45,0;567930,6533392705;5517043,993212319;0,367;3,467843998805944e-05;-0,7200580239296632;1790,864990234375
2024-08-13;9094;0,0051;0,0003;0,0004;0,0;49,796;9,902;33,2;0,6388888888888888;108,0;0,0;41,0;564916,3789284342;5516339,731191984;0,282;5,8672934038027454e-05;-0,8796296553190569;1790,864990234375
2024-08-13;10645;0,0137;0,0007;0,0023;0,0001;49,782;9,932;32,9;0,7222222222222222;124,0;0,0;43,0;567094,7661046094;5514809,631751885;0,2565;3,600391880937869e-05;-0,7475973586184478;1790,864990234375
2024-08-13;13975;0,0331;0,0013;0,0076;0,0003;49,792;9,946;32,4;0,9166666666666666;96,0;0,0;45,0;568088,5932671656;5515934,024955345;0,2675;3,599975663749296e-05;-0,7127484683678373;1790,864990234375
2024-08-13;15449;0,0289;0,0014;0,0068;0,0003;49,784;9,934;32,9;0,7222222222222222;124,0;0,0;43,0;567235,976097938;5515033,77807713;0,284;3,46784399880552e-05;-0,7200580239295753;1790,864990234375
2024-08-13;19623;0,0219;0,0013;0,0026;0,0001;49,798;9,928;32,8;0,8055555555555555;83,0;0,0;44,0;566784,8051692393;5516584,912229571;0,3015;3,46784399880552e-05;-0,7200580239295753;1790,864990234375
2024-08-13;25049;0,0039;0,0002;0,0006;0,0001;49,814;9,918;31,0;0,6111111111111112;90,0;0,0;51,0;566043,3787976378;5518354,912347081;0,365;3,46784399880552e-05;-0,7200580239295753;1790,864990234375
2024-08-13;46505;0,0103;0,0006;0,0015;0,0001;49,808;9,968;32,3;0,9166666666666666;77,0;0,0;44,0;569649,0675175646;5517733,074541176;0,345;5,4901975090612964e-05;-0,6081809401511871;1790,864990234375
2024-08-13;1;0,0246;0,0014;0,006;0,0003;49,8047;9,95642;32,4;0,9166666666666666;96,0;0,0;45,0;568820,5605106109;5517355,496720748;0,352;5,357442939121224e-05;-0,6155249549673133;1790,864990234375
2024-08-14;5456;0,0312;0,0026;0,0067;0,0009;49,802;9,944;28,5;2,4166666666666665;253,0;0,0;59,0;567930,6533392705;5517043,993212319;;4,668451854860217e-05;-0,6672700319659797;1202,4898681640625
2024-08-14;9094;0,0051;0,0003;0,0004;0,0;49,796;9,902;28,9;2,25;249,0;0,0;56,0;564916,3789284342;5516339,731191984;;3,401155481697435e-05;-0,7739585191012281;1202,4898681640625
2024-08-14;10645;0,0146;0,0007;0,0023;0,0001;49,782;9,932;28,6;2,4722222222222223;249,0;0,0;59,0;567094,7661046094;5514809,631751885;;4,822850217583565e-05;-0,6794299210468316;1202,4898681640625
2024-08-14;13975;0,0347;0,0017;0,008;0,0004;49,792;9,946;28,5;2,4166666666666665;253,0;0,0;59,0;568088,5932671656;5515934,024955345;;4,5652137487194124e-05;-0,5748303830623462;1202,4898681640625
2024-08-14;15449;0,0314;0,0014;0,0076;0,0003;49,784;9,934;28,6;2,4722222222222223;249,0;0,0;59,0;567235,976097938;5515033,77807713;;4,82285013276837e-05;-0,6461212188005262;1202,4898681640625
2024-08-14;19623;0,0211;0,0013;0,0028;0,0001;49,798;9,928;28,6;2,4166666666666665;253,0;0,0;59,0;566784,8051692393;5516584,912229571;;4,8228501928565794e-05;-0,6596140691478013;1202,4898681640625
2024-08-14;25049;0,0039;0,0003;0,0006;0,0001;49,814;9,918;27,1;2,4166666666666665;253,0;0,0;65,0;566043,3787976378;5518354,912347081;;4,454836200741075e-05;-0,7287163297792549;1202,4898681640625
2024-08-14;46505;0,0114;0,0008;0,0017;0,0002;49,808;9,968;28,6;2,333333333333333;250,0;0,0;57,0;569649,0675175646;5517733,074541176;;4,814287922544459e-05;-0,5651031786783134;1202,4898681640625
2024-08-14;1;0,0268;0,0019;0,0067;0,0004;49,8047;9,95642;28,5;2,4166666666666665;253,0;0,0;59,0;568820,5605106109;5517355,496720748;;4,787080809530793e-05;-0,5661657101522218;1202,4898681640625
2024-08-15;5456;0,0194;0,0007;0,0047;0,0001;49,802;9,944;26,8;2,305555555555556;252,0;0,0;50,0;567930,6533392705;5517043,993212319;;4,112894627367792e-05;-0,2366879314696232;1528,7962646484375
2024-08-15;9094;0,0034;0,0001;0,0003;0,0;49,796;9,902;27,0;1,972222222222222;246,0;0,0;50,0;564916,3789284342;5516339,731191984;0,163;4,3553651092052934e-05;-0,3185662636762263;1528,7962646484375
2024-08-15;10645;0,0092;0,0003;0,0014;0,0001;49,782;9,932;26,9;2,25;238,0;0,0;53,0;567094,7661046094;5514809,631751885;;3,536936501008436e-05;-0,23396649575636116;1528,7962646484375
2024-08-15;13975;0,0213;0,0007;0,0044;0,0003;49,792;9,946;26,8;2,305555555555556;252,0;0,0;50,0;568088,5932671656;5515934,024955345;;3,582149707788492e-05;-0,19169570608120728;1528,7962646484375
2024-08-15;15449;0,0191;0,0006;0,0036;0,0001;49,784;9,934;26,9;2,25;238,0;0,0;53,0;567235,976097938;5515033,77807713;;3,662557992356492e-05;-0,2301670499145919;1528,7962646484375
2024-08-15;19623;0,014;0,0005;0,002;0,0001;49,798;9,928;27,0;2,2777777777777777;255,0;0,0;50,0;566784,8051692393;5516584,912229571;0,086;3,8567324425294584e-05;-0,24852087561790825;1528,7962646484375
2024-08-15;25049;0,0025;0,0001;0,0004;0,0;49,814;9,918;25,6;2,305555555555556;252,0;0,0;56,0;566043,3787976378;5518354,912347081;;4,115669205669346e-05;-0,24382731817747483;1528,7962646484375
2024-08-15;46505;0,0069;0,0002;0,0015;0,0001;49,808;9,968;26,7;2,2222222222222223;252,0;0,0;48,0;569649,0675175646;5517733,074541176;0,249;4,111828457098268e-05;-0,2339445229153974;1528,7962646484375
2024-08-15;1;0,0159;0,0005;0,0035;0,0002;49,8047;9,95642;26,8;2,305555555555556;252,0;0,0;50,0;568820,5605106109;5517355,496720748;;4,1118284570988385e-05;-0,2339445229154299;1528,7962646484375
2024-08-16;5456;0,0359;0,0019;0,0077;0,0006;49,802;9,944;28,7;3,7222222222222223;250,0;0,0;46,0;567930,6533392705;5517043,993212319;;2,6998866815122506e-05;-0,10904136300087994;1655,982177734375
2024-08-16;9094;0,006;0,0002;0,0005;0,0;49,796;9,902;28,8;3,138888888888889;248,0;0,0;45,0;564916,3789284342;5516339,731191984;;2,6998866815122957e-05;-0,3614387735724847;1655,982177734375
2024-08-16;10645;0,0153;0,0006;0,0022;0,0001;49,782;9,932;28,8;3,4444444444444446;248,0;0,0;46,0;567094,7661046094;5514809,631751885;;2,961401164291152e-05;-0,21967615517028322;1655,982177734375
2024-08-16;13975;0,0368;0,0015;0,0082;0,0004;49,792;9,946;28,7;3,7222222222222223;250,0;0,0;46,0;568088,5932671656;5515934,024955345;;2,699886681511921e-05;-0,1187997460141765;1655,982177734375
2024-08-16;15449;0,0319;0,0013;0,0075;0,0003;49,784;9,934;28,8;3,4444444444444446;248,0;0,0;46,0;567235,976097938;5515033,77807713;;2,699886681511921e-05;-0,10904136300086661;1655,982177734375
2024-08-16;19623;0,0239;0,0012;0,003;0,0002;49,798;9,928;28,9;3,583333333333333;252,0;0,0;46,0;566784,8051692393;5516584,912229571;;2,699886681511921e-05;-0,10904136300086661;1655,982177734375
2024-08-16;25049;0,0046;0,0002;0,0008;0,0;49,814;9,918;27,4;3,638888888888889;254,0;0,0;51,0;566043,3787976378;5518354,912347081;;2,699886681511921e-05;-0,10904136300086661;1655,982177734375
2024-08-16;46505;0,0124;0,0006;0,0021;0,0001;49,808;9,968;28,5;3,7222222222222223;246,0;0,0;44,0;569649,0675175646;5517733,074541176;;3,1853895086590684e-05;-0,06454471740196177;1655,982177734375
2024-08-16;1;0,0275;0,0012;0,006;0,0002;49,8047;9,95642;28,7;3,7222222222222223;250,0;0,0;46,0;568820,5605106109;5517355,496720748;;2,6998866815122506e-05;-0,10904136300087994;1655,982177734375
2024-08-17;5456;0,0312;0,0011;0,0067;0,0002;49,802;9,944;27,0;3,1111111111111107;264,0;0,0;51,0;567930,6533392705;5517043,993212319;;;-0,9642874598504014;861,2102661132812
2024-08-17;9094;0,0051;0,0002;0,0003;0,0;49,796;9,902;27,4;2,944444444444444;260,0;0,0;48,0;564916,3789284342;5516339,731191984;;;-0,7380800418399533;861,2102661132812
2024-08-17;10645;0,0131;0,0004;0,0018;0,0001;49,782;9,932;27,3;3,1666666666666665;259,0;0,0;50,0;567094,7661046094;5514809,631751885;;;-0,9642874598504014;861,2102661132812
2024-08-17;13975;0,0311;0,001;0,0059;0,0003;49,792;9,946;27,0;3,1111111111111107;264,0;0,0;51,0;568088,5932671656;5515934,024955345;;;-0,9642874598502836;861,2102661132812
2024-08-17;15449;0,0271;0,0009;0,0057;0,0002;49,784;9,934;27,3;3,1666666666666665;259,0;0,0;50,0;567235,976097938;5515033,77807713;;;-0,9642874598502836;861,2102661132812
2024-08-17;19623;0,0211;0,0008;0,0027;0,0002;49,798;9,928;27,2;3,138888888888889;263,0;0,0;50,0;566784,8051692393;5516584,912229571;;;-0,9642874598502836;861,2102661132812
2024-08-17;25049;0,0038;0,0001;0,0006;0,0;49,814;9,918;25,6;3,5277777777777777;263,0;0,0;56,0;566043,3787976378;5518354,912347081;;;-0,7885590250685849;861,2102661132812
2024-08-17;46505;0,0112;0,0004;0,0022;0,0001;49,808;9,968;26,9;3,416666666666667;267,0;0,0;50,0;569649,0675175646;5517733,074541176;;;-0,399282008409482;861,2102661132812
2024-08-17;1;0,0238;0,0009;0,0047;0,0002;49,8047;9,95642;27,0;3,1111111111111107;264,0;0,0;51,0;568820,5605106109;5517355,496720748;;;-0,6856472529095305;861,2102661132812
2024-08-18;5456;0,0206;0,0006;0,0042;0,0001;49,802;9,944;22,1;2,333333333333333;301,0;1,1;82,0;567930,6533392705;5517043,993212319;;;-1,713971008125879;463,43310546875
2024-08-18;9094;0,0035;0,0001;0,0003;0,0;49,796;9,902;22,5;2,1944444444444446;317,0;0,6;77,0;564916,3789284342;5516339,731191984;;;-1,679633617401308;463,43310546875
2024-08-18;10645;0,0105;0,0002;0,0015;0,0001;49,782;9,932;22,6;2,0;307,0;0,9;78,0;567094,7661046094;5514809,631751885;;;-1,581663131714015;463,43310546875
2024-08-18;13975;0,0239;0,0006;0,0049;0,0003;49,792;9,946;22,1;2,333333333333333;301,0;1,1;82,0;568088,5932671656;5515934,024955345;;;-1,3849250078200896;463,43310546875
2024-08-18;15449;0,0222;0,0004;0,0048;0,0001;49,784;9,934;22,6;2,0;307,0;0,9;78,0;567235,976097938;5515033,77807713;;;-1,581663131713822;463,43310546875
2024-08-18;19623;0,0149;0,0004;0,0021;0,0001;49,798;9,928;21,9;2,4722222222222223;310,0;0,7999999999999999;83,0;566784,8051692393;5516584,912229571;;;-1,6371213240955464;463,43310546875
2024-08-18;25049;0,0027;0,0001;0,0004;0,0;49,814;9,918;20,7;2,4722222222222223;313,0;0,7;87,0;566043,3787976378;5518354,912347081;;;-1,6819488346379337;463,43310546875
2024-08-18;46505;0,0075;0,0002;0,0019;0,0001;49,808;9,968;22,2;2,0277777777777777;303,0;1,0;80,0;569649,0675175646;5517733,074541176;;;-1,6689262024978366;463,43310546875
2024-08-18;1;0,017;0,0005;0,0035;0,0002;49,8047;9,95642;22,1;2,333333333333333;301,0;1,1;82,0;568820,5605106109;5517355,496720748;;;-1,7359676986776598;463,43310546875
2024-08-19;5456;0,0324;0,0021;0,0065;0,0006;49,802;9,944;21,8;2,555555555555556;48,0;0,0;56,0;567930,6533392705;5517043,993212319;0,355;2,3542683265989055e-05;-0,9246693849564463;1419,617431640625
2024-08-19;9094;0,0051;0,0003;0,0004;0,0;49,796;9,902;22,3;2,4166666666666665;45,0;0,0;52,0;564916,3789284342;5516339,731191984;0,406;1,8070546502715103e-05;-0,9962643980981016;1419,617431640625
2024-08-19;10645;0,0137;0,0007;0,002;0,0001;49,782;9,932;22,2;2,4722222222222223;47,0;0,0;55,0;567094,7661046094;5514809,631751885;0,383;2,851450277988376e-05;-0,9974919583425973;1419,617431640625
2024-08-19;13975;0,033;0,0015;0,0072;0,0003;49,792;9,946;21,8;2,555555555555556;48,0;0,0;56,0;568088,5932671656;5515934,024955345;0,382;2,3544048390153413e-05;-0,9246893847418608;1419,617431640625
2024-08-19;15449;0,0296;0,0016;0,0073;0,0004;49,784;9,934;22,2;2,4722222222222223;47,0;0,0;55,0;567235,976097938;5515033,77807713;0,398;2,3542683265986178e-05;-0,9246693849563333;1419,617431640625
2024-08-19;19623;0,0212;0,0013;0,0026;0,0002;49,798;9,928;22,0;2,4166666666666665;48,0;0,0;56,0;566784,8051692393;5516584,912229571;0,382;2,3542683265986178e-05;-0,9246693849563333;1419,617431640625
2024-08-19;25049;0,0039;0,0002;0,0007;0,0001;49,814;9,918;21,0;2,4166666666666665;48,0;0,0;59,0;566043,3787976378;5518354,912347081;;2,3542683265986178e-05;-0,9246693849563333;1419,617431640625
2024-08-19;46505;0,0106;0,0007;0,0016;0,0002;49,808;9,968;21,6;2,555555555555556;48,0;0,0;55,0;569649,0675175646;5517733,074541176;0,363;2,3542683265985785e-05;-0,924669384956318;1419,617431640625
2024-08-19;1;0,0241;0,0015;0,0054;0,0003;49,8047;9,95642;21,8;2,555555555555556;48,0;0,0;56,0;568820,5605106109;5517355,496720748;0,37;2,3542683265989055e-05;-0,9246693849564463;1419,617431640625
2024-08-20;5456;0,0287;0,0021;0,0058;0,0005;49,802;9,944;22,8;2,25;167,0;0,0;64,0;567930,6533392705;5517043,993212319;;;-0,14733476838483778;815,958251953125
2024-08-20;9094;0,0049;0,0003;0,0004;0,0;49,796;9,902;23,0;2,333333333333333;173,0;0,0;63,0;564916,3789284342;5516339,731191984;;;0,008199999594350332;815,958251953125
2024-08-20;10645;0,0131;0,0007;0,0021;0,0001;49,782;9,932;22,8;2,333333333333333;173,0;0,0;65,0;567094,7661046094;5514809,631751885;;;-0,2605089198896689;815,958251953125
2024-08-20;13975;0,0306;0,0015;0,0071;0,0004;49,792;9,946;22,8;2,25;167,0;0,0;64,0;568088,5932671656;5515934,024955345;;;-0,19721273672232542;815,958251953125
2024-08-20;15449;0,0277;0,0012;0,0063;0,0002;49,784;9,934;22,8;2,333333333333333;173,0;0,0;65,0;567235,976097938;5515033,77807713;;;-0,24344993382691638;815,958251953125
2024-08-20;19623;0,02;0,0013;0,0027;0,0002;49,798;9,928;22,9;2,333333333333333;170,0;0,0;64,0;566784,8051692393;5516584,912229571;;;-0,23371630170400703;815,958251953125
2024-08-20;25049;0,0037;0,0002;0,0006;0,0;49,814;9,918;21,8;2,2777777777777777;165,0;0,0;69,0;566043,3787976378;5518354,912347081;;;-0,16170802627974584;815,958251953125
2024-08-20;46505;0,0101;0,0007;0,0016;0,0002;49,808;9,968;22,6;2,361111111111111;168,0;0,0;63,0;569649,0675175646;5517733,074541176;;;-0,14064951613544782;815,958251953125
2024-08-20;1;0,0239;0,0016;0,0059;0,0003;49,8047;9,95642;22,8;2,25;167,0;0,0;64,0;568820,5605106109;5517355,496720748;;;-0,14064951613546733;815,958251953125
2024-08-21;5456;0,0307;0,0022;0,0066;0,0008;49,802;9,944;20,9;4,305555555555555;282,0;0,1;44,0;567930,6533392705;5517043,993212319;;3,36369871517887e-05;-0,4159759356313054;1877,233642578125
2024-08-21;9094;0,005;0,0003;0,0004;0,0;49,796;9,902;21,4;3,4444444444444446;296,0;0,1;41,0;564916,3789284342;5516339,731191984;;3,363698685752178e-05;-0,6415953085940946;1877,233642578125
2024-08-21;10645;0,0131;0,0007;0,002;0,0001;49,782;9,932;21,3;3,861111111111111;291,0;0,1;43,0;567094,7661046094;5514809,631751885;;2,701220112280172e-05;-0,3382010409542986;1877,233642578125
2024-08-21;13975;0,0322;0,0018;0,007;0,0004;49,792;9,946;20,9;4,305555555555555;282,0;0,1;44,0;568088,5932671656;5515934,024955345;;2,7012200348203544e-05;-0,3878038927030437;1877,233642578125
2024-08-21;15449;0,0272;0,0013;0,0062;0,0002;49,784;9,934;21,3;3,861111111111111;291,0;0,1;43,0;567235,976097938;5515033,77807713;;3,085652282084397e-05;-0,37479194488021744;1877,233642578125
2024-08-21;19623;0,0197;0,0012;0,0023;0,0002;49,798;9,928;20,9;4,027777777777778;289,0;0,1;46,0;566784,8051692393;5516584,912229571;;3,2147530873770835e-05;-0,41369400918482546;1877,233642578125
2024-08-21;25049;0,0037;0,0002;0,0006;0,0001;49,814;9,918;19,7;3,9166666666666665;289,0;0,2;49,0;566043,3787976378;5518354,912347081;;3,36369866598426e-05;-0,6297884106208703;1877,233642578125
2024-08-21;46505;0,0101;0,0007;0,0016;0,0001;49,808;9,968;20,8;4,5;282,0;0,1;42,0;569649,0675175646;5517733,074541176;;;-0,34677384793756827;1877,233642578125
2024-08-21;1;0,0244;0,0015;0,006;0,0003;49,8047;9,95642;20,9;4,305555555555555;282,0;0,1;44,0;568820,5605106109;5517355,496720748;;;-0,34677384793761634;1877,233642578125
2024-08-22;5456;0,0312;0,0023;0,0066;0,0007;49,802;9,944;21,8;2,055555555555556;227,0;0,0;45,0;567930,6533392705;5517043,993212319;0,221;3,799590429761096e-05;-0,17927541354132057;1202,7313232421875
2024-08-22;9094;0,0051;0,0003;0,0004;0,0;49,796;9,902;22,0;1,777777777777778;218,0;0,0;44,0;564916,3789284342;5516339,731191984;0,237;2,8975746329007008e-05;-0,19449006708910985;1202,7313232421875
2024-08-22;10645;0,0135;0,0007;0,0022;0,0001;49,782;9,932;22,1;2,0;217,0;0,0;45,0;567094,7661046094;5514809,631751885;;3,2383701071651624e-05;-0,15054684888367537;1202,7313232421875
2024-08-22;13975;0,0322;0,0017;0,0069;0,0005;49,792;9,946;21,8;2,055555555555556;227,0;0,0;45,0;568088,5932671656;5515934,024955345;0,233;3,2436125293480404e-05;-0,1507603703476016;1202,7313232421875
2024-08-22;15449;0,028;0,0014;0,0061;0,0004;49,784;9,934;22,1;2,0;217,0;0,0;45,0;567235,976097938;5515033,77807713;;3,23836957250014e-05;-0,15054682828485536;1202,7313232421875
2024-08-22;19623;0,021;0,0013;0,0026;0,0002;49,798;9,928;21,8;1,9166666666666667;227,0;0,0;46,0;566784,8051692393;5516584,912229571;;3,23836957250014e-05;-0,15054682828485536;1202,7313232421875
2024-08-22;25049;0,0039;0,0002;0,0007;0,0001;49,814;9,918;20,7;2,055555555555556;227,0;0,0;50,0;566043,3787976378;5518354,912347081;;4,032048309454579e-05;-0,19117480330168654;1202,7313232421875
2024-08-22;46505;0,0106;0,0006;0,0019;0,0001;49,808;9,968;21,8;2,055555555555556;223,0;0,0;44,0;569649,0675175646;5517733,074541176;0,202;4,366483289948388e-05;-0,21834549443849216;1202,7313232421875
2024-08-22;1;0,0247;0,0015;0,0057;0,0003;49,8047;9,95642;21,8;2,055555555555556;227,0;0,0;45,0;568820,5605106109;5517355,496720748;0,203;4,147570944123292e-05;-0,2160464199706483;1202,7313232421875
2024-08-23;5456;0,0352;0,0025;0,0084;0,0008;49,802;9,944;26,3;4,888888888888889;223,0;0,0;36,0;567930,6533392705;5517043,993212319;0,158;4,0187991544375225e-05;-0,30214074254038775;1310,880859375
2024-08-23;9094;0,006;0,0003;0,0005;0,0;49,796;9,902;26,7;4,277777777777778;217,0;0,0;34,0;564916,3789284342;5516339,731191984;0,164;3,4218216391675815e-05;-0,49632576351759794;1310,880859375
2024-08-23;10645;0,0158;0,0006;0,0025;0,0001;49,782;9,932;26,8;4,694444444444444;218,0;0,0;35,0;567094,7661046094;5514809,631751885;0,3605;4,0187991544375225e-05;-0,30214074254038775;1310,880859375
2024-08-23;13975;0,0372;0,0017;0,0079;0,0005;49,792;9,946;26,3;4,888888888888889;223,0;0,0;36,0;568088,5932671656;5515934,024955345;0,169;3,881067739328658e-05;-0,24972026073573295;1310,880859375
2024-08-23;15449;0,0334;0,0011;0,0075;0,0002;49,784;9,934;26,8;4,694444444444444;218,0;0,0;35,0;567235,976097938;5515033,77807713;0,3475;4,018799154437032e-05;-0,30214074254035084;1310,880859375
2024-08-23;19623;0,0241;0,0013;0,0031;0,0002;49,798;9,928;26,5;4,666666666666667;222,0;0,0;36,0;566784,8051692393;5516584,912229571;0,165;4,018799154437032e-05;-0,30214074254035084;1310,880859375
2024-08-23;25049;0,0045;0,0002;0,0008;0,0001;49,814;9,918;25,1;4,944444444444445;222,0;0,0;40,0;566043,3787976378;5518354,912347081;0,169;4,043632626141044e-05;-0,27096857967460275;1310,880859375
2024-08-23;46505;0,0122;0,0007;0,0024;0,0002;49,808;9,968;26,3;4,666666666666667;222,0;0,0;35,0;569649,0675175646;5517733,074541176;0,15;3,809631380135952e-05;-0,22253163158892578;1310,880859375
2024-08-23;1;0,0275;0,0016;0,006;0,0003;49,8047;9,95642;26,3;4,888888888888889;223,0;0,0;36,0;568820,5605106109;5517355,496720748;0,18;3,809631380136481e-05;-0,22253163158895664;1310,880859375
2024-08-24;5456;0,0305;0,001;0,0067;0,0002;49,802;9,944;30,9;3,611111111111111;175,0;0,0;36,0;567930,6533392705;5517043,993212319;0,1366666666666666;4,908882244699002e-05;-0,2580575941844385;1646,878662109375
2024-08-24;9094;0,005;0,0002;0,0004;0,0;49,796;9,902;31,3;3,5;175,0;0,0;34,0;564916,3789284342;5516339,731191984;0,1246666666666666;3,85925901213957e-05;-0,37705478916731694;1646,878662109375
2024-08-24;10645;0,0134;0,0005;0,002;0,0001;49,782;9,932;31,5;3,8055555555555554;180,0;0,0;34,0;567094,7661046094;5514809,631751885;0,1246666666666666;3,980719670689609e-05;-0,39161102872552866;1646,878662109375
2024-08-24;13975;0,0305;0,0009;0,0062;0,0003;49,792;9,946;30,9;3,611111111111111;175,0;0,0;36,0;568088,5932671656;5515934,024955345;0,1256666666666666;4,259952766005759e-05;-0,23619990050792017;1646,878662109375
2024-08-24;15449;0,0285;0,001;0,0062;0,0002;49,784;9,934;31,5;3,8055555555555554;180,0;0,0;34,0;567235,976097938;5515033,77807713;0,128;4,1641916246071185e-05;-0,2894971180432697;1646,878662109375
2024-08-24;19623;0,0206;0,0007;0,0031;0,0001;49,798;9,928;31,2;3,7222222222222223;174,0;0,0;35,0;566784,8051692393;5516584,912229571;0,139;3,9994553076709285e-05;-0,38118344499675794;1646,878662109375
2024-08-24;25049;0,0037;0,0001;0,0006;0,0;49,814;9,918;29,8;3,8333333333333335;171,0;0,0;39,0;566043,3787976378;5518354,912347081;0,087;5,6392178521489974e-05;-0,28265726566313887;1646,878662109375
2024-08-24;46505;0,0106;0,0004;0,0019;0,0001;49,808;9,968;30,9;3,416666666666667;175,0;0,0;35,0;569649,0675175646;5517733,074541176;0,114;4,259952766005688e-05;-0,23619990050791626;1646,878662109375
2024-08-24;1;0,0232;0,0009;0,0049;0,0002;49,8047;9,95642;30,9;3,611111111111111;175,0;0,0;36,0;568820,5605106109;5517355,496720748;0,1363333333333333;4,2780578195116175e-05;-0,23680972750225707;1646,878662109375
2024-08-25;5456;0,0203;0,0004;0,0042;0,0001;49,802;9,944;20,6;3,138888888888889;277,0;4,699999999999999;49,0;567930,6533392705;5517043,993212319;;2,8527847462103575e-05;-0,3697343766689646;1710,4638671875
2024-08-25;9094;0,0035;0,0001;0,0003;0,0;49,796;9,902;20,9;3,194444444444444;274,0;4,8;45,0;564916,3789284342;5516339,731191984;0,364;2,949782538053439e-05;-0,5776872634888333;1710,4638671875
2024-08-25;10645;0,0101;0,0003;0,0014;0,0001;49,782;9,932;20,8;3,305555555555556;275,0;4,3;47,0;567094,7661046094;5514809,631751885;;3,7781253922734215e-05;-0,4854308714785561;1710,4638671875
2024-08-25;13975;0,0233;0,0007;0,0044;0,0002;49,792;9,946;20,6;3,138888888888889;277,0;4,699999999999999;49,0;568088,5932671656;5515934,024955345;;2,9824679438055542e-05;-0,4202309896116342;1710,4638671875
2024-08-25;15449;0,0211;0,0005;0,0045;0,0001;49,784;9,934;20,8;3,305555555555556;275,0;4,3;47,0;567235,976097938;5515033,77807713;;3,0839698337412644e-05;-0,3816743438426993;1710,4638671875
2024-08-25;19623;0,0143;0,0004;0,0019;0,0001;49,798;9,928;20,7;3,416666666666667;275,0;4,9;48,0;566784,8051692393;5516584,912229571;;2,852784746210009e-05;-0,3697343766689195;1710,4638671875
2024-08-25;25049;0,0026;0,0001;0,0005;0,0;49,814;9,918;19,6;3,7222222222222223;275,0;5,1000000000000005;53,0;566043,3787976378;5518354,912347081;;2,852784746210009e-05;-0,3697343766689195;1710,4638671875
2024-08-25;46505;0,0075;0,0002;0,0019;0,0001;49,808;9,968;20,5;3,0277777777777777;276,0;4,300000000000001;47,0;569649,0675175646;5517733,074541176;;2,8527847462099617e-05;-0,36973437666891334;1710,4638671875
2024-08-25;1;0,0172;0,0004;0,0037;0,0002;49,8047;9,95642;20,6;3,138888888888889;277,0;4,699999999999999;49,0;568820,5605106109;5517355,496720748;;2,8527847462103575e-05;-0,3697343766689646;1710,4638671875
2024-08-26;5456;0,029;0,0025;0,006;0,0008;49,802;9,944;21,7;0,6666666666666666;333,0;0,0;45,0;567930,6533392705;5517043,993212319;0,145;3,314283367217595e-05;-0,2794785723090433;1901,3006591796875
2024-08-26;9094;0,0046;0,0003;0,0003;0,0;49,796;9,902;22,1;0,7777777777777777;320,0;0,0;40,0;564916,3789284342;5516339,731191984;0,1185;3,31428336721765e-05;-0,27947857230904793;1901,3006591796875
2024-08-26;10645;0,0134;0,0007;0,0022;0,0001;49,782;9,932;22,1;0,6111111111111112;270,0;0,0;42,0;567094,7661046094;5514809,631751885;0,162;3,605848292786464e-05;-0,27428032043133904;1901,3006591796875
2024-08-26;13975;0,0322;0,0019;0,007;0,0005;49,792;9,946;21,7;0,6666666666666666;333,0;0,0;45,0;568088,5932671656;5515934,024955345;0,0875;3,6898422095991356e-05;-0,24452569761079102;1901,3006591796875
2024-08-26;15449;0,0286;0,0015;0,0064;0,0003;49,784;9,934;22,1;0,6111111111111112;270,0;0,0;42,0;567235,976097938;5515033,77807713;0,152;3,314283367217191e-05;-0,2794785723090092;1901,3006591796875
2024-08-26;19623;0,0188;0,0012;0,0027;0,0002;49,798;9,928;21,7;0,8611111111111112;324,0;0,0;45,0;566784,8051692393;5516584,912229571;0,174;3,314283367217191e-05;-0,2794785723090092;1901,3006591796875
2024-08-26;25049;0,0036;0,0002;0,0006;0,0;49,814;9,918;20,2;0,5833333333333334;329,0;0,0;53,0;566043,3787976378;5518354,912347081;;3,340379486706796e-05;-0,2815852700279628;1901,3006591796875
2024-08-26;46505;0,0102;0,0007;0,0017;0,0002;49,808;9,968;21,5;0,9166666666666666;13,0;0,0;44,0;569649,0675175646;5517733,074541176;0,108;3,449734049354291e-05;-0,24880651943384474;1901,3006591796875
2024-08-26;1;0,0235;0,0015;0,0056;0,0003;49,8047;9,95642;21,7;0,6666666666666666;333,0;0,0;45,0;568820,5605106109;5517355,496720748;0,104;3,4497340493547696e-05;-0,24880651943387927;1901,3006591796875
2024-08-27;5456;0,0292;0,0022;0,0062;0,0007;49,802;9,944;24,7;2,888888888888889;76,0;0,0;49,0;567930,6533392705;5517043,993212319;0,1633333333333333;3,305754851341579e-05;-0,09691581526300194;1803,9278564453125
2024-08-27;9094;0,0047;0,0003;0,0004;0,0;49,796;9,902;25,0;2,694444444444444;75,0;0,0;46,0;564916,3789284342;5516339,731191984;0,1706666666666666;3,827521005359494e-05;-0,09653922109397109;1803,9278564453125
2024-08-27;10645;0,0129;0,0008;0,0021;0,0001;49,782;9,932;25,2;2,7222222222222223;73,0;0,0;47,0;567094,7661046094;5514809,631751885;0,1446666666666666;4,1293184040118146e-05;-0,14044671133161904;1803,9278564453125
2024-08-27;13975;0,0309;0,0018;0,0068;0,0004;49,792;9,946;24,7;2,888888888888889;76,0;0,0;49,0;568088,5932671656;5515934,024955345;0,1356666666666666;3,32465569954356e-05;-0,09172824583947396;1803,9278564453125
2024-08-27;15449;0,0276;0,0016;0,0063;0,0003;49,784;9,934;25,2;2,7222222222222223;73,0;0,0;47,0;567235,976097938;5515033,77807713;0,1346666666666666;3,7875928621612426e-05;-0,11975686958055916;1803,9278564453125
2024-08-27;19623;0,0194;0,0014;0,0026;0,0002;49,798;9,928;25,0;3,0277777777777777;81,0;0,0;48,0;566784,8051692393;5516584,912229571;0,1666666666666666;3,930209164242362e-05;-0,1141631566429457;1803,9278564453125
2024-08-27;25049;0,0036;0,0003;0,0006;0,0001;49,814;9,918;23,6;3,1111111111111107;84,0;0,0;53,0;566043,3787976378;5518354,912347081;0,1923333333333333;3,100334379268954e-05;-0,10632503218948536;1803,9278564453125
2024-08-27;46505;0,0099;0,0007;0,0015;0,0001;49,808;9,968;24,6;2,75;71,0;0,0;49,0;569649,0675175646;5517733,074541176;0,1526666666666666;4,27932235185409e-05;-0,06192598815330989;1803,9278564453125
2024-08-27;1;0,0231;0,0015;0,0055;0,0003;49,8047;9,95642;24,7;2,888888888888889;76,0;0,0;49,0;568820,5605106109;5517355,496720748;0,1666666666666666;3,936383286620113e-05;-0,06817778707893281;1803,9278564453125
2024-08-28;5456;0,0305;0,0024;0,0068;0,0008;49,802;9,944;27,4;2,1666666666666665;124,0;0,0;52,0;567930,6533392705;5517043,993212319;0,197;6,764714537680525e-05;-0,24167117322049067;1108,3338623046875
2024-08-28;9094;0,0047;0,0003;0,0004;0,0;49,796;9,902;27,6;2,0;127,0;0,0;50,0;564916,3789284342;5516339,731191984;0,1433333333333333;6,952823071317798e-05;-0,24699371460951347;1108,3338623046875
2024-08-28;10645;0,0134;0,0008;0,002;0,0001;49,782;9,932;27,7;1,9166666666666667;129,0;0,0;51,0;567094,7661046094;5514809,631751885;0,1406666666666666;5,62742534203623e-05;-0,3797717879017784;1108,3338623046875
2024-08-28;13975;0,0318;0,0017;0,0071;0,0004;49,792;9,946;27,4;2,1666666666666665;124,0;0,0;52,0;568088,5932671656;5515934,024955345;0,1463333333333333;4,712049374457019e-05;-0,22166656943793836;1108,3338623046875
2024-08-28;15449;0,0284;0,0016;0,0069;0,0004;49,784;9,934;27,7;1,9166666666666667;129,0;0,0;51,0;567235,976097938;5515033,77807713;0,1393333333333333;6,867479111134652e-05;-0,2556133960862508;1108,3338623046875
2024-08-28;19623;0,0195;0,0014;0,0025;0,0002;49,798;9,928;27,5;2,2777777777777777;128,0;0,0;51,0;566784,8051692393;5516584,912229571;0,1533333333333333;6,955610297154436e-05;-0,2467893809080053;1108,3338623046875
2024-08-28;25049;0,0037;0,0003;0,0006;0,0001;49,814;9,918;26,4;2,4722222222222223;130,0;0,0;55,0;566043,3787976378;5518354,912347081;0,1845;6,955610297154436e-05;-0,2467893809080053;1108,3338623046875
2024-08-28;46505;0,0104;0,0007;0,0016;0,0002;49,808;9,968;27,0;2,0277777777777777;123,0;0,0;52,0;569649,0675175646;5517733,074541176;0,156;4,736835762741761e-05;-0,18730063736437902;1108,3338623046875
2024-08-28;1;0,0247;0,0017;0,0059;0,0003;49,8047;9,95642;27,4;2,1666666666666665;124,0;0,0;52,0;568820,5605106109;5517355,496720748;0,127;4,736835762742418e-05;-0,18730063736440503;1108,3338623046875
2024-08-29;5456;0,031;0,0022;0,0069;0,0008;49,802;9,944;31,2;0,8333333333333333;194,0;0,0;38,0;567930,6533392705;5517043,993212319;0,1693333333333333;3,549124448909756e-05;-0,4351879358292033;1817,3701171875
2024-08-29;9094;0,0046;0,0003;0,0004;0,0;49,796;9,902;31,4;0,6944444444444444;188,0;0,0;38,0;564916,3789284342;5516339,731191984;0,166;5,453105040942919e-05;-0,5336152315140358;1817,3701171875
2024-08-29;10645;0,014;0,0007;0,0022;0,0001;49,782;9,932;31,5;0,8611111111111112;201,0;0,0;38,0;567094,7661046094;5514809,631751885;0,1666666666666666;3,3371874451407555e-05;-0,4368905425072125;1817,3701171875
2024-08-29;13975;0,0328;0,0017;0,0069;0,0005;49,792;9,946;31,2;0,8333333333333333;194,0;0,0;38,0;568088,5932671656;5515934,024955345;0,1616666666666666;3,337187445140348e-05;-0,43689054250715914;1817,3701171875
2024-08-29;15449;0,0299;0,0014;0,0067;0,0002;49,784;9,934;31,5;0,8611111111111112;201,0;0,0;38,0;567235,976097938;5515033,77807713;0,1633333333333333;3,337187445140348e-05;-0,43689054250715914;1817,3701171875
2024-08-29;19623;0,0207;0,0014;0,003;0,0002;49,798;9,928;31,3;0,7222222222222222;196,0;0,0;39,0;566784,8051692393;5516584,912229571;0,1706666666666666;3,4517182566004085e-05;-0,43597045136420604;1817,3701171875
2024-08-29;25049;0,0038;0,0002;0,0007;0,0001;49,814;9,918;29,7;0,6111111111111112;189,0;0,0;45,0;566043,3787976378;5518354,912347081;0,132;3,5491244489093226e-05;-0,4351879358291501;1817,3701171875
2024-08-29;46505;0,0099;0,0006;0,0018;0,0002;49,808;9,968;31,0;0,6944444444444444;188,0;0,0;37,0;569649,0675175646;5517733,074541176;0,164;3,877750107664987e-05;-0,4324230236160665;1817,3701171875
2024-08-29;1;0,0238;0,0014;0,0054;0,0003;49,8047;9,95642;31,2;0,8333333333333333;194,0;0,0;38,0;568820,5605106109;5517355,496720748;0,1766666666666666;3,518241589411668e-05;-0,4354360327932056;1817,3701171875
2024-08-30;5456;0,037;0,0024;0,0089;0,0008;49,802;9,944;30,1;0,9444444444444444;58,0;0,0;45,0;567930,6533392705;5517043,993212319;;4,5633645640923254e-05;-0,14428159594537177;2040,0048828125
2024-08-30;9094;0,006;0,0003;0,0005;0,0;49,796;9,902;30,7;0,9166666666666666;49,0;0,0;42,0;564916,3789284342;5516339,731191984;;5,360753990399084e-05;-0,19334302810459497;2040,0048828125
2024-08-30;10645;0,0166;0,0007;0,0026;0,0001;49,782;9,932;30,6;0,8611111111111112;45,0;0,0;43,0;567094,7661046094;5514809,631751885;;4,592591371236756e-05;-0,3153756401055773;2040,0048828125
2024-08-30;13975;0,04;0,002;0,009;0,0005;49,792;9,946;30,1;0,9444444444444444;58,0;0,0;45,0;568088,5932671656;5515934,024955345;;4,886459197780891e-05;-0,18145014697721557;2040,0048828125
2024-08-30;15449;0,0349;0,0015;0,0079;0,0003;49,784;9,934;30,6;0,8611111111111112;45,0;0,0;43,0;567235,976097938;5515033,77807713;;4,567883412592798e-05;-0,15136595199880923;2040,0048828125
2024-08-30;19623;0,0238;0,0012;0,0031;0,0002;49,798;9,928;30,6;0,8611111111111112;54,0;0,0;44,0;566784,8051692393;5516584,912229571;;4,563364564091768e-05;-0,1442815959453541;2040,0048828125
2024-08-30;25049;0,0045;0,0002;0,0008;0,0;49,814;9,918;29,2;0,7222222222222222;56,0;0,0;49,0;566043,3787976378;5518354,912347081;;4,563364564091768e-05;-0,1442815959453541;2040,0048828125
2024-08-30;46505;0,0123;0,0008;0,0023;0,0002;49,808;9,968;29,7;1,0;37,0;0,0;46,0;569649,0675175646;5517733,074541176;;4,563364564091691e-05;-0,14428159594535173;2040,0048828125
2024-08-30;1;0,0297;0,0017;0,0071;0,0003;49,8047;9,95642;30,1;0,9444444444444444;58,0;0,0;45,0;568820,5605106109;5517355,496720748;;4,5633645640923254e-05;-0,14428159594537177;2040,0048828125
2024-08-31;5456;0,033;0,0011;0,0079;0,0003;49,802;9,944;27,1;3,944444444444444;54,0;0,0;53,0;567930,6533392705;5517043,993212319;0,258;3,265862635915525e-05;-0,5123245212095826;887,425537109375
2024-08-31;9094;0,005;0,0001;0,0004;0,0;49,796;9,902;27,4;3,4444444444444446;54,0;0,0;51,0;564916,3789284342;5516339,731191984;0,2506666666666666;2,9562194805568973e-05;-0,5103929415627484;887,425537109375
2024-08-31;10645;0,0143;0,0004;0,0024;0,0001;49,782;9,932;27,6;3,555555555555556;52,0;0,0;52,0;567094,7661046094;5514809,631751885;0,25;2,9778112548231604e-05;-0,5023505836725705;887,425537109375
2024-08-31;13975;0,0329;0,0012;0,0075;0,0003;49,792;9,946;27,1;3,944444444444444;54,0;0,0;53,0;568088,5932671656;5515934,024955345;0,252;2,9778112548227965e-05;-0,5023505836725091;887,425537109375
2024-08-31;15449;0,0305;0,0009;0,0066;0,0002;49,784;9,934;27,6;3,555555555555556;52,0;0,0;52,0;567235,976097938;5515033,77807713;0,2513333333333333;2,9778112548227965e-05;-0,5023505836725091;887,425537109375
2024-08-31;19623;0,021;0,0007;0,003;0,0001;49,798;9,928;27,5;3,7777777777777777;58,0;0,0;52,0;566784,8051692393;5516584,912229571;0,2626666666666667;2,9778112548227965e-05;-0,5023505836725091;887,425537109375
2024-08-31;25049;0,004;0,0001;0,0007;0,0;49,814;9,918;26,2;3,944444444444444;60,0;0,0;56,0;566043,3787976378;5518354,912347081;0,2576666666666667;3,268948421464208e-05;-0,5124313682317587;887,425537109375
2024-08-31;46505;0,0107;0,0004;0,002;0,0001;49,808;9,968;26,9;3,6944444444444446;52,0;0,0;53,0;569649,0675175646;5517733,074541176;0,2453333333333333;3,268948421464153e-05;-0,5124313682317502;887,425537109375
2024-08-31;1;0,0245;0,0009;0,0051;0,0002;49,8047;9,95642;27,1;3,944444444444444;54,0;0,0;53,0;568820,5605106109;5517355,496720748;0,2596666666666667;3,268948421464607e-05;-0,5124313682318213;887,425537109375
